Checkout: C:\Users\balla\Documents\Brawl Decompile\brawl (rsbe01_01-support)
Step 1/5: preflight
  Codex branches with new commits: codex/finish (3)
  Our in-progress TUs to re-check: 9
$ C:\Users\balla\Documents\Brawl Decompile\.venv\Scripts\ninja.exe
[1/3] CHECK config\RSBE01_01\binary-manifest.json
127 files OK
OK: 127/127 binaries verified
[2/3] REPORT
 INFO Loading project .
 INFO Generating report for 4396 units (using 16 threads)
 INFO Report generated in 11.765s
 INFO Writing to build\RSBE01_01\report.json
[3/3] PROGRESS
Progress:
  All: 1.43% matched, 1.18% linked (524 / 4396 files)
    Code: 225776 / 15833548 bytes (3032 / 92523 functions)
    Data: 840208 / 5667452 bytes (14.83%)
  DOL: 1.37% matched, 0.85% linked (65 / 1722 files)
    Code: 57172 / 4170064 bytes (511 / 14278 functions)
    Data: 6720 / 1724104 bytes (0.39%)
  Modules: 1.45% matched, 1.29% linked (459 / 2674 files)
    Code: 168604 / 11663484 bytes (2521 / 78245 functions)
    Data: 833488 / 3943348 bytes (21.14%)
PASS: OK: 127/127 binaries verified
Step 2/5: integrate Codex branches
Cherry-picking e5b5e9e Fix Target-break data ordering and narrow remaining code differences
Cherry-picking 90d4a16 Match Tengan Floor animation helpers and epilogue boundary
Cherry-picking fd966e0 Recover Oldin literal ordering and observed timer values
Clean rebuild of all source objects
Clearing compiled-source cache C:\Users\balla\Documents\Brawl Decompile\brawl\build\RSBE01_01\src
$ C:\Users\balla\Documents\Brawl Decompile\.venv\Scripts\ninja.exe
[1/2] SPLIT config\RSBE01_01\config.yml
 INFO Loading config\RSBE01_01\config.yml
 INFO Loading and analyzing 127 modules (using 16 threads)
 INFO Initial analysis completed in 45.841s (found 92522 functions)
 INFO Rebuilding relocations and splitting
 WARN module{name=ft_marth id=106}: Alignment for mo_fighter/ft_marth/ft_marth_status_uniq_process_special_hi.cpp .data expected 8, but starts at 4:0x00005584
 INFO Splitting completed in 6.067s (wrote 4396 objects)
 INFO Total time: 52.473s
[2/2] RUN configure.py
[1/480] MWCC build\RSBE01_01\src\global_destructor_chain.o
[2/480] MWCC build\RSBE01_01\src\mo_scene\sora_scene\sc_demo.o
[3/480] MWCC build\RSBE01_01\src\mo_scene\sora_scene\sc_staffroll.o
[4/480] MWCC build\RSBE01_01\src\mo_scene\sora_scene\sc_tutorial.o
[5/480] MWCC build\RSBE01_01\src\mo_scene\sora_scene\sc_seal_list.o
[6/480] MWCC build\RSBE01_01\src\mo_scene\sora_scene\sc_adv_selchar.o
[7/480] MWCC build\RSBE01_01\src\mo_scene\sora_scene\sc_net_time_result.o
[8/480] MWCC build\RSBE01_01\src\mo_menu\mo_menu.o
[9/480] MWCC build\RSBE01_01\src\mo_scene\sora_scene\sc_adv_saveload.o
[10/480] MWCC build\RSBE01_01\src\home_button_icon.o
[11/480] MWCC build\RSBE01_01\src\mo_menu\sora_menu_sel_char_access\sel_char_access.o
[12/480] MWCC build\RSBE01_01\src\mo_scene\sora_scene\sc_seal_disp.o
[13/480] MWCC build\RSBE01_01\src\mo_scene\mo_scene.o
[14/480] MWCC build\RSBE01_01\src\mo_scene\sora_scene\sc_adv_result.o
[15/480] MWCC build\RSBE01_01\src\mo_melee\sora_melee\so\so_heap_module_impl.o
[16/480] MWCC build\RSBE01_01\src\mo_melee\sora_melee\so\so_general_work_abstract.o
[17/480] MWCC build\RSBE01_01\src\mo_melee\sora_melee\so\so_general_work_simple.o
[18/480] MWCC build\RSBE01_01\src\mo_scene\sora_scene\sc_adv_diff.o
### mwcceppc.exe Compiler:
#    File: src\mo_scene\sora_scene\sc_adv_diff.cpp
# ------------------------------------------------
#      67: }  
# Warning: ^
#   (33058) <string not found>
[19/480] MWCC build\RSBE01_01\src\mo_melee\sora_melee\so\so_general_work.o
[20/480] MWCC build\RSBE01_01\src\mo_melee\sora_melee\so\anim\so_anim_chr.o
[21/480] MWCC build\RSBE01_01\src\mo_adv_menu\mo_adv_menu.o
[22/480] MWCC build\RSBE01_01\src\mo_melee\sora_melee\so\model\so_model_virtual_node.o
[23/480] MWCC build\RSBE01_01\src\mo_melee\sora_melee\so\so_resource_module_impl.o
[24/480] MWCC build\RSBE01_01\src\mo_melee\sora_melee\so\model\so_model_module_simple.o
[25/480] MWCC build\RSBE01_01\src\mo_melee\sora_melee\ft\ft_class_info.o
[26/480] MWCC build\RSBE01_01\src\mo_melee\mo_melee.o
[27/480] MWCC build\RSBE01_01\src\mo_adv_stage\mo_adv_stage.o
[28/480] MWCC build\RSBE01_01\src\mo_melee\sora_melee\so\so_common_data_accesser.o
[29/480] MWCC build\RSBE01_01\src\mo_melee\sora_melee\so\so_photo_call_back.o
[30/480] MWCC build\RSBE01_01\src\mo_enemy\sora_enemy\wnem\wn_em_heap_module_impl.o
[31/480] MWCC build\RSBE01_01\src\mo_adv_menu\sora_adv_menu_telop\mu_adv_telop_task.o
[32/480] MWCC build\RSBE01_01\src\mo_melee\sora_melee\so\model\so_model_module_impl_variable.o
[33/480] MWCC build\RSBE01_01\src\mo_enemy\sora_enemy\wnem\wn_em_resource_module_impl.o
[34/480] MWCC build\RSBE01_01\src\mo_melee\sora_melee\so\so_module_accesser.o
[35/480] MWCC build\RSBE01_01\src\mo_melee\sora_melee\so\so_controller_module_link_ref.o
[36/480] MWCC build\RSBE01_01\src\mo_melee\sora_melee\so\anim\so_anim_cmd_interpreter_effect.o
[37/480] MWCC build\RSBE01_01\src\mo_melee\sora_melee\ft\ft_extend_param_accesser.o
[38/480] MWCC build\RSBE01_01\src\mo_melee\sora_melee\ft\ft_fighter_build_data.o
### mwcceppc.exe Compiler:
#      In: include\lib\BrawlHeaders\Brawl\Include\so\so_module_accesser_build_data.h
#    From: src\mo_melee\sora_melee\ft\ft_fighter_build_data.cpp
# -------------------------------------------------------------
#      31:         return rect;  
# Warning:                    ^
#   (10326) function result is a pointer/reference to an automatic/temporary 
#   variable
[39/480] MWCC build\RSBE01_01\src\mo_melee\sora_melee\st\st_common_gimmick.o
[40/480] MWCC build\RSBE01_01\src\mo_adv_stage\gr_adventure_final.o
[41/480] MWCC build\RSBE01_01\src\mo_enemy\sora_enemy\stop\em_stop_module_impl.o
[42/480] MWCC build\RSBE01_01\src\mo_enemy\sora_enemy\em_extend_param_accesser.o
[43/480] MWCC build\RSBE01_01\src\mo_enemy\sora_enemy\resource\em_resource_module_impl.o
[44/480] MWCC build\RSBE01_01\src\mo_enemy\sora_enemy\em_create.o
[45/480] MWCC build\RSBE01_01\src\mo_enemy\sora_enemy\em_target_search_unit.o
[46/480] MWCC build\RSBE01_01\src\mo_enemy\sora_enemy\boobas\em_boobas_param_accesser.o
[47/480] MWCC build\RSBE01_01\src\mo_enemy\sora_enemy\wnem\wn_em_report.o
[48/480] MWCC build\RSBE01_01\src\mo_enemy\sora_enemy\em_info.o
[49/480] MWCC build\RSBE01_01\src\mo_enemy\sora_enemy\siralamos\em_siralamos_param_accesser.o
[50/480] MWCC build\RSBE01_01\src\mo_enemy\sora_enemy\roada\em_roada_param_accesser.o
[51/480] MWCC build\RSBE01_01\src\mo_enemy\sora_enemy\killer\em_killer_param_accesser.o
[52/480] MWCC build\RSBE01_01\src\mo_enemy\sora_enemy\popperam\em_popperam_param_accesser.o
[53/480] MWCC build\RSBE01_01\src\mo_enemy\sora_enemy\pacci\em_pacci_param_accesser.o
[54/480] MWCC build\RSBE01_01\src\mo_enemy\sora_enemy\jyakeel\em_jyakeel_param_accesser.o
[55/480] MWCC build\RSBE01_01\src\mo_enemy\sora_enemy\aroaros\em_aroaros_param_accesser.o
[56/480] MWCC build\RSBE01_01\src\mo_enemy\sora_enemy\cymal\em_cymal_param_accesser.o
[57/480] MWCC build\RSBE01_01\src\mo_enemy\sora_enemy\deathpod\em_deathpod_param_accesser.o
[58/480] MWCC build\RSBE01_01\src\mo_enemy\sora_enemy\dekakuribo\em_dekakuribo_param_accesser.o
[59/480] MWCC build\RSBE01_01\src\mo_enemy\sora_enemy\bucyulus\em_bucyulus_param_accesser.o
[60/480] MWCC build\RSBE01_01\src\mo_enemy\sora_enemy\botron\em_botron_param_accesser.o
[61/480] MWCC build\RSBE01_01\src\mo_enemy\sora_enemy\gyraan\em_gyraan_param_accesser.o
[62/480] MWCC build\RSBE01_01\src\mo_enemy\sora_enemy\mite\em_mite_param_accesser.o
[63/480] MWCC build\RSBE01_01\src\mo_enemy\sora_enemy\prim\em_prim_param_accesser.o
[64/480] MWCC build\RSBE01_01\src\mo_enemy\sora_enemy\cataguard\em_cataguard_param_accesser.o
[65/480] MWCC build\RSBE01_01\src\mo_enemy\sora_enemy\kuribo\em_kuribo_param_accesser.o
[66/480] MWCC build\RSBE01_01\src\mo_enemy\sora_enemy\flows\em_flows_param_accesser.o
[67/480] MWCC build\RSBE01_01\src\mo_enemy\sora_enemy\tautau\em_tautau_param_accesser.o
[68/480] MWCC build\RSBE01_01\src\mo_enemy\sora_enemy\shelly\em_shelly_param_accesser.o
[69/480] MWCC build\RSBE01_01\src\mo_enemy\sora_enemy\teckin\em_teckin_param_accesser.o
[70/480] MWCC build\RSBE01_01\src\mo_enemy\sora_enemy\spar\em_spar_param_accesser.o
[71/480] MWCC build\RSBE01_01\src\mo_enemy\sora_enemy\hammerbros\em_hammerbros_param_accesser.o
[72/480] MWCC build\RSBE01_01\src\mo_enemy\sora_enemy\kokkon\em_kokkon_param_accesser.o
[73/480] MWCC build\RSBE01_01\src\mo_enemy\sora_enemy\bombhead\em_bombhead_param_accesser.o
[74/480] MWCC build\RSBE01_01\src\mo_enemy\sora_enemy\ngagog\em_ngagog_param_accesser.o
[75/480] MWCC build\RSBE01_01\src\mo_enemy\sora_enemy\faulong\em_faulong_param_accesser.o
[76/480] MWCC build\RSBE01_01\src\mo_enemy\sora_enemy\bitan\em_bitan_param_accesser.o
[77/480] MWCC build\RSBE01_01\src\mo_enemy\sora_enemy\patapata\em_patapata_param_accesser.o
[78/480] MWCC build\RSBE01_01\src\mo_enemy\sora_enemy\jdus\em_jdus_param_accesser.o
[79/480] MWCC build\RSBE01_01\src\mo_enemy\sora_enemy\ghamgha\em_ghamgha_param_accesser.o
[80/480] MWCC build\RSBE01_01\src\mo_enemy\sora_enemy\robobeam\em_robobeam_param_accesser.o
[81/480] MWCC build\RSBE01_01\src\mo_enemy\sora_enemy\robohoming\em_robohoming_param_accesser.o
[82/480] MWCC build\RSBE01_01\src\mo_enemy\sora_enemy\robodistance\em_robodistance_param_accesser.o
[83/480] MWCC build\RSBE01_01\src\mo_enemy\sora_enemy\arman\wnem_proc_arman.o
[84/480] MWCC build\RSBE01_01\src\mo_enemy\sora_enemy\robopunch\em_robopunch_param_accesser.o
[85/480] MWCC build\RSBE01_01\src\mo_enemy\sora_enemy\arman\em_arman_param_accesser.o
[86/480] MWCC build\RSBE01_01\src\mo_enemy\sora_enemy\galfire\em_galfire_param_accesser.o
[87/480] MWCC build\RSBE01_01\src\mo_enemy\mo_enemy.o
[88/480] MWCC build\RSBE01_01\src\mo_enemy\sora_enemy\bosspackun\em_bosspackun_param_accesser.o
[89/480] MWCC build\RSBE01_01\src\mo_stage\mo_stage.o
[90/480] MWCC build\RSBE01_01\src\mo_enemy\sora_enemy\ghamghabase\em_ghamghabase_param_accesser.o
[91/480] MWCC build\RSBE01_01\src\mo_enemy\sora_enemy\galleom\em_galleom_param_accesser.o
[92/480] MWCC build\RSBE01_01\src\mo_enemy\sora_enemy\ridley\em_ridley_param_accesser.o
[93/480] MWCC build\RSBE01_01\src\mo_enemy\sora_enemy\rayquaza\em_rayquaza_param_accesser.o
[94/480] MWCC build\RSBE01_01\src\mo_enemy\sora_enemy\rayquaza\wnem_proc_rayquaza.o
[95/480] MWCC build\RSBE01_01\src\mo_enemy\sora_enemy\duon\em_duon_param_accesser.o
[96/480] MWCC build\RSBE01_01\src\mo_enemy\sora_enemy\porky\em_porky_param_accesser.o
[97/480] MWCC build\RSBE01_01\src\mo_enemy\sora_enemy\metaridley\em_metaridley_param_accesser.o
[98/480] MWCC build\RSBE01_01\src\mo_enemy\sora_enemy\falconflyer\em_falconflyer_param_accesser.o
[99/480] MWCC build\RSBE01_01\src\mo_enemy\sora_enemy\taboo\wnem_proc_taboo.o
[100/480] MWCC build\RSBE01_01\src\mo_enemy\sora_enemy\taboo\em_taboo_param_accesser.o
[101/480] MWCC build\RSBE01_01\src\mo_enemy\sora_enemy\masterhand\em_masterhand_param_accesser.o
[102/480] MWCC build\RSBE01_01\src\mo_enemy\sora_enemy\crazyhand\em_crazyhand_param_accesser.o
[103/480] MWCC build\RSBE01_01\src\mo_stage\st_battles\gr_battles.o
[104/480] MWCC build\RSBE01_01\src\mo_stage\st_config\gr_config.o
[105/480] MWCC build\RSBE01_01\src\mo_stage\st_final\gr_final.o
[106/480] MWCC build\RSBE01_01\src\mo_stage\st_oldin\gr_oldin.o
[107/480] MWCC build\RSBE01_01\src\mo_stage\st_crayon\gr_crayon_yakumono.o
[108/480] MWCC build\RSBE01_01\src\mo_stage\st_battles\st_battles.o
[109/480] MWCC build\RSBE01_01\src\mo_stage\st_tengan\gr_tengan.o
[110/480] MWCC build\RSBE01_01\src\mo_stage\st_tengan\gr_tengan_bg.o
[111/480] MWCC build\RSBE01_01\src\mo_stage\st_config\st_config.o
[112/480] MWCC build\RSBE01_01\src\mo_stage\st_starfox\st_starfox.o
[113/480] MWCC build\RSBE01_01\src\mo_stage\st_tengan\gr_tengan_ashiba.o
[114/480] MWCC build\RSBE01_01\src\mo_stage\st_newpork\gr_newpork.o
[115/480] MWCC build\RSBE01_01\src\mo_stage\st_final\st_final.o
[116/480] MWCC build\RSBE01_01\src\mo_fighter\mo_fighter.o
[117/480] MWCC build\RSBE01_01\src\mo_stage\st_dxshrine\gr_dxshrine.o
[118/480] MWCC build\RSBE01_01\src\sora\sr\sr_getappname.o
[119/480] MWCC build\RSBE01_01\src\mo_stage\st_crayon\st_crayon.o
[120/480] MWCC build\RSBE01_01\src\sora\sr\sr_revision.o
[121/480] MWCC build\RSBE01_01\src\mo_stage\st_greenhill\st_greenhill.o
[122/480] MWCC build\RSBE01_01\src\sora\gf\gf_3d_scene_event.o
[123/480] MWCC build\RSBE01_01\src\sora\main.o
[124/480] MWCC build\RSBE01_01\src\sora\gf\gf_archive_load_thread.o
[125/480] MWCC build\RSBE01_01\src\sora\sr\sr_common.o
[126/480] MWCC build\RSBE01_01\src\mo_stage\st_tengan\gr_tengan_floor.o
[127/480] MWCC build\RSBE01_01\src\sora\gf\gf_callback.o
[128/480] MWCC build\RSBE01_01\src\sora\gf\gf_decomp.o
[129/480] MWCC build\RSBE01_01\src\sora\gf\gf_camera_controller.o
[130/480] MWCC build\RSBE01_01\src\sora\gf\gf_archive_file.o
[131/480] MWCC build\RSBE01_01\src\sora\gf\gf_archive_db.o
[132/480] MWCC build\RSBE01_01\src\sora\gf\gf_archive_manager.o
[133/480] MWCC build\RSBE01_01\src\sora\gf\gf_3d_scene_light_resource.o
[134/480] MWCC build\RSBE01_01\src\mo_stage\st_dxyorster\st_dxyorster.o
[135/480] MWCC build\RSBE01_01\src\sora\gf\gf_gameframe_counter.o
[136/480] MWCC build\RSBE01_01\src\mo_stage\st_dxshrine\st_dxshrine.o
[137/480] MWCC build\RSBE01_01\src\mo_stage\st_dxbigblue\gr_dxbigblue.o
[138/480] MWCC build\RSBE01_01\src\sora\gf\gf_pad_queue.o
[139/480] MWCC build\RSBE01_01\src\mo_stage\st_dxcorneria\gr_dxcorneria.o
[140/480] MWCC build\RSBE01_01\src\sora\gf\gf_pad_thread.o
[141/480] MWCC build\RSBE01_01\src\sora\gf\gf_task.o
[142/480] MWCC build\RSBE01_01\src\sora\gf\gf_file_io_handle.o
[143/480] MWCC build\RSBE01_01\src\sora\gf\gf_file_io_request.o
[144/480] MWCC build\RSBE01_01\src\sora\gf\gf_memory_util.o
[145/480] MWCC build\RSBE01_01\src\sora\gf\gf_system_callback.o
[146/480] MWCC build\RSBE01_01\src\sora\gf\gf_slow_manager.o
[147/480] MWCC build\RSBE01_01\src\sora\gf\gf_thread.o
[148/480] MWCC build\RSBE01_01\src\sora\gf\gf_keep_fb.o
[149/480] MWCC build\RSBE01_01\src\sora\gf\gf_monitor.o
[150/480] MWCC build\RSBE01_01\src\sora\mt\mt_prng.o
[151/480] MWCC build\RSBE01_01\src\mo_stage\st_tbreak\gr_tbreak.o
[152/480] MWCC build\RSBE01_01\src\sora\gf\gf_capture_util.o
[153/480] MWCC build\RSBE01_01\src\sora\ut\ut_list.o
[154/480] MWCC build\RSBE01_01\src\sora\st\module.o
[155/480] MWCC build\RSBE01_01\src\mo_stage\st_otrain\st_onlinetrainning.o
[156/480] MWCC build\RSBE01_01\src\sora\ef\ef_screen_handle.o
[157/480] MWCC build\RSBE01_01\src\sora\ip\ip_human.o
[158/480] MWCC build\RSBE01_01\src\sora\gf\gf_resource_loader.o
[159/480] MWCC build\RSBE01_01\src\sora\mv\mv_THPAudioDecode.o
[160/480] MWCC build\RSBE01_01\src\sora\mt\mt_prng_log.o
[161/480] MWCC build\RSBE01_01\src\mo_stage\st_dxgarden\st_dxgarden.o
[162/480] MWCC build\RSBE01_01\src\sora\cm\cm_controller_default.o
[163/480] MWCC build\RSBE01_01\src\sora\cm\cm_controller_menu_fixed.o
[164/480] MWCC build\RSBE01_01\src\sora\gf\gf_error_check.o
[165/480] MWCC build\RSBE01_01\src\sora\cm\cm_controller_melee_fixed.o
[166/480] MWCC build\RSBE01_01\src\sora\ut\ut_nw.o
[167/480] MWCC build\RSBE01_01\src\sora\gf\gf_error_manager.o
[168/480] MWCC build\RSBE01_01\src\sora\if\if_wifipr_task.o
[169/480] MWCC build\RSBE01_01\src\sora\if\if_adv_task.o
[170/480] MWCC build\RSBE01_01\src\sora\mv\mv_THPRead.o
[171/480] MWCC build\RSBE01_01\src\sora\gr\collision\gr_collision_shape.o
[172/480] MWCC build\RSBE01_01\src\sora\gr\collision\gr_collision_data.o
[173/480] MWCC build\RSBE01_01\src\sora\gr\collision\gr_collision_shape_rhombus.o
[174/480] MWCC build\RSBE01_01\src\sora\gr\gr_path.o
[175/480] MWCC build\RSBE01_01\src\sora\gr\collision\gr_collision_shape_circle.o
[176/480] MWCC build\RSBE01_01\src\sora\ft\ft_system.o
[177/480] MWCC build\RSBE01_01\src\sora\nt\nt_offline.o
[178/480] MWCC build\RSBE01_01\src\sora\ec\ec_trace_mgr.o
[179/480] MWCC build\RSBE01_01\src\sora\cm\cm_stage_param.o
[180/480] MWCC build\RSBE01_01\src\sora\gf\gf_shutdown_manager.o
[181/480] MWCC build\RSBE01_01\src\sora\nt\nt_etc_so.o
[182/480] MWCC build\RSBE01_01\src\sora\ac\ac_anim_cmd_impl.o
[183/480] MWCC build\RSBE01_01\src\sora\nt\d_net_connect.o
[184/480] MWCC build\RSBE01_01\src\sora\ac\ac_null.o
[185/480] MWCC build\RSBE01_01\src\sora\ad\ad_static_data.o
[186/480] MWCC build\RSBE01_01\src\sora\gr\collision\gr_collision_handle.o
[187/480] MWCC build\RSBE01_01\src\sora\if\if_stgedit.o
[188/480] LINK build\RSBE01_01\sora_menu_tour\sora_menu_tour.preplf
[189/480] LINK build\RSBE01_01\sora_menu_qm\sora_menu_qm.preplf
[190/480] MWCC build\RSBE01_01\src\sora\nt\nt_etc_dwc.o
[191/480] LINK build\RSBE01_01\sora_scene\sora_scene.preplf
[192/480] LINK build\RSBE01_01\sora_menu_collect_viewer\sora_menu_collect_viewer.preplf
[193/480] LINK build\RSBE01_01\sora_menu_main\sora_menu_main.preplf
[194/480] MWCC build\RSBE01_01\src\sora\st\st_data_container.o
[195/480] MWCC build\RSBE01_01\src\sora\snd\snd_init_thread.o
[196/480] MWCC build\RSBE01_01\src\sora\st\st_data_container_multi.o
[197/480] MWCC build\RSBE01_01\src\sora\st\st_data_container_magic.o
[198/480] LINK build\RSBE01_01\sora_menu_snap_shot\sora_menu_snap_shot.preplf
[199/480] LINK build\RSBE01_01\sora_menu_replay\sora_menu_replay.preplf
[200/480] MWCC build\RSBE01_01\src\mo_stage\st_heal\st_heal.o
[201/480] LINK build\RSBE01_01\sora_menu_game_over\sora_menu_game_over.preplf
[202/480] LINK build\RSBE01_01\sora_menu_intro\sora_menu_intro.preplf
[203/480] LINK build\RSBE01_01\sora_menu_edit\sora_menu_edit.preplf
[204/480] LINK build\RSBE01_01\sora_menu_sel_char\sora_menu_sel_char.preplf
[205/480] LINK build\RSBE01_01\sora_menu_event\sora_menu_event.preplf
[206/480] LINK build\RSBE01_01\sora_menu_watch\sora_menu_watch.preplf
[207/480] LINK build\RSBE01_01\sora_menu_sel_stage\sora_menu_sel_stage.preplf
[208/480] LINK build\RSBE01_01\sora_menu_rule\sora_menu_rule.preplf
[209/480] LINK build\RSBE01_01\sora_menu_name\sora_menu_name.preplf
[210/480] LINK build\RSBE01_01\sora_menu_friend_list\sora_menu_friend_list.preplf
[211/480] LINK build\RSBE01_01\sora_menu_sel_char_access\sora_menu_sel_char_access.preplf
[212/480] LINK build\RSBE01_01\sora_minigame\sora_minigame.preplf
[213/480] LINK build\RSBE01_01\sora_menu_simple_ending\sora_menu_simple_ending.preplf
[214/480] LINK build\RSBE01_01\sora_menu_time_result\sora_menu_time_result.preplf
[215/480] LINK build\RSBE01_01\sora_menu_boot\sora_menu_boot.preplf
[216/480] LINK build\RSBE01_01\sora_menu_challenger\sora_menu_challenger.preplf
[217/480] LINK build\RSBE01_01\sora_menu_title_sunset\sora_menu_title_sunset.preplf
[218/480] LINK build\RSBE01_01\sora_menu_title\sora_menu_title.preplf
[219/480] LINK build\RSBE01_01\sora_menu_fig_get_demo\sora_menu_fig_get_demo.preplf
[220/480] LINK build\RSBE01_01\sora_adv_menu_visual\sora_adv_menu_visual.preplf
[221/480] LINK build\RSBE01_01\sora_adv_menu_sel_char\sora_adv_menu_sel_char.preplf
[222/480] LINK build\RSBE01_01\sora_adv_menu_name\sora_adv_menu_name.preplf
[223/480] LINK build\RSBE01_01\sora_adv_menu_game_over\sora_adv_menu_game_over.preplf
[224/480] LINK build\RSBE01_01\sora_adv_menu_result\sora_adv_menu_result.preplf
[225/480] LINK build\RSBE01_01\sora_adv_menu_sel_map\sora_adv_menu_sel_map.preplf
[226/480] LINK build\RSBE01_01\sora_adv_menu_seal\sora_adv_menu_seal.preplf
[227/480] LINK build\RSBE01_01\sora_adv_menu_difficulty\sora_adv_menu_difficulty.preplf
[228/480] LINK build\RSBE01_01\sora_adv_menu_ending\sora_adv_menu_ending.preplf
[229/480] LINK build\RSBE01_01\sora_adv_menu_save_load\sora_adv_menu_save_load.preplf
[230/480] LINK build\RSBE01_01\sora_adv_menu_save_point\sora_adv_menu_save_point.preplf
[231/480] LINK build\RSBE01_01\sora_adv_menu_telop\sora_adv_menu_telop.preplf
[232/480] LINK build\RSBE01_01\st_battle\st_battle.preplf
[233/480] LINK build\RSBE01_01\st_battles\st_battles.preplf
[234/480] LINK build\RSBE01_01\st_config\st_config.preplf
[235/480] LINK build\RSBE01_01\st_final\st_final.preplf
[236/480] LINK build\RSBE01_01\st_dolpic\st_dolpic.preplf
[237/480] LINK build\RSBE01_01\st_mansion\st_mansion.preplf
[238/480] LINK build\RSBE01_01\st_donkey\st_donkey.preplf
[239/480] LINK build\RSBE01_01\st_kart\st_kart.preplf
[240/480] LINK build\RSBE01_01\st_mariopast\st_mariopast.preplf
[241/480] LINK build\RSBE01_01\st_pirates\st_pirates.preplf
[242/480] LINK build\RSBE01_01\st_jungle\st_jungle.preplf
[243/480] LINK build\RSBE01_01\sora_adv_stage\sora_adv_stage.preplf
[244/480] LINK build\RSBE01_01\st_oldin\st_oldin.preplf
[245/480] LINK build\RSBE01_01\st_norfair\st_norfair.preplf
[246/480] LINK build\RSBE01_01\st_orpheon\st_orpheon.preplf
[247/480] LINK build\RSBE01_01\st_crayon\st_crayon.preplf
[248/480] LINK build\RSBE01_01\st_halberd\st_halberd.preplf
[249/480] LINK build\RSBE01_01\st_starfox\st_starfox.preplf
[250/480] LINK build\RSBE01_01\st_ice\st_ice.preplf
[251/480] LINK build\RSBE01_01\st_gw\st_gw.preplf
[252/480] LINK build\RSBE01_01\st_madein\st_madein.preplf
[253/480] LINK build\RSBE01_01\st_tengan\st_tengan.preplf
[254/480] LINK build\RSBE01_01\st_fzero\st_fzero.preplf
[255/480] LINK build\RSBE01_01\st_emblem\st_emblem.preplf
[256/480] LINK build\RSBE01_01\st_stadium\st_stadium.preplf
[257/480] LINK build\RSBE01_01\st_earth\st_earth.preplf
[258/480] LINK build\RSBE01_01\st_palutena\st_palutena.preplf
[259/480] LINK build\RSBE01_01\st_village\st_village.preplf
[260/480] LINK build\RSBE01_01\st_pictchat\st_pictchat.preplf
[261/480] LINK build\RSBE01_01\st_newpork\st_newpork.preplf
[262/480] LINK build\RSBE01_01\st_greenhill\st_greenhill.preplf
[263/480] LINK build\RSBE01_01\st_dxyorster\st_dxyorster.preplf
[264/480] LINK build\RSBE01_01\st_dxgreens\st_dxgreens.preplf
[265/480] LINK build\RSBE01_01\st_dxbigblue\st_dxbigblue.preplf
[266/480] LINK build\RSBE01_01\st_plankton\st_plankton.preplf
[267/480] LINK build\RSBE01_01\st_metalgear\st_metalgear.preplf
[268/480] LINK build\RSBE01_01\st_dxrcruise\st_dxrcruise.preplf
[269/480] LINK build\RSBE01_01\st_dxgarden\st_dxgarden.preplf
[270/480] LINK build\RSBE01_01\st_dxcorneria\st_dxcorneria.preplf
[271/480] LINK build\RSBE01_01\st_famicom\st_famicom.preplf
[272/480] LINK build\RSBE01_01\st_dxonett\st_dxonett.preplf
[273/480] LINK build\RSBE01_01\st_dxpstadium\st_dxpstadium.preplf
[274/480] LINK build\RSBE01_01\st_dxzebes\st_dxzebes.preplf
[275/480] LINK build\RSBE01_01\sora_enemy\sora_enemy.preplf
[276/480] LINK build\RSBE01_01\st_heal\st_heal.preplf
[277/480] LINK build\RSBE01_01\st_dxshrine\st_dxshrine.preplf
[278/480] LINK build\RSBE01_01\st_otrain\st_otrain.preplf
[279/480] LINK build\RSBE01_01\st_tbreak\st_tbreak.preplf
[280/480] LINK build\RSBE01_01\st_croll\st_croll.preplf
[281/480] LINK build\RSBE01_01\st_stageedit\st_stageedit.preplf
[282/480] LINK build\RSBE01_01\st_homerun\st_homerun.preplf
[283/480] LINK build\RSBE01_01\ft_mario\ft_mario.preplf
[284/480] LINK build\RSBE01_01\ft_link\ft_link.preplf
[285/480] LINK build\RSBE01_01\ft_donkey\ft_donkey.preplf
[286/480] LINK build\RSBE01_01\ft_samus\ft_samus.preplf
[287/480] LINK build\RSBE01_01\ft_pikachu\ft_pikachu.preplf
[288/480] LINK build\RSBE01_01\ft_fox\ft_fox.preplf
[289/480] LINK build\RSBE01_01\ft_kirby\ft_kirby.preplf
[290/480] LINK build\RSBE01_01\ft_luigi\ft_luigi.preplf
[291/480] LINK build\RSBE01_01\ft_yoshi\ft_yoshi.preplf
[292/480] LINK build\RSBE01_01\ft_captain\ft_captain.preplf
[293/480] LINK build\RSBE01_01\ft_peach\ft_peach.preplf
[294/480] LINK build\RSBE01_01\ft_ness\ft_ness.preplf
[295/480] LINK build\RSBE01_01\ft_koopa\ft_koopa.preplf
[296/480] LINK build\RSBE01_01\ft_marth\ft_marth.preplf
[297/480] LINK build\RSBE01_01\ft_iceclimber\ft_iceclimber.preplf
[298/480] LINK build\RSBE01_01\ft_falco\ft_falco.preplf
[299/480] LINK build\RSBE01_01\ft_gamewatch\ft_gamewatch.preplf
[300/480] LINK build\RSBE01_01\ft_zelda\ft_zelda.preplf
[301/480] LINK build\RSBE01_01\ft_metaknight\ft_metaknight.preplf
[302/480] LINK build\RSBE01_01\ft_ganon\ft_ganon.preplf
[303/480] LINK build\RSBE01_01\ft_pikmin\ft_pikmin.preplf
[304/480] LINK build\RSBE01_01\ft_wario\ft_wario.preplf
[305/480] LINK build\RSBE01_01\ft_pit\ft_pit.preplf
[306/480] LINK build\RSBE01_01\ft_diddy\ft_diddy.preplf
[307/480] LINK build\RSBE01_01\ft_lucas\ft_lucas.preplf
[308/480] LINK build\RSBE01_01\ft_poke\ft_poke.preplf
[309/480] LINK build\RSBE01_01\ft_toonlink\ft_toonlink.preplf
[310/480] LINK build\RSBE01_01\ft_ike\ft_ike.preplf
[311/480] LINK build\RSBE01_01\ft_snake\ft_snake.preplf
[312/480] LINK build\RSBE01_01\ft_lucario\ft_lucario.preplf
[313/480] LINK build\RSBE01_01\ft_robot\ft_robot.preplf
[314/480] LINK build\RSBE01_01\ft_zako\ft_zako.preplf
[315/480] LINK build\RSBE01_01\ft_wolf\ft_wolf.preplf
[316/480] LINK build\RSBE01_01\ft_purin\ft_purin.preplf
[317/480] LINK build\RSBE01_01\ft_dedede\ft_dedede.preplf
[318/480] LINK build\RSBE01_01\sora_menu_main\sora_menu_main.plf
[319/480] LINK build\RSBE01_01\ft_sonic\ft_sonic.preplf
[320/480] LINK build\RSBE01_01\sora_menu_qm\sora_menu_qm.plf
[321/480] LINK build\RSBE01_01\sora_menu_tour\sora_menu_tour.plf
[322/480] LINK build\RSBE01_01\sora_menu_replay\sora_menu_replay.plf
[323/480] LINK build\RSBE01_01\sora_menu_event\sora_menu_event.plf
[324/480] LINK build\RSBE01_01\sora_menu_collect_viewer\sora_menu_collect_viewer.plf
[325/480] LINK build\RSBE01_01\sora_menu_sel_char\sora_menu_sel_char.plf
[326/480] LINK build\RSBE01_01\sora_scene\sora_scene.plf
### build\compilers\GC\3.0a5.2\mwldeppc.exe Linker Warning:
#   FORCEACTIVE symbol 'lbl_1_rodata_18' is either not a global symbol or 
#   doesn't exist.  Ignored.
### build\compilers\GC\3.0a5.2\mwldeppc.exe Linker Warning:
#   FORCEACTIVE symbol 'lbl_1_rodata_8C0' is either not a global symbol or 
#   doesn't exist.  Ignored.
### build\compilers\GC\3.0a5.2\mwldeppc.exe Linker Warning:
#   FORCEACTIVE symbol 'lbl_1_data_18D8' is either not a global symbol or 
#   doesn't exist.  Ignored.
### build\compilers\GC\3.0a5.2\mwldeppc.exe Linker Warning:
#   FORCEACTIVE symbol 'lbl_1_data_1900' is either not a global symbol or 
#   doesn't exist.  Ignored.
### build\compilers\GC\3.0a5.2\mwldeppc.exe Linker Warning:
#   FORCEACTIVE symbol 'lbl_1_data_190C' is either not a global symbol or 
#   doesn't exist.  Ignored.
### build\compilers\GC\3.0a5.2\mwldeppc.exe Linker Warning:
#   FORCEACTIVE symbol 'lbl_1_data_5DA0' is either not a global symbol or 
#   doesn't exist.  Ignored.
### build\compilers\GC\3.0a5.2\mwldeppc.exe Linker Warning:
#   FORCEACTIVE symbol 'lbl_1_data_5DAC' is either not a global symbol or 
#   doesn't exist.  Ignored.
### build\compilers\GC\3.0a5.2\mwldeppc.exe Linker Warning:
#   FORCEACTIVE symbol 'lbl_1_data_5DD4' is either not a global symbol or 
#   doesn't exist.  Ignored.
### build\compilers\GC\3.0a5.2\mwldeppc.exe Linker Warning:
#   FORCEACTIVE symbol 'lbl_1_data_5DE0' is either not a global symbol or 
#   doesn't exist.  Ignored.
### build\compilers\GC\3.0a5.2\mwldeppc.exe Linker Warning:
#   FORCEACTIVE symbol 'lbl_1_data_5E1C' is either not a global symbol or 
#   doesn't exist.  Ignored.
### build\compilers\GC\3.0a5.2\mwldeppc.exe Linker Warning:
#   FORCEACTIVE symbol 'lbl_1_data_5E28' is either not a global symbol or 
#   doesn't exist.  Ignored.
### build\compilers\GC\3.0a5.2\mwldeppc.exe Linker Warning:
#   FORCEACTIVE symbol 'lbl_1_data_5E48' is either not a global symbol or 
#   doesn't exist.  Ignored.
### build\compilers\GC\3.0a5.2\mwldeppc.exe Linker Warning:
#   FORCEACTIVE symbol 'lbl_1_data_5E54' is either not a global symbol or 
#   doesn't exist.  Ignored.
### build\compilers\GC\3.0a5.2\mwldeppc.exe Linker Warning:
#   FORCEACTIVE symbol 'lbl_1_data_5E74' is either not a global symbol or 
#   doesn't exist.  Ignored.
### build\compilers\GC\3.0a5.2\mwldeppc.exe Linker Warning:
#   FORCEACTIVE symbol 'lbl_1_data_5E80' is either not a global symbol or 
#   doesn't exist.  Ignored.
### build\compilers\GC\3.0a5.2\mwldeppc.exe Linker Warning:
#   FORCEACTIVE symbol 'lbl_1_data_5E88' is either not a global symbol or 
#   doesn't exist.  Ignored.
### build\compilers\GC\3.0a5.2\mwldeppc.exe Linker Warning:
#   FORCEACTIVE symbol 'lbl_1_data_5E90' is either not a global symbol or 
#   doesn't exist.  Ignored.
### build\compilers\GC\3.0a5.2\mwldeppc.exe Linker Warning:
#   FORCEACTIVE symbol 'lbl_1_data_5E98' is either not a global symbol or 
#   doesn't exist.  Ignored.
### build\compilers\GC\3.0a5.2\mwldeppc.exe Linker Warning:
#   FORCEACTIVE symbol 'lbl_1_data_5F08' is either not a global symbol or 
#   doesn't exist.  Ignored.
### build\compilers\GC\3.0a5.2\mwldeppc.exe Linker Warning:
#   FORCEACTIVE symbol 'lbl_1_data_5F14' is either not a global symbol or 
#   doesn't exist.  Ignored.
### build\compilers\GC\3.0a5.2\mwldeppc.exe Linker Warning:
#   FORCEACTIVE symbol 'lbl_1_data_6488' is either not a global symbol or 
#   doesn't exist.  Ignored.
### build\compilers\GC\3.0a5.2\mwldeppc.exe Linker Warning:
#   FORCEACTIVE symbol 'lbl_1_data_6494' is either not a global symbol or 
#   doesn't exist.  Ignored.
### build\compilers\GC\3.0a5.2\mwldeppc.exe Linker Warning:
#   FORCEACTIVE symbol 'lbl_1_data_64C8' is either not a global symbol or 
#   doesn't exist.  Ignored.
### build\compilers\GC\3.0a5.2\mwldeppc.exe Linker Warning:
#   FORCEACTIVE symbol 'lbl_1_data_64D4' is either not a global symbol or 
#   doesn't exist.  Ignored.
[327/480] LINK build\RSBE01_01\sora_menu_edit\sora_menu_edit.plf
[328/480] LINK build\RSBE01_01\sora_menu_game_over\sora_menu_game_over.plf
[329/480] LINK build\RSBE01_01\sora_menu_intro\sora_menu_intro.plf
[330/480] LINK build\RSBE01_01\sora_menu_name\sora_menu_name.plf
[331/480] LINK build\RSBE01_01\sora_menu_snap_shot\sora_menu_snap_shot.plf
[332/480] LINK build\RSBE01_01\sora_menu_friend_list\sora_menu_friend_list.plf
[333/480] LINK build\RSBE01_01\sora_menu_watch\sora_menu_watch.plf
[334/480] LINK build\RSBE01_01\sora_menu_sel_stage\sora_menu_sel_stage.plf
[335/480] LINK build\RSBE01_01\sora_menu_simple_ending\sora_menu_simple_ending.plf
[336/480] LINK build\RSBE01_01\sora_menu_rule\sora_menu_rule.plf
[337/480] LINK build\RSBE01_01\sora_menu_time_result\sora_menu_time_result.plf
[338/480] LINK build\RSBE01_01\sora_minigame\sora_minigame.plf
[339/480] LINK build\RSBE01_01\sora_menu_boot\sora_menu_boot.plf
[340/480] LINK build\RSBE01_01\sora_menu_challenger\sora_menu_challenger.plf
[341/480] LINK build\RSBE01_01\sora_menu_title\sora_menu_title.plf
[342/480] LINK build\RSBE01_01\sora_menu_title_sunset\sora_menu_title_sunset.plf
[343/480] LINK build\RSBE01_01\sora_menu_fig_get_demo\sora_menu_fig_get_demo.plf
[344/480] LINK build\RSBE01_01\sora_adv_menu_visual\sora_adv_menu_visual.plf
[345/480] LINK build\RSBE01_01\sora_adv_menu_sel_char\sora_adv_menu_sel_char.plf
[346/480] LINK build\RSBE01_01\sora_menu_sel_char_access\sora_menu_sel_char_access.plf
### build\compilers\GC\3.0a5.2\mwldeppc.exe Linker Warning:
#   FORCEACTIVE symbol 'lbl_17_section4_0' is either not a global symbol or 
#   doesn't exist.  Ignored.
[347/480] LINK build\RSBE01_01\sora_adv_menu_name\sora_adv_menu_name.plf
[348/480] LINK build\RSBE01_01\sora_adv_menu_sel_map\sora_adv_menu_sel_map.plf
[349/480] LINK build\RSBE01_01\sora_adv_menu_difficulty\sora_adv_menu_difficulty.plf
[350/480] LINK build\RSBE01_01\sora_adv_menu_result\sora_adv_menu_result.plf
[351/480] LINK build\RSBE01_01\sora_adv_menu_game_over\sora_adv_menu_game_over.plf
[352/480] LINK build\RSBE01_01\sora_adv_menu_ending\sora_adv_menu_ending.plf
[353/480] LINK build\RSBE01_01\sora_adv_menu_seal\sora_adv_menu_seal.plf
[354/480] LINK build\RSBE01_01\sora_adv_menu_save_load\sora_adv_menu_save_load.plf
[355/480] LINK build\RSBE01_01\sora_adv_menu_save_point\sora_adv_menu_save_point.plf
[356/480] LINK build\RSBE01_01\sora_adv_menu_telop\sora_adv_menu_telop.plf
### build\compilers\GC\3.0a5.2\mwldeppc.exe Linker Warning:
#   FORCEACTIVE symbol 'lbl_38_rodata_0' is either not a global symbol or 
#   doesn't exist.  Ignored.
### build\compilers\GC\3.0a5.2\mwldeppc.exe Linker Warning:
#   FORCEACTIVE symbol 'lbl_38_data_0' is either not a global symbol or 
#   doesn't exist.  Ignored.
### build\compilers\GC\3.0a5.2\mwldeppc.exe Linker Warning:
#   FORCEACTIVE symbol 'lbl_38_data_8' is either not a global symbol or 
#   doesn't exist.  Ignored.
### build\compilers\GC\3.0a5.2\mwldeppc.exe Linker Warning:
#   FORCEACTIVE symbol 'lbl_38_data_78' is either not a global symbol or 
#   doesn't exist.  Ignored.
### build\compilers\GC\3.0a5.2\mwldeppc.exe Linker Warning:
#   FORCEACTIVE symbol 'lbl_38_data_88' is either not a global symbol or 
#   doesn't exist.  Ignored.
### build\compilers\GC\3.0a5.2\mwldeppc.exe Linker Warning:
#   FORCEACTIVE symbol 'lbl_38_data_A0' is either not a global symbol or 
#   doesn't exist.  Ignored.
[357/480] LINK build\RSBE01_01\st_battles\st_battles.plf
### build\compilers\GC\3.0a5.2\mwldeppc.exe Linker Warning:
#   FORCEACTIVE symbol '__sinit_\st_battles_cpp' is either not a global symbol 
#   or doesn't exist.  Ignored.
### build\compilers\GC\3.0a5.2\mwldeppc.exe Linker Warning:
#   FORCEACTIVE symbol 'lbl_42_rodata_0' is either not a global symbol or 
#   doesn't exist.  Ignored.
### build\compilers\GC\3.0a5.2\mwldeppc.exe Linker Warning:
#   FORCEACTIVE symbol 'lbl_42_rodata_4' is either not a global symbol or 
#   doesn't exist.  Ignored.
### build\compilers\GC\3.0a5.2\mwldeppc.exe Linker Warning:
#   FORCEACTIVE symbol 'lbl_42_data_0' is either not a global symbol or 
#   doesn't exist.  Ignored.
### build\compilers\GC\3.0a5.2\mwldeppc.exe Linker Warning:
#   FORCEACTIVE symbol 'lbl_42_data_288' is either not a global symbol or 
#   doesn't exist.  Ignored.
### build\compilers\GC\3.0a5.2\mwldeppc.exe Linker Warning:
#   FORCEACTIVE symbol 'lbl_42_data_298' is either not a global symbol or 
#   doesn't exist.  Ignored.
### build\compilers\GC\3.0a5.2\mwldeppc.exe Linker Warning:
#   FORCEACTIVE symbol 'lbl_42_data_2C0' is either not a global symbol or 
#   doesn't exist.  Ignored.
### build\compilers\GC\3.0a5.2\mwldeppc.exe Linker Warning:
#   FORCEACTIVE symbol 'lbl_42_data_2C8' is either not a global symbol or 
#   doesn't exist.  Ignored.
### build\compilers\GC\3.0a5.2\mwldeppc.exe Linker Warning:
#   FORCEACTIVE symbol 'lbl_42_data_2D0' is either not a global symbol or 
#   doesn't exist.  Ignored.
### build\compilers\GC\3.0a5.2\mwldeppc.exe Linker Warning:
#   FORCEACTIVE symbol 'lbl_42_data_2F0' is either not a global symbol or 
#   doesn't exist.  Ignored.
### build\compilers\GC\3.0a5.2\mwldeppc.exe Linker Warning:
#   FORCEACTIVE symbol 'lbl_42_data_2F8' is either not a global symbol or 
#   doesn't exist.  Ignored.
### build\compilers\GC\3.0a5.2\mwldeppc.exe Linker Warning:
#   FORCEACTIVE symbol 'lbl_42_data_308' is either not a global symbol or 
#   doesn't exist.  Ignored.
### build\compilers\GC\3.0a5.2\mwldeppc.exe Linker Warning:
#   FORCEACTIVE symbol 'lbl_42_data_320' is either not a global symbol or 
#   doesn't exist.  Ignored.
### build\compilers\GC\3.0a5.2\mwldeppc.exe Linker Warning:
#   FORCEACTIVE symbol 'lbl_42_data_328' is either not a global symbol or 
#   doesn't exist.  Ignored.
### build\compilers\GC\3.0a5.2\mwldeppc.exe Linker Warning:
#   FORCEACTIVE symbol 'lbl_42_data_330' is either not a global symbol or 
#   doesn't exist.  Ignored.
### build\compilers\GC\3.0a5.2\mwldeppc.exe Linker Warning:
#   FORCEACTIVE symbol 'lbl_42_data_340' is either not a global symbol or 
#   doesn't exist.  Ignored.
### build\compilers\GC\3.0a5.2\mwldeppc.exe Linker Warning:
#   FORCEACTIVE symbol 'lbl_42_data_348' is either not a global symbol or 
#   doesn't exist.  Ignored.
### build\compilers\GC\3.0a5.2\mwldeppc.exe Linker Warning:
#   FORCEACTIVE symbol 'lbl_42_data_350' is either not a global symbol or 
#   doesn't exist.  Ignored.
### build\compilers\GC\3.0a5.2\mwldeppc.exe Linker Warning:
#   FORCEACTIVE symbol 'lbl_42_data_36C' is either not a global symbol or 
#   doesn't exist.  Ignored.
### build\compilers\GC\3.0a5.2\mwldeppc.exe Linker Warning:
#   FORCEACTIVE symbol 'lbl_42_data_390' is either not a global symbol or 
#   doesn't exist.  Ignored.
### build\compilers\GC\3.0a5.2\mwldeppc.exe Linker Warning:
#   FORCEACTIVE symbol 'lbl_42_data_3A0' is either not a global symbol or 
#   doesn't exist.  Ignored.
### build\compilers\GC\3.0a5.2\mwldeppc.exe Linker Warning:
#   FORCEACTIVE symbol 'lbl_42_data_3A8' is either not a global symbol or 
#   doesn't exist.  Ignored.
### build\compilers\GC\3.0a5.2\mwldeppc.exe Linker Warning:
#   FORCEACTIVE symbol 'lbl_42_data_3B8' is either not a global symbol or 
#   doesn't exist.  Ignored.
### build\compilers\GC\3.0a5.2\mwldeppc.exe Linker Warning:
#   FORCEACTIVE symbol 'lbl_42_data_588' is either not a global symbol or 
#   doesn't exist.  Ignored.
### build\compilers\GC\3.0a5.2\mwldeppc.exe Linker Warning:
#   FORCEACTIVE symbol 'lbl_42_data_598' is either not a global symbol or 
#   doesn't exist.  Ignored.
### build\compilers\GC\3.0a5.2\mwldeppc.exe Linker Warning:
#   FORCEACTIVE symbol 'lbl_42_data_5C0' is either not a global symbol or 
#   doesn't exist.  Ignored.
### build\compilers\GC\3.0a5.2\mwldeppc.exe Linker Warning:
#   FORCEACTIVE symbol 'lbl_42_data_5C8' is either not a global symbol or 
#   doesn't exist.  Ignored.
### build\compilers\GC\3.0a5.2\mwldeppc.exe Linker Warning:
#   FORCEACTIVE symbol 'lbl_42_data_5D4' is either not a global symbol or 
#   doesn't exist.  Ignored.
### build\compilers\GC\3.0a5.2\mwldeppc.exe Linker Warning:
#   FORCEACTIVE symbol 'lbl_42_data_5F0' is either not a global symbol or 
#   doesn't exist.  Ignored.
### build\compilers\GC\3.0a5.2\mwldeppc.exe Linker Warning:
#   FORCEACTIVE symbol 'lbl_42_data_5F8' is either not a global symbol or 
#   doesn't exist.  Ignored.
### build\compilers\GC\3.0a5.2\mwldeppc.exe Linker Warning:
#   FORCEACTIVE symbol 'lbl_42_data_604' is either not a global symbol or 
#   doesn't exist.  Ignored.
### build\compilers\GC\3.0a5.2\mwldeppc.exe Linker Warning:
#   FORCEACTIVE symbol 'lbl_42_data_618' is either not a global symbol or 
#   doesn't exist.  Ignored.
### build\compilers\GC\3.0a5.2\mwldeppc.exe Linker Warning:
#   FORCEACTIVE symbol 'lbl_42_data_620' is either not a global symbol or 
#   doesn't exist.  Ignored.
### build\compilers\GC\3.0a5.2\mwldeppc.exe Linker Warning:
#   FORCEACTIVE symbol 'lbl_42_data_628' is either not a global symbol or 
#   doesn't exist.  Ignored.
### build\compilers\GC\3.0a5.2\mwldeppc.exe Linker Warning:
#   FORCEACTIVE symbol 'lbl_42_data_638' is either not a global symbol or 
#   doesn't exist.  Ignored.
### build\compilers\GC\3.0a5.2\mwldeppc.exe Linker Warning:
#   FORCEACTIVE symbol 'lbl_42_bss_8' is either not a global symbol or doesn't 
#   exist.  Ignored.
[358/480] LINK build\RSBE01_01\st_final\st_final.plf
### build\compilers\GC\3.0a5.2\mwldeppc.exe Linker Warning:
#   FORCEACTIVE symbol '__sinit_\st_final_cpp' is either not a global symbol 
#   or doesn't exist.  Ignored.
### build\compilers\GC\3.0a5.2\mwldeppc.exe Linker Warning:
#   FORCEACTIVE symbol 'lbl_45_rodata_0' is either not a global symbol or 
#   doesn't exist.  Ignored.
### build\compilers\GC\3.0a5.2\mwldeppc.exe Linker Warning:
#   FORCEACTIVE symbol 'lbl_45_rodata_4' is either not a global symbol or 
#   doesn't exist.  Ignored.
### build\compilers\GC\3.0a5.2\mwldeppc.exe Linker Warning:
#   FORCEACTIVE symbol 'lbl_45_rodata_8' is either not a global symbol or 
#   doesn't exist.  Ignored.
### build\compilers\GC\3.0a5.2\mwldeppc.exe Linker Warning:
#   FORCEACTIVE symbol 'lbl_45_data_0' is either not a global symbol or 
#   doesn't exist.  Ignored.
### build\compilers\GC\3.0a5.2\mwldeppc.exe Linker Warning:
#   FORCEACTIVE symbol 'lbl_45_data_3C' is either not a global symbol or 
#   doesn't exist.  Ignored.
### build\compilers\GC\3.0a5.2\mwldeppc.exe Linker Warning:
#   FORCEACTIVE symbol 'lbl_45_data_258' is either not a global symbol or 
#   doesn't exist.  Ignored.
### build\compilers\GC\3.0a5.2\mwldeppc.exe Linker Warning:
#   FORCEACTIVE symbol 'lbl_45_data_260' is either not a global symbol or 
#   doesn't exist.  Ignored.
### build\compilers\GC\3.0a5.2\mwldeppc.exe Linker Warning:
#   FORCEACTIVE symbol 'lbl_45_data_288' is either not a global symbol or 
#   doesn't exist.  Ignored.
### build\compilers\GC\3.0a5.2\mwldeppc.exe Linker Warning:
#   FORCEACTIVE symbol 'lbl_45_data_290' is either not a global symbol or 
#   doesn't exist.  Ignored.
### build\compilers\GC\3.0a5.2\mwldeppc.exe Linker Warning:
#   FORCEACTIVE symbol 'lbl_45_data_298' is either not a global symbol or 
#   doesn't exist.  Ignored.
### build\compilers\GC\3.0a5.2\mwldeppc.exe Linker Warning:
#   FORCEACTIVE symbol 'lbl_45_data_2B8' is either not a global symbol or 
#   doesn't exist.  Ignored.
### build\compilers\GC\3.0a5.2\mwldeppc.exe Linker Warning:
#   FORCEACTIVE symbol 'lbl_45_data_2C0' is either not a global symbol or 
#   doesn't exist.  Ignored.
### build\compilers\GC\3.0a5.2\mwldeppc.exe Linker Warning:
#   FORCEACTIVE symbol 'lbl_45_data_2D0' is either not a global symbol or 
#   doesn't exist.  Ignored.
### build\compilers\GC\3.0a5.2\mwldeppc.exe Linker Warning:
#   FORCEACTIVE symbol 'lbl_45_data_2E8' is either not a global symbol or 
#   doesn't exist.  Ignored.
### build\compilers\GC\3.0a5.2\mwldeppc.exe Linker Warning:
#   FORCEACTIVE symbol 'lbl_45_data_2F0' is either not a global symbol or 
#   doesn't exist.  Ignored.
### build\compilers\GC\3.0a5.2\mwldeppc.exe Linker Warning:
#   FORCEACTIVE symbol 'lbl_45_data_2F8' is either not a global symbol or 
#   doesn't exist.  Ignored.
### build\compilers\GC\3.0a5.2\mwldeppc.exe Linker Warning:
#   FORCEACTIVE symbol 'lbl_45_data_308' is either not a global symbol or 
#   doesn't exist.  Ignored.
### build\compilers\GC\3.0a5.2\mwldeppc.exe Linker Warning:
#   FORCEACTIVE symbol 'lbl_45_data_310' is either not a global symbol or 
#   doesn't exist.  Ignored.
### build\compilers\GC\3.0a5.2\mwldeppc.exe Linker Warning:
#   FORCEACTIVE symbol 'lbl_45_data_320' is either not a global symbol or 
#   doesn't exist.  Ignored.
### build\compilers\GC\3.0a5.2\mwldeppc.exe Linker Warning:
#   FORCEACTIVE symbol 'lbl_45_data_334' is either not a global symbol or 
#   doesn't exist.  Ignored.
### build\compilers\GC\3.0a5.2\mwldeppc.exe Linker Warning:
#   FORCEACTIVE symbol 'lbl_45_data_350' is either not a global symbol or 
#   doesn't exist.  Ignored.
### build\compilers\GC\3.0a5.2\mwldeppc.exe Linker Warning:
#   FORCEACTIVE symbol 'lbl_45_data_360' is either not a global symbol or 
#   doesn't exist.  Ignored.
### build\compilers\GC\3.0a5.2\mwldeppc.exe Linker Warning:
#   FORCEACTIVE symbol 'lbl_45_data_368' is either not a global symbol or 
#   doesn't exist.  Ignored.
### build\compilers\GC\3.0a5.2\mwldeppc.exe Linker Warning:
#   FORCEACTIVE symbol 'lbl_45_data_378' is either not a global symbol or 
#   doesn't exist.  Ignored.
### build\compilers\GC\3.0a5.2\mwldeppc.exe Linker Warning:
#   FORCEACTIVE symbol 'lbl_45_data_380' is either not a global symbol or 
#   doesn't exist.  Ignored.
### build\compilers\GC\3.0a5.2\mwldeppc.exe Linker Warning:
#   FORCEACTIVE symbol 'lbl_45_data_388' is either not a global symbol or 
#   doesn't exist.  Ignored.
### build\compilers\GC\3.0a5.2\mwldeppc.exe Linker Warning:
#   FORCEACTIVE symbol 'lbl_45_data_390' is either not a global symbol or 
#   doesn't exist.  Ignored.
### build\compilers\GC\3.0a5.2\mwldeppc.exe Linker Warning:
#   FORCEACTIVE symbol 'lbl_45_data_560' is either not a global symbol or 
#   doesn't exist.  Ignored.
### build\compilers\GC\3.0a5.2\mwldeppc.exe Linker Warning:
#   FORCEACTIVE symbol 'lbl_45_data_568' is either not a global symbol or 
#   doesn't exist.  Ignored.
### build\compilers\GC\3.0a5.2\mwldeppc.exe Linker Warning:
#   FORCEACTIVE symbol 'lbl_45_data_590' is either not a global symbol or 
#   doesn't exist.  Ignored.
### build\compilers\GC\3.0a5.2\mwldeppc.exe Linker Warning:
#   FORCEACTIVE symbol 'lbl_45_data_598' is either not a global symbol or 
#   doesn't exist.  Ignored.
### build\compilers\GC\3.0a5.2\mwldeppc.exe Linker Warning:
#   FORCEACTIVE symbol 'lbl_45_data_5A4' is either not a global symbol or 
#   doesn't exist.  Ignored.
### build\compilers\GC\3.0a5.2\mwldeppc.exe Linker Warning:
#   FORCEACTIVE symbol 'lbl_45_data_5C0' is either not a global symbol or 
#   doesn't exist.  Ignored.
### build\compilers\GC\3.0a5.2\mwldeppc.exe Linker Warning:
#   FORCEACTIVE symbol 'lbl_45_data_5C8' is either not a global symbol or 
#   doesn't exist.  Ignored.
### build\compilers\GC\3.0a5.2\mwldeppc.exe Linker Warning:
#   FORCEACTIVE symbol 'lbl_45_data_5D4' is either not a global symbol or 
#   doesn't exist.  Ignored.
### build\compilers\GC\3.0a5.2\mwldeppc.exe Linker Warning:
#   FORCEACTIVE symbol 'lbl_45_data_5E8' is either not a global symbol or 
#   doesn't exist.  Ignored.
### build\compilers\GC\3.0a5.2\mwldeppc.exe Linker Warning:
#   FORCEACTIVE symbol 'lbl_45_data_5F0' is either not a global symbol or 
#   doesn't exist.  Ignored.
### build\compilers\GC\3.0a5.2\mwldeppc.exe Linker Warning:
#   FORCEACTIVE symbol 'lbl_45_data_5F8' is either not a global symbol or 
#   doesn't exist.  Ignored.
### build\compilers\GC\3.0a5.2\mwldeppc.exe Linker Warning:
#   FORCEACTIVE symbol 'lbl_45_data_608' is either not a global symbol or 
#   doesn't exist.  Ignored.
### build\compilers\GC\3.0a5.2\mwldeppc.exe Linker Warning:
#   FORCEACTIVE symbol 'lbl_45_bss_8' is either not a global symbol or doesn't 
#   exist.  Ignored.
### build\compilers\GC\3.0a5.2\mwldeppc.exe Linker Warning:
#   FORCEACTIVE symbol 'lbl_45_bss_14' is either not a global symbol or 
#   doesn't exist.  Ignored.
[359/480] LINK build\RSBE01_01\st_config\st_config.plf
### build\compilers\GC\3.0a5.2\mwldeppc.exe Linker Warning:
#   FORCEACTIVE symbol '__sinit_\st_config_cpp' is either not a global symbol 
#   or doesn't exist.  Ignored.
### build\compilers\GC\3.0a5.2\mwldeppc.exe Linker Warning:
#   FORCEACTIVE symbol 'lbl_44_rodata_0' is either not a global symbol or 
#   doesn't exist.  Ignored.
### build\compilers\GC\3.0a5.2\mwldeppc.exe Linker Warning:
#   FORCEACTIVE symbol 'lbl_44_rodata_4' is either not a global symbol or 
#   doesn't exist.  Ignored.
### build\compilers\GC\3.0a5.2\mwldeppc.exe Linker Warning:
#   FORCEACTIVE symbol 'lbl_44_data_0' is either not a global symbol or 
#   doesn't exist.  Ignored.
### build\compilers\GC\3.0a5.2\mwldeppc.exe Linker Warning:
#   FORCEACTIVE symbol 'lbl_44_data_C' is either not a global symbol or 
#   doesn't exist.  Ignored.
### build\compilers\GC\3.0a5.2\mwldeppc.exe Linker Warning:
#   FORCEACTIVE symbol 'lbl_44_data_10' is either not a global symbol or 
#   doesn't exist.  Ignored.
### build\compilers\GC\3.0a5.2\mwldeppc.exe Linker Warning:
#   FORCEACTIVE symbol 'lbl_44_data_23C' is either not a global symbol or 
#   doesn't exist.  Ignored.
### build\compilers\GC\3.0a5.2\mwldeppc.exe Linker Warning:
#   FORCEACTIVE symbol 'lbl_44_data_248' is either not a global symbol or 
#   doesn't exist.  Ignored.
### build\compilers\GC\3.0a5.2\mwldeppc.exe Linker Warning:
#   FORCEACTIVE symbol 'lbl_44_data_278' is either not a global symbol or 
#   doesn't exist.  Ignored.
### build\compilers\GC\3.0a5.2\mwldeppc.exe Linker Warning:
#   FORCEACTIVE symbol 'lbl_44_data_280' is either not a global symbol or 
#   doesn't exist.  Ignored.
### build\compilers\GC\3.0a5.2\mwldeppc.exe Linker Warning:
#   FORCEACTIVE symbol 'lbl_44_data_2A0' is either not a global symbol or 
#   doesn't exist.  Ignored.
### build\compilers\GC\3.0a5.2\mwldeppc.exe Linker Warning:
#   FORCEACTIVE symbol 'lbl_44_data_2A8' is either not a global symbol or 
#   doesn't exist.  Ignored.
### build\compilers\GC\3.0a5.2\mwldeppc.exe Linker Warning:
#   FORCEACTIVE symbol 'lbl_44_data_2B8' is either not a global symbol or 
#   doesn't exist.  Ignored.
### build\compilers\GC\3.0a5.2\mwldeppc.exe Linker Warning:
#   FORCEACTIVE symbol 'lbl_44_data_2D0' is either not a global symbol or 
#   doesn't exist.  Ignored.
### build\compilers\GC\3.0a5.2\mwldeppc.exe Linker Warning:
#   FORCEACTIVE symbol 'lbl_44_data_2D8' is either not a global symbol or 
#   doesn't exist.  Ignored.
### build\compilers\GC\3.0a5.2\mwldeppc.exe Linker Warning:
#   FORCEACTIVE symbol 'lbl_44_data_2E0' is either not a global symbol or 
#   doesn't exist.  Ignored.
### build\compilers\GC\3.0a5.2\mwldeppc.exe Linker Warning:
#   FORCEACTIVE symbol 'lbl_44_data_2F0' is either not a global symbol or 
#   doesn't exist.  Ignored.
### build\compilers\GC\3.0a5.2\mwldeppc.exe Linker Warning:
#   FORCEACTIVE symbol 'lbl_44_data_2F8' is either not a global symbol or 
#   doesn't exist.  Ignored.
### build\compilers\GC\3.0a5.2\mwldeppc.exe Linker Warning:
#   FORCEACTIVE symbol 'lbl_44_data_308' is either not a global symbol or 
#   doesn't exist.  Ignored.
### build\compilers\GC\3.0a5.2\mwldeppc.exe Linker Warning:
#   FORCEACTIVE symbol 'lbl_44_data_31C' is either not a global symbol or 
#   doesn't exist.  Ignored.
### build\compilers\GC\3.0a5.2\mwldeppc.exe Linker Warning:
#   FORCEACTIVE symbol 'lbl_44_data_33C' is either not a global symbol or 
#   doesn't exist.  Ignored.
### build\compilers\GC\3.0a5.2\mwldeppc.exe Linker Warning:
#   FORCEACTIVE symbol 'lbl_44_data_348' is either not a global symbol or 
#   doesn't exist.  Ignored.
### build\compilers\GC\3.0a5.2\mwldeppc.exe Linker Warning:
#   FORCEACTIVE symbol 'lbl_44_data_350' is either not a global symbol or 
#   doesn't exist.  Ignored.
### build\compilers\GC\3.0a5.2\mwldeppc.exe Linker Warning:
#   FORCEACTIVE symbol 'lbl_44_data_360' is either not a global symbol or 
#   doesn't exist.  Ignored.
### build\compilers\GC\3.0a5.2\mwldeppc.exe Linker Warning:
#   FORCEACTIVE symbol 'lbl_44_data_368' is either not a global symbol or 
#   doesn't exist.  Ignored.
### build\compilers\GC\3.0a5.2\mwldeppc.exe Linker Warning:
#   FORCEACTIVE symbol 'lbl_44_data_530' is either not a global symbol or 
#   doesn't exist.  Ignored.
### build\compilers\GC\3.0a5.2\mwldeppc.exe Linker Warning:
#   FORCEACTIVE symbol 'lbl_44_data_53C' is either not a global symbol or 
#   doesn't exist.  Ignored.
### build\compilers\GC\3.0a5.2\mwldeppc.exe Linker Warning:
#   FORCEACTIVE symbol 'lbl_44_data_560' is either not a global symbol or 
#   doesn't exist.  Ignored.
### build\compilers\GC\3.0a5.2\mwldeppc.exe Linker Warning:
#   FORCEACTIVE symbol 'lbl_44_data_568' is either not a global symbol or 
#   doesn't exist.  Ignored.
### build\compilers\GC\3.0a5.2\mwldeppc.exe Linker Warning:
#   FORCEACTIVE symbol 'lbl_44_data_574' is either not a global symbol or 
#   doesn't exist.  Ignored.
### build\compilers\GC\3.0a5.2\mwldeppc.exe Linker Warning:
#   FORCEACTIVE symbol 'lbl_44_data_590' is either not a global symbol or 
#   doesn't exist.  Ignored.
### build\compilers\GC\3.0a5.2\mwldeppc.exe Linker Warning:
#   FORCEACTIVE symbol 'lbl_44_data_598' is either not a global symbol or 
#   doesn't exist.  Ignored.
### build\compilers\GC\3.0a5.2\mwldeppc.exe Linker Warning:
#   FORCEACTIVE symbol 'lbl_44_data_5A4' is either not a global symbol or 
#   doesn't exist.  Ignored.
### build\compilers\GC\3.0a5.2\mwldeppc.exe Linker Warning:
#   FORCEACTIVE symbol 'lbl_44_data_5B8' is either not a global symbol or 
#   doesn't exist.  Ignored.
### build\compilers\GC\3.0a5.2\mwldeppc.exe Linker Warning:
#   FORCEACTIVE symbol 'lbl_44_data_5C0' is either not a global symbol or 
#   doesn't exist.  Ignored.
### build\compilers\GC\3.0a5.2\mwldeppc.exe Linker Warning:
#   FORCEACTIVE symbol 'lbl_44_data_5C8' is either not a global symbol or 
#   doesn't exist.  Ignored.
### build\compilers\GC\3.0a5.2\mwldeppc.exe Linker Warning:
#   FORCEACTIVE symbol 'lbl_44_data_5D8' is either not a global symbol or 
#   doesn't exist.  Ignored.
### build\compilers\GC\3.0a5.2\mwldeppc.exe Linker Warning:
#   FORCEACTIVE symbol 'lbl_44_bss_8' is either not a global symbol or doesn't 
#   exist.  Ignored.
### build\compilers\GC\3.0a5.2\mwldeppc.exe Linker Warning:
#   FORCEACTIVE symbol 'lbl_44_bss_14' is either not a global symbol or 
#   doesn't exist.  Ignored.
[360/480] LINK build\RSBE01_01\st_battle\st_battle.plf
[361/480] LINK build\RSBE01_01\st_mansion\st_mansion.plf
[362/480] LINK build\RSBE01_01\st_donkey\st_donkey.plf
[363/480] LINK build\RSBE01_01\st_mariopast\st_mariopast.plf
[364/480] LINK build\RSBE01_01\st_dolpic\st_dolpic.plf
[365/480] LINK build\RSBE01_01\st_pirates\st_pirates.plf
[366/480] LINK build\RSBE01_01\st_jungle\st_jungle.plf
[367/480] LINK build\RSBE01_01\st_kart\st_kart.plf
[368/480] LINK build\RSBE01_01\sora_melee\sora_melee.preplf
[369/480] LINK build\RSBE01_01\st_norfair\st_norfair.plf
[370/480] LINK build\RSBE01_01\st_starfox\st_starfox.plf
[371/480] LINK build\RSBE01_01\sora_adv_stage\sora_adv_stage.plf
### build\compilers\GC\3.0a5.2\mwldeppc.exe Linker Warning:
#   FORCEACTIVE symbol 'lbl_40_rodata_8E8' is either not a global symbol or 
#   doesn't exist.  Ignored.
### build\compilers\GC\3.0a5.2\mwldeppc.exe Linker Warning:
#   FORCEACTIVE symbol 'lbl_40_data_177D8' is either not a global symbol or 
#   doesn't exist.  Ignored.
### build\compilers\GC\3.0a5.2\mwldeppc.exe Linker Warning:
#   FORCEACTIVE symbol 'lbl_40_data_177E0' is either not a global symbol or 
#   doesn't exist.  Ignored.
### build\compilers\GC\3.0a5.2\mwldeppc.exe Linker Warning:
#   FORCEACTIVE symbol 'lbl_40_data_179B4' is either not a global symbol or 
#   doesn't exist.  Ignored.
### build\compilers\GC\3.0a5.2\mwldeppc.exe Linker Warning:
#   FORCEACTIVE symbol 'lbl_40_data_179C8' is either not a global symbol or 
#   doesn't exist.  Ignored.
[372/480] LINK build\RSBE01_01\st_orpheon\st_orpheon.plf
[373/480] LINK build\RSBE01_01\st_halberd\st_halberd.plf
[374/480] LINK build\RSBE01_01\st_stadium\st_stadium.plf
[375/480] LINK build\RSBE01_01\st_ice\st_ice.plf
[376/480] LINK build\RSBE01_01\st_fzero\st_fzero.plf
[377/480] LINK build\RSBE01_01\st_emblem\st_emblem.plf
[378/480] LINK build\RSBE01_01\st_gw\st_gw.plf
[379/480] LINK build\RSBE01_01\st_madein\st_madein.plf
[380/480] LINK build\RSBE01_01\st_palutena\st_palutena.plf
[381/480] LINK build\RSBE01_01\st_earth\st_earth.plf
[382/480] LINK build\RSBE01_01\st_famicom\st_famicom.plf
[383/480] LINK build\RSBE01_01\st_newpork\st_newpork.plf
### build\compilers\GC\3.0a5.2\mwldeppc.exe Linker Warning:
#   FORCEACTIVE symbol 'lbl_69_rodata_88' is either not a global symbol or 
#   doesn't exist.  Ignored.
### build\compilers\GC\3.0a5.2\mwldeppc.exe Linker Warning:
#   FORCEACTIVE symbol 'lbl_69_rodata_8C' is either not a global symbol or 
#   doesn't exist.  Ignored.
### build\compilers\GC\3.0a5.2\mwldeppc.exe Linker Warning:
#   FORCEACTIVE symbol 'lbl_69_data_CD0' is either not a global symbol or 
#   doesn't exist.  Ignored.
### build\compilers\GC\3.0a5.2\mwldeppc.exe Linker Warning:
#   FORCEACTIVE symbol 'lbl_69_data_CDC' is either not a global symbol or 
#   doesn't exist.  Ignored.
### build\compilers\GC\3.0a5.2\mwldeppc.exe Linker Warning:
#   FORCEACTIVE symbol 'lbl_69_data_D18' is either not a global symbol or 
#   doesn't exist.  Ignored.
### build\compilers\GC\3.0a5.2\mwldeppc.exe Linker Warning:
#   FORCEACTIVE symbol 'lbl_69_data_D24' is either not a global symbol or 
#   doesn't exist.  Ignored.
### build\compilers\GC\3.0a5.2\mwldeppc.exe Linker Warning:
#   FORCEACTIVE symbol 'lbl_69_data_D58' is either not a global symbol or 
#   doesn't exist.  Ignored.
### build\compilers\GC\3.0a5.2\mwldeppc.exe Linker Warning:
#   FORCEACTIVE symbol 'lbl_69_data_D68' is either not a global symbol or 
#   doesn't exist.  Ignored.
### build\compilers\GC\3.0a5.2\mwldeppc.exe Linker Warning:
#   FORCEACTIVE symbol 'lbl_69_data_D98' is either not a global symbol or 
#   doesn't exist.  Ignored.
### build\compilers\GC\3.0a5.2\mwldeppc.exe Linker Warning:
#   FORCEACTIVE symbol 'lbl_69_data_DA4' is either not a global symbol or 
#   doesn't exist.  Ignored.
### build\compilers\GC\3.0a5.2\mwldeppc.exe Linker Warning:
#   FORCEACTIVE symbol 'lbl_69_data_DC8' is either not a global symbol or 
#   doesn't exist.  Ignored.
### build\compilers\GC\3.0a5.2\mwldeppc.exe Linker Warning:
#   FORCEACTIVE symbol 'lbl_69_data_DD4' is either not a global symbol or 
#   doesn't exist.  Ignored.
### build\compilers\GC\3.0a5.2\mwldeppc.exe Linker Warning:
#   FORCEACTIVE symbol 'lbl_69_data_DF0' is either not a global symbol or 
#   doesn't exist.  Ignored.
### build\compilers\GC\3.0a5.2\mwldeppc.exe Linker Warning:
#   FORCEACTIVE symbol 'lbl_69_data_DF8' is either not a global symbol or 
#   doesn't exist.  Ignored.
[384/480] LINK build\RSBE01_01\st_oldin\st_oldin.plf
### build\compilers\GC\3.0a5.2\mwldeppc.exe Linker Warning:
#   FORCEACTIVE symbol 'lbl_53_data_888' is either not a global symbol or 
#   doesn't exist.  Ignored.
### build\compilers\GC\3.0a5.2\mwldeppc.exe Linker Warning:
#   FORCEACTIVE symbol 'lbl_53_data_890' is either not a global symbol or 
#   doesn't exist.  Ignored.
### build\compilers\GC\3.0a5.2\mwldeppc.exe Linker Warning:
#   FORCEACTIVE symbol 'lbl_53_data_8C8' is either not a global symbol or 
#   doesn't exist.  Ignored.
### build\compilers\GC\3.0a5.2\mwldeppc.exe Linker Warning:
#   FORCEACTIVE symbol 'lbl_53_data_8D0' is either not a global symbol or 
#   doesn't exist.  Ignored.
### build\compilers\GC\3.0a5.2\mwldeppc.exe Linker Warning:
#   FORCEACTIVE symbol 'lbl_53_data_8DC' is either not a global symbol or 
#   doesn't exist.  Ignored.
### build\compilers\GC\3.0a5.2\mwldeppc.exe Linker Warning:
#   FORCEACTIVE symbol 'lbl_53_data_908' is either not a global symbol or 
#   doesn't exist.  Ignored.
### build\compilers\GC\3.0a5.2\mwldeppc.exe Linker Warning:
#   FORCEACTIVE symbol 'lbl_53_data_910' is either not a global symbol or 
#   doesn't exist.  Ignored.
### build\compilers\GC\3.0a5.2\mwldeppc.exe Linker Warning:
#   FORCEACTIVE symbol 'lbl_53_data_920' is either not a global symbol or 
#   doesn't exist.  Ignored.
### build\compilers\GC\3.0a5.2\mwldeppc.exe Linker Warning:
#   FORCEACTIVE symbol 'lbl_53_data_948' is either not a global symbol or 
#   doesn't exist.  Ignored.
### build\compilers\GC\3.0a5.2\mwldeppc.exe Linker Warning:
#   FORCEACTIVE symbol 'lbl_53_data_950' is either not a global symbol or 
#   doesn't exist.  Ignored.
### build\compilers\GC\3.0a5.2\mwldeppc.exe Linker Warning:
#   FORCEACTIVE symbol 'lbl_53_data_95C' is either not a global symbol or 
#   doesn't exist.  Ignored.
### build\compilers\GC\3.0a5.2\mwldeppc.exe Linker Warning:
#   FORCEACTIVE symbol 'lbl_53_data_978' is either not a global symbol or 
#   doesn't exist.  Ignored.
### build\compilers\GC\3.0a5.2\mwldeppc.exe Linker Warning:
#   FORCEACTIVE symbol 'lbl_53_data_980' is either not a global symbol or 
#   doesn't exist.  Ignored.
### build\compilers\GC\3.0a5.2\mwldeppc.exe Linker Warning:
#   FORCEACTIVE symbol 'lbl_53_data_98C' is either not a global symbol or 
#   doesn't exist.  Ignored.
### build\compilers\GC\3.0a5.2\mwldeppc.exe Linker Warning:
#   FORCEACTIVE symbol 'lbl_53_data_9A0' is either not a global symbol or 
#   doesn't exist.  Ignored.
### build\compilers\GC\3.0a5.2\mwldeppc.exe Linker Warning:
#   FORCEACTIVE symbol 'lbl_53_data_9A8' is either not a global symbol or 
#   doesn't exist.  Ignored.
### build\compilers\GC\3.0a5.2\mwldeppc.exe Linker Warning:
#   FORCEACTIVE symbol 'lbl_53_data_9B0' is either not a global symbol or 
#   doesn't exist.  Ignored.
### build\compilers\GC\3.0a5.2\mwldeppc.exe Linker Warning:
#   FORCEACTIVE symbol 'lbl_53_data_9C0' is either not a global symbol or 
#   doesn't exist.  Ignored.
[385/480] LINK build\RSBE01_01\st_crayon\st_crayon.plf
### build\compilers\GC\3.0a5.2\mwldeppc.exe Linker Warning:
#   FORCEACTIVE symbol '__sinit_\st_crayon_cpp' is either not a global symbol 
#   or doesn't exist.  Ignored.
### build\compilers\GC\3.0a5.2\mwldeppc.exe Linker Warning:
#   FORCEACTIVE symbol 'lbl_56_rodata_0' is either not a global symbol or 
#   doesn't exist.  Ignored.
### build\compilers\GC\3.0a5.2\mwldeppc.exe Linker Warning:
#   FORCEACTIVE symbol 'lbl_56_rodata_4' is either not a global symbol or 
#   doesn't exist.  Ignored.
### build\compilers\GC\3.0a5.2\mwldeppc.exe Linker Warning:
#   FORCEACTIVE symbol 'lbl_56_data_0' is either not a global symbol or 
#   doesn't exist.  Ignored.
### build\compilers\GC\3.0a5.2\mwldeppc.exe Linker Warning:
#   FORCEACTIVE symbol 'lbl_56_data_2C8' is either not a global symbol or 
#   doesn't exist.  Ignored.
### build\compilers\GC\3.0a5.2\mwldeppc.exe Linker Warning:
#   FORCEACTIVE symbol 'lbl_56_data_2D4' is either not a global symbol or 
#   doesn't exist.  Ignored.
### build\compilers\GC\3.0a5.2\mwldeppc.exe Linker Warning:
#   FORCEACTIVE symbol 'lbl_56_data_300' is either not a global symbol or 
#   doesn't exist.  Ignored.
### build\compilers\GC\3.0a5.2\mwldeppc.exe Linker Warning:
#   FORCEACTIVE symbol 'lbl_56_data_308' is either not a global symbol or 
#   doesn't exist.  Ignored.
### build\compilers\GC\3.0a5.2\mwldeppc.exe Linker Warning:
#   FORCEACTIVE symbol 'lbl_56_data_330' is either not a global symbol or 
#   doesn't exist.  Ignored.
### build\compilers\GC\3.0a5.2\mwldeppc.exe Linker Warning:
#   FORCEACTIVE symbol 'lbl_56_data_340' is either not a global symbol or 
#   doesn't exist.  Ignored.
### build\compilers\GC\3.0a5.2\mwldeppc.exe Linker Warning:
#   FORCEACTIVE symbol 'lbl_56_data_360' is either not a global symbol or 
#   doesn't exist.  Ignored.
### build\compilers\GC\3.0a5.2\mwldeppc.exe Linker Warning:
#   FORCEACTIVE symbol 'lbl_56_data_368' is either not a global symbol or 
#   doesn't exist.  Ignored.
### build\compilers\GC\3.0a5.2\mwldeppc.exe Linker Warning:
#   FORCEACTIVE symbol 'lbl_56_data_380' is either not a global symbol or 
#   doesn't exist.  Ignored.
### build\compilers\GC\3.0a5.2\mwldeppc.exe Linker Warning:
#   FORCEACTIVE symbol 'lbl_56_data_3A4' is either not a global symbol or 
#   doesn't exist.  Ignored.
### build\compilers\GC\3.0a5.2\mwldeppc.exe Linker Warning:
#   FORCEACTIVE symbol 'lbl_56_data_3C4' is either not a global symbol or 
#   doesn't exist.  Ignored.
### build\compilers\GC\3.0a5.2\mwldeppc.exe Linker Warning:
#   FORCEACTIVE symbol 'lbl_56_data_3D8' is either not a global symbol or 
#   doesn't exist.  Ignored.
### build\compilers\GC\3.0a5.2\mwldeppc.exe Linker Warning:
#   FORCEACTIVE symbol 'lbl_56_data_10D8' is either not a global symbol or 
#   doesn't exist.  Ignored.
### build\compilers\GC\3.0a5.2\mwldeppc.exe Linker Warning:
#   FORCEACTIVE symbol 'lbl_56_data_10EC' is either not a global symbol or 
#   doesn't exist.  Ignored.
### build\compilers\GC\3.0a5.2\mwldeppc.exe Linker Warning:
#   FORCEACTIVE symbol 'lbl_56_bss_8' is either not a global symbol or doesn't 
#   exist.  Ignored.
### build\compilers\GC\3.0a5.2\mwldeppc.exe Linker Warning:
#   FORCEACTIVE symbol 'lbl_56_bss_14' is either not a global symbol or 
#   doesn't exist.  Ignored.
[386/480] LINK build\RSBE01_01\st_tengan\st_tengan.plf
### build\compilers\GC\3.0a5.2\mwldeppc.exe Linker Warning:
#   FORCEACTIVE symbol 'lbl_60_rodata_F8' is either not a global symbol or 
#   doesn't exist.  Ignored.
### build\compilers\GC\3.0a5.2\mwldeppc.exe Linker Warning:
#   FORCEACTIVE symbol 'lbl_60_rodata_FC' is either not a global symbol or 
#   doesn't exist.  Ignored.
### build\compilers\GC\3.0a5.2\mwldeppc.exe Linker Warning:
#   FORCEACTIVE symbol 'lbl_60_rodata_100' is either not a global symbol or 
#   doesn't exist.  Ignored.
### build\compilers\GC\3.0a5.2\mwldeppc.exe Linker Warning:
#   FORCEACTIVE symbol 'lbl_60_rodata_108' is either not a global symbol or 
#   doesn't exist.  Ignored.
### build\compilers\GC\3.0a5.2\mwldeppc.exe Linker Warning:
#   FORCEACTIVE symbol 'lbl_60_data_838' is either not a global symbol or 
#   doesn't exist.  Ignored.
### build\compilers\GC\3.0a5.2\mwldeppc.exe Linker Warning:
#   FORCEACTIVE symbol 'lbl_60_data_A08' is either not a global symbol or 
#   doesn't exist.  Ignored.
### build\compilers\GC\3.0a5.2\mwldeppc.exe Linker Warning:
#   FORCEACTIVE symbol 'lbl_60_data_A14' is either not a global symbol or 
#   doesn't exist.  Ignored.
### build\compilers\GC\3.0a5.2\mwldeppc.exe Linker Warning:
#   FORCEACTIVE symbol 'lbl_60_data_A40' is either not a global symbol or 
#   doesn't exist.  Ignored.
### build\compilers\GC\3.0a5.2\mwldeppc.exe Linker Warning:
#   FORCEACTIVE symbol 'lbl_60_data_A4C' is either not a global symbol or 
#   doesn't exist.  Ignored.
### build\compilers\GC\3.0a5.2\mwldeppc.exe Linker Warning:
#   FORCEACTIVE symbol 'lbl_60_data_A70' is either not a global symbol or 
#   doesn't exist.  Ignored.
### build\compilers\GC\3.0a5.2\mwldeppc.exe Linker Warning:
#   FORCEACTIVE symbol 'lbl_60_data_A7C' is either not a global symbol or 
#   doesn't exist.  Ignored.
### build\compilers\GC\3.0a5.2\mwldeppc.exe Linker Warning:
#   FORCEACTIVE symbol 'lbl_60_data_A98' is either not a global symbol or 
#   doesn't exist.  Ignored.
### build\compilers\GC\3.0a5.2\mwldeppc.exe Linker Warning:
#   FORCEACTIVE symbol 'lbl_60_data_AA0' is either not a global symbol or 
#   doesn't exist.  Ignored.
### build\compilers\GC\3.0a5.2\mwldeppc.exe Linker Warning:
#   FORCEACTIVE symbol 'lbl_60_data_AB8' is either not a global symbol or 
#   doesn't exist.  Ignored.
### build\compilers\GC\3.0a5.2\mwldeppc.exe Linker Warning:
#   FORCEACTIVE symbol 'lbl_60_data_CD0' is either not a global symbol or 
#   doesn't exist.  Ignored.
### build\compilers\GC\3.0a5.2\mwldeppc.exe Linker Warning:
#   FORCEACTIVE symbol 'lbl_60_data_CDC' is either not a global symbol or 
#   doesn't exist.  Ignored.
### build\compilers\GC\3.0a5.2\mwldeppc.exe Linker Warning:
#   FORCEACTIVE symbol 'lbl_60_data_FB0' is either not a global symbol or 
#   doesn't exist.  Ignored.
### build\compilers\GC\3.0a5.2\mwldeppc.exe Linker Warning:
#   FORCEACTIVE symbol 'lbl_60_data_FC0' is either not a global symbol or 
#   doesn't exist.  Ignored.
### build\compilers\GC\3.0a5.2\mwldeppc.exe Linker Warning:
#   FORCEACTIVE symbol 'lbl_60_data_11C4' is either not a global symbol or 
#   doesn't exist.  Ignored.
### build\compilers\GC\3.0a5.2\mwldeppc.exe Linker Warning:
#   FORCEACTIVE symbol 'lbl_60_data_11D4' is either not a global symbol or 
#   doesn't exist.  Ignored.
[387/480] LINK build\RSBE01_01\st_pictchat\st_pictchat.plf
[388/480] LINK build\RSBE01_01\st_village\st_village.plf
[389/480] LINK build\RSBE01_01\st_metalgear\st_metalgear.plf
[390/480] LINK build\RSBE01_01\st_greenhill\st_greenhill.plf
### build\compilers\GC\3.0a5.2\mwldeppc.exe Linker Warning:
#   FORCEACTIVE symbol '__sinit_\st_greenhill_cpp' is either not a global 
#   symbol or doesn't exist.  Ignored.
### build\compilers\GC\3.0a5.2\mwldeppc.exe Linker Warning:
#   FORCEACTIVE symbol 'lbl_72_rodata_0' is either not a global symbol or 
#   doesn't exist.  Ignored.
### build\compilers\GC\3.0a5.2\mwldeppc.exe Linker Warning:
#   FORCEACTIVE symbol 'lbl_72_rodata_4' is either not a global symbol or 
#   doesn't exist.  Ignored.
### build\compilers\GC\3.0a5.2\mwldeppc.exe Linker Warning:
#   FORCEACTIVE symbol 'lbl_72_data_0' is either not a global symbol or 
#   doesn't exist.  Ignored.
### build\compilers\GC\3.0a5.2\mwldeppc.exe Linker Warning:
#   FORCEACTIVE symbol 'lbl_72_data_C' is either not a global symbol or 
#   doesn't exist.  Ignored.
### build\compilers\GC\3.0a5.2\mwldeppc.exe Linker Warning:
#   FORCEACTIVE symbol 'lbl_72_data_1C' is either not a global symbol or 
#   doesn't exist.  Ignored.
### build\compilers\GC\3.0a5.2\mwldeppc.exe Linker Warning:
#   FORCEACTIVE symbol 'lbl_72_data_30' is either not a global symbol or 
#   doesn't exist.  Ignored.
### build\compilers\GC\3.0a5.2\mwldeppc.exe Linker Warning:
#   FORCEACTIVE symbol 'lbl_72_data_C8' is either not a global symbol or 
#   doesn't exist.  Ignored.
### build\compilers\GC\3.0a5.2\mwldeppc.exe Linker Warning:
#   FORCEACTIVE symbol 'lbl_72_data_DC' is either not a global symbol or 
#   doesn't exist.  Ignored.
### build\compilers\GC\3.0a5.2\mwldeppc.exe Linker Warning:
#   FORCEACTIVE symbol 'lbl_72_data_408' is either not a global symbol or 
#   doesn't exist.  Ignored.
### build\compilers\GC\3.0a5.2\mwldeppc.exe Linker Warning:
#   FORCEACTIVE symbol 'lbl_72_data_414' is either not a global symbol or 
#   doesn't exist.  Ignored.
### build\compilers\GC\3.0a5.2\mwldeppc.exe Linker Warning:
#   FORCEACTIVE symbol 'lbl_72_data_440' is either not a global symbol or 
#   doesn't exist.  Ignored.
### build\compilers\GC\3.0a5.2\mwldeppc.exe Linker Warning:
#   FORCEACTIVE symbol 'lbl_72_data_448' is either not a global symbol or 
#   doesn't exist.  Ignored.
### build\compilers\GC\3.0a5.2\mwldeppc.exe Linker Warning:
#   FORCEACTIVE symbol 'lbl_72_data_470' is either not a global symbol or 
#   doesn't exist.  Ignored.
### build\compilers\GC\3.0a5.2\mwldeppc.exe Linker Warning:
#   FORCEACTIVE symbol 'lbl_72_data_480' is either not a global symbol or 
#   doesn't exist.  Ignored.
### build\compilers\GC\3.0a5.2\mwldeppc.exe Linker Warning:
#   FORCEACTIVE symbol 'lbl_72_data_4A0' is either not a global symbol or 
#   doesn't exist.  Ignored.
### build\compilers\GC\3.0a5.2\mwldeppc.exe Linker Warning:
#   FORCEACTIVE symbol 'lbl_72_data_4A8' is either not a global symbol or 
#   doesn't exist.  Ignored.
### build\compilers\GC\3.0a5.2\mwldeppc.exe Linker Warning:
#   FORCEACTIVE symbol 'lbl_72_data_4C0' is either not a global symbol or 
#   doesn't exist.  Ignored.
### build\compilers\GC\3.0a5.2\mwldeppc.exe Linker Warning:
#   FORCEACTIVE symbol 'lbl_72_data_4E4' is either not a global symbol or 
#   doesn't exist.  Ignored.
### build\compilers\GC\3.0a5.2\mwldeppc.exe Linker Warning:
#   FORCEACTIVE symbol 'lbl_72_data_508' is either not a global symbol or 
#   doesn't exist.  Ignored.
### build\compilers\GC\3.0a5.2\mwldeppc.exe Linker Warning:
#   FORCEACTIVE symbol 'lbl_72_data_520' is either not a global symbol or 
#   doesn't exist.  Ignored.
### build\compilers\GC\3.0a5.2\mwldeppc.exe Linker Warning:
#   FORCEACTIVE symbol 'lbl_72_bss_8' is either not a global symbol or doesn't 
#   exist.  Ignored.
[391/480] LINK build\RSBE01_01\st_plankton\st_plankton.plf
[392/480] LINK build\RSBE01_01\st_dxshrine\st_dxshrine.plf
### build\compilers\GC\3.0a5.2\mwldeppc.exe Linker Warning:
#   FORCEACTIVE symbol 'grDxShrine::__vtable' is either not a global symbol or 
#   doesn't exist.  Ignored.
### build\compilers\GC\3.0a5.2\mwldeppc.exe Linker Warning:
#   FORCEACTIVE symbol '@7862' is either not a global symbol or doesn't exist. 
#    Ignored.
### build\compilers\GC\3.0a5.2\mwldeppc.exe Linker Warning:
#   FORCEACTIVE symbol 'stDxShrine::bss_loc_14' is either not a global symbol 
#   or doesn't exist.  Ignored.
[393/480] LINK build\RSBE01_01\st_dxgreens\st_dxgreens.plf
### build\compilers\GC\3.0a5.2\mwldeppc.exe Linker Warning:
#   FORCEACTIVE symbol 'stDxGreens::create()' is either not a global symbol or 
#   doesn't exist.  Ignored.
[394/480] LINK build\RSBE01_01\st_dxgarden\st_dxgarden.plf
### build\compilers\GC\3.0a5.2\mwldeppc.exe Linker Warning:
#   FORCEACTIVE symbol '__sinit_\st_dxgarden_cpp' is either not a global 
#   symbol or doesn't exist.  Ignored.
### build\compilers\GC\3.0a5.2\mwldeppc.exe Linker Warning:
#   FORCEACTIVE symbol 'lbl_77_rodata_0' is either not a global symbol or 
#   doesn't exist.  Ignored.
### build\compilers\GC\3.0a5.2\mwldeppc.exe Linker Warning:
#   FORCEACTIVE symbol 'lbl_77_rodata_20' is either not a global symbol or 
#   doesn't exist.  Ignored.
### build\compilers\GC\3.0a5.2\mwldeppc.exe Linker Warning:
#   FORCEACTIVE symbol 'lbl_77_data_0' is either not a global symbol or 
#   doesn't exist.  Ignored.
### build\compilers\GC\3.0a5.2\mwldeppc.exe Linker Warning:
#   FORCEACTIVE symbol 'lbl_77_data_C' is either not a global symbol or 
#   doesn't exist.  Ignored.
### build\compilers\GC\3.0a5.2\mwldeppc.exe Linker Warning:
#   FORCEACTIVE symbol 'lbl_77_data_1C' is either not a global symbol or 
#   doesn't exist.  Ignored.
### build\compilers\GC\3.0a5.2\mwldeppc.exe Linker Warning:
#   FORCEACTIVE symbol 'lbl_77_data_28' is either not a global symbol or 
#   doesn't exist.  Ignored.
### build\compilers\GC\3.0a5.2\mwldeppc.exe Linker Warning:
#   FORCEACTIVE symbol 'lbl_77_data_38' is either not a global symbol or 
#   doesn't exist.  Ignored.
### build\compilers\GC\3.0a5.2\mwldeppc.exe Linker Warning:
#   FORCEACTIVE symbol 'lbl_77_data_40' is either not a global symbol or 
#   doesn't exist.  Ignored.
### build\compilers\GC\3.0a5.2\mwldeppc.exe Linker Warning:
#   FORCEACTIVE symbol 'lbl_77_data_50' is either not a global symbol or 
#   doesn't exist.  Ignored.
### build\compilers\GC\3.0a5.2\mwldeppc.exe Linker Warning:
#   FORCEACTIVE symbol 'lbl_77_data_60' is either not a global symbol or 
#   doesn't exist.  Ignored.
### build\compilers\GC\3.0a5.2\mwldeppc.exe Linker Warning:
#   FORCEACTIVE symbol 'lbl_77_data_B8' is either not a global symbol or 
#   doesn't exist.  Ignored.
### build\compilers\GC\3.0a5.2\mwldeppc.exe Linker Warning:
#   FORCEACTIVE symbol 'lbl_77_data_C8' is either not a global symbol or 
#   doesn't exist.  Ignored.
### build\compilers\GC\3.0a5.2\mwldeppc.exe Linker Warning:
#   FORCEACTIVE symbol 'lbl_77_data_3F8' is either not a global symbol or 
#   doesn't exist.  Ignored.
### build\compilers\GC\3.0a5.2\mwldeppc.exe Linker Warning:
#   FORCEACTIVE symbol 'lbl_77_data_404' is either not a global symbol or 
#   doesn't exist.  Ignored.
### build\compilers\GC\3.0a5.2\mwldeppc.exe Linker Warning:
#   FORCEACTIVE symbol 'lbl_77_data_430' is either not a global symbol or 
#   doesn't exist.  Ignored.
### build\compilers\GC\3.0a5.2\mwldeppc.exe Linker Warning:
#   FORCEACTIVE symbol 'lbl_77_data_438' is either not a global symbol or 
#   doesn't exist.  Ignored.
### build\compilers\GC\3.0a5.2\mwldeppc.exe Linker Warning:
#   FORCEACTIVE symbol 'lbl_77_data_460' is either not a global symbol or 
#   doesn't exist.  Ignored.
### build\compilers\GC\3.0a5.2\mwldeppc.exe Linker Warning:
#   FORCEACTIVE symbol 'lbl_77_data_470' is either not a global symbol or 
#   doesn't exist.  Ignored.
### build\compilers\GC\3.0a5.2\mwldeppc.exe Linker Warning:
#   FORCEACTIVE symbol 'lbl_77_data_490' is either not a global symbol or 
#   doesn't exist.  Ignored.
### build\compilers\GC\3.0a5.2\mwldeppc.exe Linker Warning:
#   FORCEACTIVE symbol 'lbl_77_data_498' is either not a global symbol or 
#   doesn't exist.  Ignored.
### build\compilers\GC\3.0a5.2\mwldeppc.exe Linker Warning:
#   FORCEACTIVE symbol 'lbl_77_data_4B0' is either not a global symbol or 
#   doesn't exist.  Ignored.
### build\compilers\GC\3.0a5.2\mwldeppc.exe Linker Warning:
#   FORCEACTIVE symbol 'lbl_77_data_4D8' is either not a global symbol or 
#   doesn't exist.  Ignored.
### build\compilers\GC\3.0a5.2\mwldeppc.exe Linker Warning:
#   FORCEACTIVE symbol 'lbl_77_data_4F8' is either not a global symbol or 
#   doesn't exist.  Ignored.
### build\compilers\GC\3.0a5.2\mwldeppc.exe Linker Warning:
#   FORCEACTIVE symbol 'lbl_77_data_510' is either not a global symbol or 
#   doesn't exist.  Ignored.
### build\compilers\GC\3.0a5.2\mwldeppc.exe Linker Warning:
#   FORCEACTIVE symbol 'lbl_77_bss_8' is either not a global symbol or doesn't 
#   exist.  Ignored.
[395/480] LINK build\RSBE01_01\sora_enemy\sora_enemy.plf
### build\compilers\GC\3.0a5.2\mwldeppc.exe Linker Warning:
#   FORCEACTIVE symbol 
#   'emResourceModuleImpl::DeleteExParam<emKuriboParam>(void)' is either not a 
#   global symbol or doesn't exist.  Ignored.
### build\compilers\GC\3.0a5.2\mwldeppc.exe Linker Warning:
#   FORCEACTIVE symbol 
#   'emResourceModuleImpl::DeleteExParam<emPopperamParam>(void)' is either not 
#   a global symbol or doesn't exist.  Ignored.
### build\compilers\GC\3.0a5.2\mwldeppc.exe Linker Warning:
#   FORCEACTIVE symbol 
#   'emResourceModuleImpl::DeleteExParam<emPacciParam>(void)' is either not a 
#   global symbol or doesn't exist.  Ignored.
### build\compilers\GC\3.0a5.2\mwldeppc.exe Linker Warning:
#   FORCEACTIVE symbol 
#   'emResourceModuleImpl::DeleteExParam<emJyakeelParam>(void)' is either not 
#   a global symbol or doesn't exist.  Ignored.
### build\compilers\GC\3.0a5.2\mwldeppc.exe Linker Warning:
#   FORCEACTIVE symbol 
#   'emResourceModuleImpl::DeleteExParam<emAroarosParam>(void)' is either not 
#   a global symbol or doesn't exist.  Ignored.
### build\compilers\GC\3.0a5.2\mwldeppc.exe Linker Warning:
#   FORCEACTIVE symbol 
#   'emResourceModuleImpl::DeleteExParam<emCymalParam>(void)' is either not a 
#   global symbol or doesn't exist.  Ignored.
### build\compilers\GC\3.0a5.2\mwldeppc.exe Linker Warning:
#   FORCEACTIVE symbol 
#   'emResourceModuleImpl::DeleteExParam<emDeathpodParam>(void)' is either not 
#   a global symbol or doesn't exist.  Ignored.
### build\compilers\GC\3.0a5.2\mwldeppc.exe Linker Warning:
#   FORCEACTIVE symbol 
#   'emResourceModuleImpl::DeleteExParam<emBoobasParam>(void)' is either not a 
#   global symbol or doesn't exist.  Ignored.
### build\compilers\GC\3.0a5.2\mwldeppc.exe Linker Warning:
#   FORCEACTIVE symbol 
#   'emResourceModuleImpl::DeleteExParam<emDekakuriboParam>(void)' is either 
#   not a global symbol or doesn't exist.  Ignored.
### build\compilers\GC\3.0a5.2\mwldeppc.exe Linker Warning:
#   FORCEACTIVE symbol 
#   'emResourceModuleImpl::DeleteExParam<emBotronParam>(void)' is either not a 
#   global symbol or doesn't exist.  Ignored.
### build\compilers\GC\3.0a5.2\mwldeppc.exe Linker Warning:
#   FORCEACTIVE symbol 
#   'emResourceModuleImpl::DeleteExParam<emBucyulusParam>(void)' is either not 
#   a global symbol or doesn't exist.  Ignored.
### build\compilers\GC\3.0a5.2\mwldeppc.exe Linker Warning:
#   FORCEACTIVE symbol 
#   'emResourceModuleImpl::DeleteExParam<emGyraanParam>(void)' is either not a 
#   global symbol or doesn't exist.  Ignored.
### build\compilers\GC\3.0a5.2\mwldeppc.exe Linker Warning:
#   FORCEACTIVE symbol 
#   'emResourceModuleImpl::DeleteExParam<emSiralamosParam>(void)' is either 
#   not a global symbol or doesn't exist.  Ignored.
### build\compilers\GC\3.0a5.2\mwldeppc.exe Linker Warning:
#   FORCEACTIVE symbol 
#   'emResourceModuleImpl::DeleteExParam<emKillerParam>(void)' is either not a 
#   global symbol or doesn't exist.  Ignored.
### build\compilers\GC\3.0a5.2\mwldeppc.exe Linker Warning:
#   FORCEACTIVE symbol 
#   'emResourceModuleImpl::DeleteExParam<emRoadaParam>(void)' is either not a 
#   global symbol or doesn't exist.  Ignored.
### build\compilers\GC\3.0a5.2\mwldeppc.exe Linker Warning:
#   FORCEACTIVE symbol 
#   'emResourceModuleImpl::DeleteExParam<emSparParam>(void)' is either not a 
#   global symbol or doesn't exist.  Ignored.
### build\compilers\GC\3.0a5.2\mwldeppc.exe Linker Warning:
#   FORCEACTIVE symbol 
#   'emResourceModuleImpl::DeleteExParam<emMiteParam>(void)' is either not a 
#   global symbol or doesn't exist.  Ignored.
### build\compilers\GC\3.0a5.2\mwldeppc.exe Linker Warning:
#   FORCEACTIVE symbol 
#   'emResourceModuleImpl::DeleteExParam<emTeckinParam>(void)' is either not a 
#   global symbol or doesn't exist.  Ignored.
### build\compilers\GC\3.0a5.2\mwldeppc.exe Linker Warning:
#   FORCEACTIVE symbol 
#   'emResourceModuleImpl::DeleteExParam<emTautauParam>(void)' is either not a 
#   global symbol or doesn't exist.  Ignored.
### build\compilers\GC\3.0a5.2\mwldeppc.exe Linker Warning:
#   FORCEACTIVE symbol 
#   'emResourceModuleImpl::DeleteExParam<emHammerbrosParam>(void)' is either 
#   not a global symbol or doesn't exist.  Ignored.
### build\compilers\GC\3.0a5.2\mwldeppc.exe Linker Warning:
#   FORCEACTIVE symbol 
#   'emResourceModuleImpl::DeleteExParam<emBitanParam>(void)' is either not a 
#   global symbol or doesn't exist.  Ignored.
### build\compilers\GC\3.0a5.2\mwldeppc.exe Linker Warning:
#   FORCEACTIVE symbol 
#   'emResourceModuleImpl::DeleteExParam<emFlowsParam>(void)' is either not a 
#   global symbol or doesn't exist.  Ignored.
### build\compilers\GC\3.0a5.2\mwldeppc.exe Linker Warning:
#   FORCEACTIVE symbol 
#   'emResourceModuleImpl::DeleteExParam<emKokkonParam>(void)' is either not a 
#   global symbol or doesn't exist.  Ignored.
### build\compilers\GC\3.0a5.2\mwldeppc.exe Linker Warning:
#   FORCEACTIVE symbol 
#   'emResourceModuleImpl::DeleteExParam<emPrimParam>(void)' is either not a 
#   global symbol or doesn't exist.  Ignored.
### build\compilers\GC\3.0a5.2\mwldeppc.exe Linker Warning:
#   FORCEACTIVE symbol 
#   'emResourceModuleImpl::DeleteExParam<emShellyParam>(void)' is either not a 
#   global symbol or doesn't exist.  Ignored.
### build\compilers\GC\3.0a5.2\mwldeppc.exe Linker Warning:
#   FORCEACTIVE symbol 
#   'emResourceModuleImpl::DeleteExParam<emPatapataParam>(void)' is either not 
#   a global symbol or doesn't exist.  Ignored.
### build\compilers\GC\3.0a5.2\mwldeppc.exe Linker Warning:
#   FORCEACTIVE symbol 
#   'emResourceModuleImpl::DeleteExParam<emJdusParam>(void)' is either not a 
#   global symbol or doesn't exist.  Ignored.
### build\compilers\GC\3.0a5.2\mwldeppc.exe Linker Warning:
#   FORCEACTIVE symbol 
#   'emResourceModuleImpl::DeleteExParam<emBombheadParam>(void)' is either not 
#   a global symbol or doesn't exist.  Ignored.
### build\compilers\GC\3.0a5.2\mwldeppc.exe Linker Warning:
#   FORCEACTIVE symbol 
#   'emResourceModuleImpl::DeleteExParam<emNgagogParam>(void)' is either not a 
#   global symbol or doesn't exist.  Ignored.
### build\compilers\GC\3.0a5.2\mwldeppc.exe Linker Warning:
#   FORCEACTIVE symbol 
#   'emResourceModuleImpl::DeleteExParam<emFaulongParam>(void)' is either not 
#   a global symbol or doesn't exist.  Ignored.
### build\compilers\GC\3.0a5.2\mwldeppc.exe Linker Warning:
#   FORCEACTIVE symbol 
#   'emResourceModuleImpl::DeleteExParam<emGhamghaParam>(void)' is either not 
#   a global symbol or doesn't exist.  Ignored.
### build\compilers\GC\3.0a5.2\mwldeppc.exe Linker Warning:
#   FORCEACTIVE symbol 
#   'emResourceModuleImpl::DeleteExParam<emRobobeamParam>(void)' is either not 
#   a global symbol or doesn't exist.  Ignored.
### build\compilers\GC\3.0a5.2\mwldeppc.exe Linker Warning:
#   FORCEACTIVE symbol 
#   'emResourceModuleImpl::DeleteExParam<emRobodistanceParam>(void)' is either 
#   not a global symbol or doesn't exist.  Ignored.
### build\compilers\GC\3.0a5.2\mwldeppc.exe Linker Warning:
#   FORCEACTIVE symbol 
#   'emResourceModuleImpl::DeleteExParam<emRobohomingParam>(void)' is either 
#   not a global symbol or doesn't exist.  Ignored.
### build\compilers\GC\3.0a5.2\mwldeppc.exe Linker Warning:
#   FORCEACTIVE symbol 
#   'emResourceModuleImpl::DeleteExParam<emRobopunchParam>(void)' is either 
#   not a global symbol or doesn't exist.  Ignored.
### build\compilers\GC\3.0a5.2\mwldeppc.exe Linker Warning:
#   FORCEACTIVE symbol 
#   'emResourceModuleImpl::DeleteExParam<emCataguardParam>(void)' is either 
#   not a global symbol or doesn't exist.  Ignored.
### build\compilers\GC\3.0a5.2\mwldeppc.exe Linker Warning:
#   FORCEACTIVE symbol 
#   'emResourceModuleImpl::DeleteExParam<emArmanParam>(void)' is either not a 
#   global symbol or doesn't exist.  Ignored.
### build\compilers\GC\3.0a5.2\mwldeppc.exe Linker Warning:
#   FORCEACTIVE symbol 
#   'emResourceModuleImpl::DeleteExParam<emGalfireParam>(void)' is either not 
#   a global symbol or doesn't exist.  Ignored.
### build\compilers\GC\3.0a5.2\mwldeppc.exe Linker Warning:
#   FORCEACTIVE symbol 
#   'emResourceModuleImpl::DeleteExParam<emBosspackunParam>(void)' is either 
#   not a global symbol or doesn't exist.  Ignored.
### build\compilers\GC\3.0a5.2\mwldeppc.exe Linker Warning:
#   FORCEACTIVE symbol 
#   'emResourceModuleImpl::DeleteExParam<emGhamghabaseParam>(void)' is either 
#   not a global symbol or doesn't exist.  Ignored.
### build\compilers\GC\3.0a5.2\mwldeppc.exe Linker Warning:
#   FORCEACTIVE symbol 
#   'emResourceModuleImpl::DeleteExParam<emGalleomParam>(void)' is either not 
#   a global symbol or doesn't exist.  Ignored.
### build\compilers\GC\3.0a5.2\mwldeppc.exe Linker Warning:
#   FORCEACTIVE symbol 
#   'emResourceModuleImpl::DeleteExParam<emRidleyParam>(void)' is either not a 
#   global symbol or doesn't exist.  Ignored.
### build\compilers\GC\3.0a5.2\mwldeppc.exe Linker Warning:
#   FORCEACTIVE symbol 
#   'emResourceModuleImpl::DeleteExParam<emRayquazaParam>(void)' is either not 
#   a global symbol or doesn't exist.  Ignored.
### build\compilers\GC\3.0a5.2\mwldeppc.exe Linker Warning:
#   FORCEACTIVE symbol 
#   'emResourceModuleImpl::DeleteExParam<emDuonParam>(void)' is either not a 
#   global symbol or doesn't exist.  Ignored.
### build\compilers\GC\3.0a5.2\mwldeppc.exe Linker Warning:
#   FORCEACTIVE symbol 
#   'emResourceModuleImpl::DeleteExParam<emPorkyParam>(void)' is either not a 
#   global symbol or doesn't exist.  Ignored.
### build\compilers\GC\3.0a5.2\mwldeppc.exe Linker Warning:
#   FORCEACTIVE symbol 
#   'emResourceModuleImpl::DeleteExParam<emMetaridleyParam>(void)' is either 
#   not a global symbol or doesn't exist.  Ignored.
### build\compilers\GC\3.0a5.2\mwldeppc.exe Linker Warning:
#   FORCEACTIVE symbol 
#   'emResourceModuleImpl::DeleteExParam<emFalconflyerParam>(void)' is either 
#   not a global symbol or doesn't exist.  Ignored.
### build\compilers\GC\3.0a5.2\mwldeppc.exe Linker Warning:
#   FORCEACTIVE symbol 
#   'emResourceModuleImpl::DeleteExParam<emTabooParam>(void)' is either not a 
#   global symbol or doesn't exist.  Ignored.
### build\compilers\GC\3.0a5.2\mwldeppc.exe Linker Warning:
#   FORCEACTIVE symbol 
#   'emResourceModuleImpl::DeleteExParam<emMasterhandParam>(void)' is either 
#   not a global symbol or doesn't exist.  Ignored.
### build\compilers\GC\3.0a5.2\mwldeppc.exe Linker Warning:
#   FORCEACTIVE symbol 
#   'emResourceModuleImpl::DeleteExParam<emCrazyhandParam>(void)' is either 
#   not a global symbol or doesn't exist.  Ignored.
### build\compilers\GC\3.0a5.2\mwldeppc.exe Linker Warning:
#   FORCEACTIVE symbol 'emInfo::isInvalidKind(emKind)' is either not a global 
#   symbol or doesn't exist.  Ignored.
### build\compilers\GC\3.0a5.2\mwldeppc.exe Linker Warning:
#   FORCEACTIVE symbol 'emInfo::getMotionNum(emKind)' is either not a global 
#   symbol or doesn't exist.  Ignored.
### build\compilers\GC\3.0a5.2\mwldeppc.exe Linker Warning:
#   FORCEACTIVE symbol 'emInfo::getStatusNum(emKind)' is either not a global 
#   symbol or doesn't exist.  Ignored.
### build\compilers\GC\3.0a5.2\mwldeppc.exe Linker Warning:
#   FORCEACTIVE symbol 'emInfo::getNamePtr()' is either not a global symbol or 
#   doesn't exist.  Ignored.
### build\compilers\GC\3.0a5.2\mwldeppc.exe Linker Warning:
#   FORCEACTIVE symbol '__sinit_\em_info_cpp' is either not a global symbol or 
#   doesn't exist.  Ignored.
### build\compilers\GC\3.0a5.2\mwldeppc.exe Linker Warning:
#   FORCEACTIVE symbol '__sinit_\em_robopunch_param_accesser_cpp' is either 
#   not a global symbol or doesn't exist.  Ignored.
### build\compilers\GC\3.0a5.2\mwldeppc.exe Linker Warning:
#   FORCEACTIVE symbol 'lbl_41_rodata_BD8' is either not a global symbol or 
#   doesn't exist.  Ignored.
### build\compilers\GC\3.0a5.2\mwldeppc.exe Linker Warning:
#   FORCEACTIVE symbol 'lbl_41_rodata_D88' is either not a global symbol or 
#   doesn't exist.  Ignored.
### build\compilers\GC\3.0a5.2\mwldeppc.exe Linker Warning:
#   FORCEACTIVE symbol 'lbl_41_rodata_D90' is either not a global symbol or 
#   doesn't exist.  Ignored.
### build\compilers\GC\3.0a5.2\mwldeppc.exe Linker Warning:
#   FORCEACTIVE symbol 'lbl_41_rodata_E88' is either not a global symbol or 
#   doesn't exist.  Ignored.
### build\compilers\GC\3.0a5.2\mwldeppc.exe Linker Warning:
#   FORCEACTIVE symbol 'lbl_41_rodata_E90' is either not a global symbol or 
#   doesn't exist.  Ignored.
### build\compilers\GC\3.0a5.2\mwldeppc.exe Linker Warning:
#   FORCEACTIVE symbol 'lbl_41_rodata_E98' is either not a global symbol or 
#   doesn't exist.  Ignored.
### build\compilers\GC\3.0a5.2\mwldeppc.exe Linker Warning:
#   FORCEACTIVE symbol 'lbl_41_rodata_EA0' is either not a global symbol or 
#   doesn't exist.  Ignored.
### build\compilers\GC\3.0a5.2\mwldeppc.exe Linker Warning:
#   FORCEACTIVE symbol 'lbl_41_rodata_EB0' is either not a global symbol or 
#   doesn't exist.  Ignored.
### build\compilers\GC\3.0a5.2\mwldeppc.exe Linker Warning:
#   FORCEACTIVE symbol 'lbl_41_rodata_EB8' is either not a global symbol or 
#   doesn't exist.  Ignored.
### build\compilers\GC\3.0a5.2\mwldeppc.exe Linker Warning:
#   FORCEACTIVE symbol 'lbl_41_rodata_EC0' is either not a global symbol or 
#   doesn't exist.  Ignored.
### build\compilers\GC\3.0a5.2\mwldeppc.exe Linker Warning:
#   FORCEACTIVE symbol 'lbl_41_rodata_ED0' is either not a global symbol or 
#   doesn't exist.  Ignored.
### build\compilers\GC\3.0a5.2\mwldeppc.exe Linker Warning:
#   FORCEACTIVE symbol 'lbl_41_rodata_ED8' is either not a global symbol or 
#   doesn't exist.  Ignored.
### build\compilers\GC\3.0a5.2\mwldeppc.exe Linker Warning:
#   FORCEACTIVE symbol 'lbl_41_rodata_EE0' is either not a global symbol or 
#   doesn't exist.  Ignored.
### build\compilers\GC\3.0a5.2\mwldeppc.exe Linker Warning:
#   FORCEACTIVE symbol 'lbl_41_rodata_EE8' is either not a global symbol or 
#   doesn't exist.  Ignored.
### build\compilers\GC\3.0a5.2\mwldeppc.exe Linker Warning:
#   FORCEACTIVE symbol 'lbl_41_rodata_EF8' is either not a global symbol or 
#   doesn't exist.  Ignored.
### build\compilers\GC\3.0a5.2\mwldeppc.exe Linker Warning:
#   FORCEACTIVE symbol 'lbl_41_rodata_F08' is either not a global symbol or 
#   doesn't exist.  Ignored.
### build\compilers\GC\3.0a5.2\mwldeppc.exe Linker Warning:
#   FORCEACTIVE symbol 'lbl_41_rodata_F20' is either not a global symbol or 
#   doesn't exist.  Ignored.
### build\compilers\GC\3.0a5.2\mwldeppc.exe Linker Warning:
#   FORCEACTIVE symbol 'lbl_41_rodata_F28' is either not a global symbol or 
#   doesn't exist.  Ignored.
### build\compilers\GC\3.0a5.2\mwldeppc.exe Linker Warning:
#   FORCEACTIVE symbol 'lbl_41_rodata_F30' is either not a global symbol or 
#   doesn't exist.  Ignored.
### build\compilers\GC\3.0a5.2\mwldeppc.exe Linker Warning:
#   FORCEACTIVE symbol 'lbl_41_rodata_F70' is either not a global symbol or 
#   doesn't exist.  Ignored.
### build\compilers\GC\3.0a5.2\mwldeppc.exe Linker Warning:
#   FORCEACTIVE symbol 'lbl_41_rodata_1038' is either not a global symbol or 
#   doesn't exist.  Ignored.
### build\compilers\GC\3.0a5.2\mwldeppc.exe Linker Warning:
#   FORCEACTIVE symbol 'lbl_41_rodata_1040' is either not a global symbol or 
#   doesn't exist.  Ignored.
### build\compilers\GC\3.0a5.2\mwldeppc.exe Linker Warning:
#   FORCEACTIVE symbol 'lbl_41_rodata_1048' is either not a global symbol or 
#   doesn't exist.  Ignored.
### build\compilers\GC\3.0a5.2\mwldeppc.exe Linker Warning:
#   FORCEACTIVE symbol 'lbl_41_rodata_1050' is either not a global symbol or 
#   doesn't exist.  Ignored.
### build\compilers\GC\3.0a5.2\mwldeppc.exe Linker Warning:
#   FORCEACTIVE symbol 'lbl_41_rodata_1058' is either not a global symbol or 
#   doesn't exist.  Ignored.
### build\compilers\GC\3.0a5.2\mwldeppc.exe Linker Warning:
#   FORCEACTIVE symbol 'lbl_41_rodata_1060' is either not a global symbol or 
#   doesn't exist.  Ignored.
### build\compilers\GC\3.0a5.2\mwldeppc.exe Linker Warning:
#   FORCEACTIVE symbol 'lbl_41_rodata_1070' is either not a global symbol or 
#   doesn't exist.  Ignored.
### build\compilers\GC\3.0a5.2\mwldeppc.exe Linker Warning:
#   FORCEACTIVE symbol 'lbl_41_rodata_1078' is either not a global symbol or 
#   doesn't exist.  Ignored.
### build\compilers\GC\3.0a5.2\mwldeppc.exe Linker Warning:
#   FORCEACTIVE symbol 'lbl_41_rodata_1090' is either not a global symbol or 
#   doesn't exist.  Ignored.
### build\compilers\GC\3.0a5.2\mwldeppc.exe Linker Warning:
#   FORCEACTIVE symbol 'lbl_41_rodata_1098' is either not a global symbol or 
#   doesn't exist.  Ignored.
### build\compilers\GC\3.0a5.2\mwldeppc.exe Linker Warning:
#   FORCEACTIVE symbol 'lbl_41_rodata_10A0' is either not a global symbol or 
#   doesn't exist.  Ignored.
### build\compilers\GC\3.0a5.2\mwldeppc.exe Linker Warning:
#   FORCEACTIVE symbol 'lbl_41_rodata_10A8' is either not a global symbol or 
#   doesn't exist.  Ignored.
### build\compilers\GC\3.0a5.2\mwldeppc.exe Linker Warning:
#   FORCEACTIVE symbol 'lbl_41_rodata_10B0' is either not a global symbol or 
#   doesn't exist.  Ignored.
### build\compilers\GC\3.0a5.2\mwldeppc.exe Linker Warning:
#   FORCEACTIVE symbol 'lbl_41_rodata_10C0' is either not a global symbol or 
#   doesn't exist.  Ignored.
### build\compilers\GC\3.0a5.2\mwldeppc.exe Linker Warning:
#   FORCEACTIVE symbol 'lbl_41_rodata_10C8' is either not a global symbol or 
#   doesn't exist.  Ignored.
### build\compilers\GC\3.0a5.2\mwldeppc.exe Linker Warning:
#   FORCEACTIVE symbol 'lbl_41_rodata_10D8' is either not a global symbol or 
#   doesn't exist.  Ignored.
### build\compilers\GC\3.0a5.2\mwldeppc.exe Linker Warning:
#   FORCEACTIVE symbol 'lbl_41_rodata_10E0' is either not a global symbol or 
#   doesn't exist.  Ignored.
### build\compilers\GC\3.0a5.2\mwldeppc.exe Linker Warning:
#   FORCEACTIVE symbol 'lbl_41_rodata_10E8' is either not a global symbol or 
#   doesn't exist.  Ignored.
### build\compilers\GC\3.0a5.2\mwldeppc.exe Linker Warning:
#   FORCEACTIVE symbol 'lbl_41_rodata_10F0' is either not a global symbol or 
#   doesn't exist.  Ignored.
### build\compilers\GC\3.0a5.2\mwldeppc.exe Linker Warning:
#   FORCEACTIVE symbol 'lbl_41_rodata_10F8' is either not a global symbol or 
#   doesn't exist.  Ignored.
### build\compilers\GC\3.0a5.2\mwldeppc.exe Linker Warning:
#   FORCEACTIVE symbol 'lbl_41_rodata_1108' is either not a global symbol or 
#   doesn't exist.  Ignored.
### build\compilers\GC\3.0a5.2\mwldeppc.exe Linker Warning:
#   FORCEACTIVE symbol 'lbl_41_rodata_1110' is either not a global symbol or 
#   doesn't exist.  Ignored.
### build\compilers\GC\3.0a5.2\mwldeppc.exe Linker Warning:
#   FORCEACTIVE symbol 'lbl_41_rodata_1118' is either not a global symbol or 
#   doesn't exist.  Ignored.
### build\compilers\GC\3.0a5.2\mwldeppc.exe Linker Warning:
#   FORCEACTIVE symbol 'lbl_41_rodata_1128' is either not a global symbol or 
#   doesn't exist.  Ignored.
### build\compilers\GC\3.0a5.2\mwldeppc.exe Linker Warning:
#   FORCEACTIVE symbol 'lbl_41_rodata_1130' is either not a global symbol or 
#   doesn't exist.  Ignored.
### build\compilers\GC\3.0a5.2\mwldeppc.exe Linker Warning:
#   FORCEACTIVE symbol 'lbl_41_rodata_1140' is either not a global symbol or 
#   doesn't exist.  Ignored.
### build\compilers\GC\3.0a5.2\mwldeppc.exe Linker Warning:
#   FORCEACTIVE symbol 'lbl_41_rodata_1148' is either not a global symbol or 
#   doesn't exist.  Ignored.
### build\compilers\GC\3.0a5.2\mwldeppc.exe Linker Warning:
#   FORCEACTIVE symbol 'lbl_41_rodata_1150' is either not a global symbol or 
#   doesn't exist.  Ignored.
### build\compilers\GC\3.0a5.2\mwldeppc.exe Linker Warning:
#   FORCEACTIVE symbol 'lbl_41_rodata_1160' is either not a global symbol or 
#   doesn't exist.  Ignored.
### build\compilers\GC\3.0a5.2\mwldeppc.exe Linker Warning:
#   FORCEACTIVE symbol 'lbl_41_rodata_1178' is either not a global symbol or 
#   doesn't exist.  Ignored.
### build\compilers\GC\3.0a5.2\mwldeppc.exe Linker Warning:
#   FORCEACTIVE symbol 'lbl_41_rodata_1180' is either not a global symbol or 
#   doesn't exist.  Ignored.
### build\compilers\GC\3.0a5.2\mwldeppc.exe Linker Warning:
#   FORCEACTIVE symbol 'lbl_41_rodata_1190' is either not a global symbol or 
#   doesn't exist.  Ignored.
### build\compilers\GC\3.0a5.2\mwldeppc.exe Linker Warning:
#   FORCEACTIVE symbol 'lbl_41_rodata_11A0' is either not a global symbol or 
#   doesn't exist.  Ignored.
### build\compilers\GC\3.0a5.2\mwldeppc.exe Linker Warning:
#   FORCEACTIVE symbol 'lbl_41_rodata_11A8' is either not a global symbol or 
#   doesn't exist.  Ignored.
### build\compilers\GC\3.0a5.2\mwldeppc.exe Linker Warning:
#   FORCEACTIVE symbol 'lbl_41_rodata_11B8' is either not a global symbol or 
#   doesn't exist.  Ignored.
### build\compilers\GC\3.0a5.2\mwldeppc.exe Linker Warning:
#   FORCEACTIVE symbol 'lbl_41_rodata_11C8' is either not a global symbol or 
#   doesn't exist.  Ignored.
### build\compilers\GC\3.0a5.2\mwldeppc.exe Linker Warning:
#   FORCEACTIVE symbol 'lbl_41_data_1954' is either not a global symbol or 
#   doesn't exist.  Ignored.
### build\compilers\GC\3.0a5.2\mwldeppc.exe Linker Warning:
#   FORCEACTIVE symbol 'lbl_41_data_195C' is either not a global symbol or 
#   doesn't exist.  Ignored.
### build\compilers\GC\3.0a5.2\mwldeppc.exe Linker Warning:
#   FORCEACTIVE symbol 'lbl_41_data_1970' is either not a global symbol or 
#   doesn't exist.  Ignored.
### build\compilers\GC\3.0a5.2\mwldeppc.exe Linker Warning:
#   FORCEACTIVE symbol 'lbl_41_data_198C' is either not a global symbol or 
#   doesn't exist.  Ignored.
### build\compilers\GC\3.0a5.2\mwldeppc.exe Linker Warning:
#   FORCEACTIVE symbol 'lbl_41_data_2C18' is either not a global symbol or 
#   doesn't exist.  Ignored.
### build\compilers\GC\3.0a5.2\mwldeppc.exe Linker Warning:
#   FORCEACTIVE symbol 'lbl_41_data_2C23' is either not a global symbol or 
#   doesn't exist.  Ignored.
### build\compilers\GC\3.0a5.2\mwldeppc.exe Linker Warning:
#   FORCEACTIVE symbol 'lbl_41_data_2C60' is either not a global symbol or 
#   doesn't exist.  Ignored.
### build\compilers\GC\3.0a5.2\mwldeppc.exe Linker Warning:
#   FORCEACTIVE symbol 'lbl_41_data_2C78' is either not a global symbol or 
#   doesn't exist.  Ignored.
### build\compilers\GC\3.0a5.2\mwldeppc.exe Linker Warning:
#   FORCEACTIVE symbol 'lbl_41_data_2C9C' is either not a global symbol or 
#   doesn't exist.  Ignored.
### build\compilers\GC\3.0a5.2\mwldeppc.exe Linker Warning:
#   FORCEACTIVE symbol 'lbl_41_data_2CB4' is either not a global symbol or 
#   doesn't exist.  Ignored.
### build\compilers\GC\3.0a5.2\mwldeppc.exe Linker Warning:
#   FORCEACTIVE symbol 'lbl_41_data_2CD0' is either not a global symbol or 
#   doesn't exist.  Ignored.
### build\compilers\GC\3.0a5.2\mwldeppc.exe Linker Warning:
#   FORCEACTIVE symbol 'lbl_41_data_2CE4' is either not a global symbol or 
#   doesn't exist.  Ignored.
### build\compilers\GC\3.0a5.2\mwldeppc.exe Linker Warning:
#   FORCEACTIVE symbol 'lbl_41_data_3224' is either not a global symbol or 
#   doesn't exist.  Ignored.
### build\compilers\GC\3.0a5.2\mwldeppc.exe Linker Warning:
#   FORCEACTIVE symbol 'lbl_41_data_323C' is either not a global symbol or 
#   doesn't exist.  Ignored.
### build\compilers\GC\3.0a5.2\mwldeppc.exe Linker Warning:
#   FORCEACTIVE symbol 'lbl_41_data_3258' is either not a global symbol or 
#   doesn't exist.  Ignored.
### build\compilers\GC\3.0a5.2\mwldeppc.exe Linker Warning:
#   FORCEACTIVE symbol 'lbl_41_data_3268' is either not a global symbol or 
#   doesn't exist.  Ignored.
### build\compilers\GC\3.0a5.2\mwldeppc.exe Linker Warning:
#   FORCEACTIVE symbol 'lbl_41_data_36CC' is either not a global symbol or 
#   doesn't exist.  Ignored.
### build\compilers\GC\3.0a5.2\mwldeppc.exe Linker Warning:
#   FORCEACTIVE symbol 'lbl_41_data_36E0' is either not a global symbol or 
#   doesn't exist.  Ignored.
### build\compilers\GC\3.0a5.2\mwldeppc.exe Linker Warning:
#   FORCEACTIVE symbol 'lbl_41_data_36F4' is either not a global symbol or 
#   doesn't exist.  Ignored.
### build\compilers\GC\3.0a5.2\mwldeppc.exe Linker Warning:
#   FORCEACTIVE symbol 'lbl_41_data_3EE0' is either not a global symbol or 
#   doesn't exist.  Ignored.
### build\compilers\GC\3.0a5.2\mwldeppc.exe Linker Warning:
#   FORCEACTIVE symbol 'lbl_41_data_3EF8' is either not a global symbol or 
#   doesn't exist.  Ignored.
### build\compilers\GC\3.0a5.2\mwldeppc.exe Linker Warning:
#   FORCEACTIVE symbol 'lbl_41_data_6CFC' is either not a global symbol or 
#   doesn't exist.  Ignored.
### build\compilers\GC\3.0a5.2\mwldeppc.exe Linker Warning:
#   FORCEACTIVE symbol 'lbl_41_data_6D10' is either not a global symbol or 
#   doesn't exist.  Ignored.
### build\compilers\GC\3.0a5.2\mwldeppc.exe Linker Warning:
#   FORCEACTIVE symbol 'lbl_41_data_6D2C' is either not a global symbol or 
#   doesn't exist.  Ignored.
### build\compilers\GC\3.0a5.2\mwldeppc.exe Linker Warning:
#   FORCEACTIVE symbol 'lbl_41_data_6D3C' is either not a global symbol or 
#   doesn't exist.  Ignored.
### build\compilers\GC\3.0a5.2\mwldeppc.exe Linker Warning:
#   FORCEACTIVE symbol 'lbl_41_data_7194' is either not a global symbol or 
#   doesn't exist.  Ignored.
### build\compilers\GC\3.0a5.2\mwldeppc.exe Linker Warning:
#   FORCEACTIVE symbol 'lbl_41_data_71AC' is either not a global symbol or 
#   doesn't exist.  Ignored.
### build\compilers\GC\3.0a5.2\mwldeppc.exe Linker Warning:
#   FORCEACTIVE symbol 'lbl_41_data_7F54' is either not a global symbol or 
#   doesn't exist.  Ignored.
### build\compilers\GC\3.0a5.2\mwldeppc.exe Linker Warning:
#   FORCEACTIVE symbol 'lbl_41_data_7F70' is either not a global symbol or 
#   doesn't exist.  Ignored.
### build\compilers\GC\3.0a5.2\mwldeppc.exe Linker Warning:
#   FORCEACTIVE symbol 'lbl_41_data_8228' is either not a global symbol or 
#   doesn't exist.  Ignored.
### build\compilers\GC\3.0a5.2\mwldeppc.exe Linker Warning:
#   FORCEACTIVE symbol 'lbl_41_data_8240' is either not a global symbol or 
#   doesn't exist.  Ignored.
### build\compilers\GC\3.0a5.2\mwldeppc.exe Linker Warning:
#   FORCEACTIVE symbol 'lbl_41_data_84DC' is either not a global symbol or 
#   doesn't exist.  Ignored.
### build\compilers\GC\3.0a5.2\mwldeppc.exe Linker Warning:
#   FORCEACTIVE symbol 'lbl_41_data_84F4' is either not a global symbol or 
#   doesn't exist.  Ignored.
### build\compilers\GC\3.0a5.2\mwldeppc.exe Linker Warning:
#   FORCEACTIVE symbol 'lbl_41_data_8F7C' is either not a global symbol or 
#   doesn't exist.  Ignored.
### build\compilers\GC\3.0a5.2\mwldeppc.exe Linker Warning:
#   FORCEACTIVE symbol 'lbl_41_data_8F94' is either not a global symbol or 
#   doesn't exist.  Ignored.
### build\compilers\GC\3.0a5.2\mwldeppc.exe Linker Warning:
#   FORCEACTIVE symbol 'lbl_41_data_922C' is either not a global symbol or 
#   doesn't exist.  Ignored.
### build\compilers\GC\3.0a5.2\mwldeppc.exe Linker Warning:
#   FORCEACTIVE symbol 'lbl_41_data_9244' is either not a global symbol or 
#   doesn't exist.  Ignored.
### build\compilers\GC\3.0a5.2\mwldeppc.exe Linker Warning:
#   FORCEACTIVE symbol 'lbl_41_data_94DC' is either not a global symbol or 
#   doesn't exist.  Ignored.
### build\compilers\GC\3.0a5.2\mwldeppc.exe Linker Warning:
#   FORCEACTIVE symbol 'lbl_41_data_94F4' is either not a global symbol or 
#   doesn't exist.  Ignored.
### build\compilers\GC\3.0a5.2\mwldeppc.exe Linker Warning:
#   FORCEACTIVE symbol 'lbl_41_data_978C' is either not a global symbol or 
#   doesn't exist.  Ignored.
### build\compilers\GC\3.0a5.2\mwldeppc.exe Linker Warning:
#   FORCEACTIVE symbol 'lbl_41_data_97A4' is either not a global symbol or 
#   doesn't exist.  Ignored.
### build\compilers\GC\3.0a5.2\mwldeppc.exe Linker Warning:
#   FORCEACTIVE symbol 'lbl_41_data_9A3C' is either not a global symbol or 
#   doesn't exist.  Ignored.
### build\compilers\GC\3.0a5.2\mwldeppc.exe Linker Warning:
#   FORCEACTIVE symbol 'lbl_41_data_9A54' is either not a global symbol or 
#   doesn't exist.  Ignored.
### build\compilers\GC\3.0a5.2\mwldeppc.exe Linker Warning:
#   FORCEACTIVE symbol 'lbl_41_data_A53C' is either not a global symbol or 
#   doesn't exist.  Ignored.
### build\compilers\GC\3.0a5.2\mwldeppc.exe Linker Warning:
#   FORCEACTIVE symbol 'lbl_41_data_A554' is either not a global symbol or 
#   doesn't exist.  Ignored.
### build\compilers\GC\3.0a5.2\mwldeppc.exe Linker Warning:
#   FORCEACTIVE symbol 'lbl_41_data_A7F4' is either not a global symbol or 
#   doesn't exist.  Ignored.
### build\compilers\GC\3.0a5.2\mwldeppc.exe Linker Warning:
#   FORCEACTIVE symbol 'lbl_41_data_A810' is either not a global symbol or 
#   doesn't exist.  Ignored.
### build\compilers\GC\3.0a5.2\mwldeppc.exe Linker Warning:
#   FORCEACTIVE symbol 'lbl_41_data_AACC' is either not a global symbol or 
#   doesn't exist.  Ignored.
### build\compilers\GC\3.0a5.2\mwldeppc.exe Linker Warning:
#   FORCEACTIVE symbol 'lbl_41_data_AAE4' is either not a global symbol or 
#   doesn't exist.  Ignored.
### build\compilers\GC\3.0a5.2\mwldeppc.exe Linker Warning:
#   FORCEACTIVE symbol 'lbl_41_data_B424' is either not a global symbol or 
#   doesn't exist.  Ignored.
### build\compilers\GC\3.0a5.2\mwldeppc.exe Linker Warning:
#   FORCEACTIVE symbol 'lbl_41_data_B43C' is either not a global symbol or 
#   doesn't exist.  Ignored.
### build\compilers\GC\3.0a5.2\mwldeppc.exe Linker Warning:
#   FORCEACTIVE symbol 'lbl_41_data_BD60' is either not a global symbol or 
#   doesn't exist.  Ignored.
### build\compilers\GC\3.0a5.2\mwldeppc.exe Linker Warning:
#   FORCEACTIVE symbol 'lbl_41_data_BD78' is either not a global symbol or 
#   doesn't exist.  Ignored.
### build\compilers\GC\3.0a5.2\mwldeppc.exe Linker Warning:
#   FORCEACTIVE symbol 'lbl_41_data_C050' is either not a global symbol or 
#   doesn't exist.  Ignored.
### build\compilers\GC\3.0a5.2\mwldeppc.exe Linker Warning:
#   FORCEACTIVE symbol 'lbl_41_data_C064' is either not a global symbol or 
#   doesn't exist.  Ignored.
### build\compilers\GC\3.0a5.2\mwldeppc.exe Linker Warning:
#   FORCEACTIVE symbol 'lbl_41_data_D0A8' is either not a global symbol or 
#   doesn't exist.  Ignored.
### build\compilers\GC\3.0a5.2\mwldeppc.exe Linker Warning:
#   FORCEACTIVE symbol 'lbl_41_data_D0BC' is either not a global symbol or 
#   doesn't exist.  Ignored.
### build\compilers\GC\3.0a5.2\mwldeppc.exe Linker Warning:
#   FORCEACTIVE symbol 'lbl_41_data_E498' is either not a global symbol or 
#   doesn't exist.  Ignored.
### build\compilers\GC\3.0a5.2\mwldeppc.exe Linker Warning:
#   FORCEACTIVE symbol 'lbl_41_data_E4B4' is either not a global symbol or 
#   doesn't exist.  Ignored.
### build\compilers\GC\3.0a5.2\mwldeppc.exe Linker Warning:
#   FORCEACTIVE symbol 'lbl_41_data_EFAC' is either not a global symbol or 
#   doesn't exist.  Ignored.
### build\compilers\GC\3.0a5.2\mwldeppc.exe Linker Warning:
#   FORCEACTIVE symbol 'lbl_41_data_EFC4' is either not a global symbol or 
#   doesn't exist.  Ignored.
### build\compilers\GC\3.0a5.2\mwldeppc.exe Linker Warning:
#   FORCEACTIVE symbol 'lbl_41_data_F278' is either not a global symbol or 
#   doesn't exist.  Ignored.
### build\compilers\GC\3.0a5.2\mwldeppc.exe Linker Warning:
#   FORCEACTIVE symbol 'lbl_41_data_F290' is either not a global symbol or 
#   doesn't exist.  Ignored.
### build\compilers\GC\3.0a5.2\mwldeppc.exe Linker Warning:
#   FORCEACTIVE symbol 'lbl_41_data_F54C' is either not a global symbol or 
#   doesn't exist.  Ignored.
### build\compilers\GC\3.0a5.2\mwldeppc.exe Linker Warning:
#   FORCEACTIVE symbol 'lbl_41_data_F564' is either not a global symbol or 
#   doesn't exist.  Ignored.
### build\compilers\GC\3.0a5.2\mwldeppc.exe Linker Warning:
#   FORCEACTIVE symbol 'lbl_41_data_F7FC' is either not a global symbol or 
#   doesn't exist.  Ignored.
### build\compilers\GC\3.0a5.2\mwldeppc.exe Linker Warning:
#   FORCEACTIVE symbol 'lbl_41_data_F814' is either not a global symbol or 
#   doesn't exist.  Ignored.
### build\compilers\GC\3.0a5.2\mwldeppc.exe Linker Warning:
#   FORCEACTIVE symbol 'lbl_41_data_FAAC' is either not a global symbol or 
#   doesn't exist.  Ignored.
### build\compilers\GC\3.0a5.2\mwldeppc.exe Linker Warning:
#   FORCEACTIVE symbol 'lbl_41_data_FAC4' is either not a global symbol or 
#   doesn't exist.  Ignored.
### build\compilers\GC\3.0a5.2\mwldeppc.exe Linker Warning:
#   FORCEACTIVE symbol 'lbl_41_data_10400' is either not a global symbol or 
#   doesn't exist.  Ignored.
### build\compilers\GC\3.0a5.2\mwldeppc.exe Linker Warning:
#   FORCEACTIVE symbol 'lbl_41_data_10414' is either not a global symbol or 
#   doesn't exist.  Ignored.
### build\compilers\GC\3.0a5.2\mwldeppc.exe Linker Warning:
#   FORCEACTIVE symbol 'lbl_41_data_11140' is either not a global symbol or 
#   doesn't exist.  Ignored.
### build\compilers\GC\3.0a5.2\mwldeppc.exe Linker Warning:
#   FORCEACTIVE symbol 'lbl_41_data_1115C' is either not a global symbol or 
#   doesn't exist.  Ignored.
### build\compilers\GC\3.0a5.2\mwldeppc.exe Linker Warning:
#   FORCEACTIVE symbol 'lbl_41_data_11BBC' is either not a global symbol or 
#   doesn't exist.  Ignored.
### build\compilers\GC\3.0a5.2\mwldeppc.exe Linker Warning:
#   FORCEACTIVE symbol 'lbl_41_data_11BD4' is either not a global symbol or 
#   doesn't exist.  Ignored.
### build\compilers\GC\3.0a5.2\mwldeppc.exe Linker Warning:
#   FORCEACTIVE symbol 'lbl_41_data_12838' is either not a global symbol or 
#   doesn't exist.  Ignored.
### build\compilers\GC\3.0a5.2\mwldeppc.exe Linker Warning:
#   FORCEACTIVE symbol 'lbl_41_data_12850' is either not a global symbol or 
#   doesn't exist.  Ignored.
### build\compilers\GC\3.0a5.2\mwldeppc.exe Linker Warning:
#   FORCEACTIVE symbol 'lbl_41_data_12B30' is either not a global symbol or 
#   doesn't exist.  Ignored.
### build\compilers\GC\3.0a5.2\mwldeppc.exe Linker Warning:
#   FORCEACTIVE symbol 'lbl_41_data_12B48' is either not a global symbol or 
#   doesn't exist.  Ignored.
### build\compilers\GC\3.0a5.2\mwldeppc.exe Linker Warning:
#   FORCEACTIVE symbol 'lbl_41_data_12DE4' is either not a global symbol or 
#   doesn't exist.  Ignored.
### build\compilers\GC\3.0a5.2\mwldeppc.exe Linker Warning:
#   FORCEACTIVE symbol 'lbl_41_data_12DFC' is either not a global symbol or 
#   doesn't exist.  Ignored.
### build\compilers\GC\3.0a5.2\mwldeppc.exe Linker Warning:
#   FORCEACTIVE symbol 'lbl_41_data_130C0' is either not a global symbol or 
#   doesn't exist.  Ignored.
### build\compilers\GC\3.0a5.2\mwldeppc.exe Linker Warning:
#   FORCEACTIVE symbol 'lbl_41_data_130D8' is either not a global symbol or 
#   doesn't exist.  Ignored.
### build\compilers\GC\3.0a5.2\mwldeppc.exe Linker Warning:
#   FORCEACTIVE symbol 'lbl_41_data_13390' is either not a global symbol or 
#   doesn't exist.  Ignored.
### build\compilers\GC\3.0a5.2\mwldeppc.exe Linker Warning:
#   FORCEACTIVE symbol 'lbl_41_data_133A8' is either not a global symbol or 
#   doesn't exist.  Ignored.
### build\compilers\GC\3.0a5.2\mwldeppc.exe Linker Warning:
#   FORCEACTIVE symbol 'lbl_41_data_1366C' is either not a global symbol or 
#   doesn't exist.  Ignored.
### build\compilers\GC\3.0a5.2\mwldeppc.exe Linker Warning:
#   FORCEACTIVE symbol 'lbl_41_data_13680' is either not a global symbol or 
#   doesn't exist.  Ignored.
### build\compilers\GC\3.0a5.2\mwldeppc.exe Linker Warning:
#   FORCEACTIVE symbol 'lbl_41_data_140D8' is either not a global symbol or 
#   doesn't exist.  Ignored.
### build\compilers\GC\3.0a5.2\mwldeppc.exe Linker Warning:
#   FORCEACTIVE symbol 'lbl_41_data_140F0' is either not a global symbol or 
#   doesn't exist.  Ignored.
### build\compilers\GC\3.0a5.2\mwldeppc.exe Linker Warning:
#   FORCEACTIVE symbol 'lbl_41_data_14B48' is either not a global symbol or 
#   doesn't exist.  Ignored.
### build\compilers\GC\3.0a5.2\mwldeppc.exe Linker Warning:
#   FORCEACTIVE symbol 'lbl_41_data_14B60' is either not a global symbol or 
#   doesn't exist.  Ignored.
### build\compilers\GC\3.0a5.2\mwldeppc.exe Linker Warning:
#   FORCEACTIVE symbol 'lbl_41_data_15364' is either not a global symbol or 
#   doesn't exist.  Ignored.
### build\compilers\GC\3.0a5.2\mwldeppc.exe Linker Warning:
#   FORCEACTIVE symbol 'lbl_41_data_15380' is either not a global symbol or 
#   doesn't exist.  Ignored.
### build\compilers\GC\3.0a5.2\mwldeppc.exe Linker Warning:
#   FORCEACTIVE symbol 'lbl_41_data_15DC4' is either not a global symbol or 
#   doesn't exist.  Ignored.
### build\compilers\GC\3.0a5.2\mwldeppc.exe Linker Warning:
#   FORCEACTIVE symbol 'lbl_41_data_15DE0' is either not a global symbol or 
#   doesn't exist.  Ignored.
### build\compilers\GC\3.0a5.2\mwldeppc.exe Linker Warning:
#   FORCEACTIVE symbol 'lbl_41_data_16098' is either not a global symbol or 
#   doesn't exist.  Ignored.
### build\compilers\GC\3.0a5.2\mwldeppc.exe Linker Warning:
#   FORCEACTIVE symbol 'lbl_41_data_160B4' is either not a global symbol or 
#   doesn't exist.  Ignored.
### build\compilers\GC\3.0a5.2\mwldeppc.exe Linker Warning:
#   FORCEACTIVE symbol 'lbl_41_data_16FF4' is either not a global symbol or 
#   doesn't exist.  Ignored.
### build\compilers\GC\3.0a5.2\mwldeppc.exe Linker Warning:
#   FORCEACTIVE symbol 'lbl_41_data_1700C' is either not a global symbol or 
#   doesn't exist.  Ignored.
### build\compilers\GC\3.0a5.2\mwldeppc.exe Linker Warning:
#   FORCEACTIVE symbol 'lbl_41_data_17030' is either not a global symbol or 
#   doesn't exist.  Ignored.
### build\compilers\GC\3.0a5.2\mwldeppc.exe Linker Warning:
#   FORCEACTIVE symbol 'lbl_41_data_17050' is either not a global symbol or 
#   doesn't exist.  Ignored.
### build\compilers\GC\3.0a5.2\mwldeppc.exe Linker Warning:
#   FORCEACTIVE symbol 'lbl_41_data_17073' is either not a global symbol or 
#   doesn't exist.  Ignored.
### build\compilers\GC\3.0a5.2\mwldeppc.exe Linker Warning:
#   FORCEACTIVE symbol 'lbl_41_data_17092' is either not a global symbol or 
#   doesn't exist.  Ignored.
### build\compilers\GC\3.0a5.2\mwldeppc.exe Linker Warning:
#   FORCEACTIVE symbol 'lbl_41_data_1732C' is either not a global symbol or 
#   doesn't exist.  Ignored.
### build\compilers\GC\3.0a5.2\mwldeppc.exe Linker Warning:
#   FORCEACTIVE symbol 'lbl_41_data_17344' is either not a global symbol or 
#   doesn't exist.  Ignored.
### build\compilers\GC\3.0a5.2\mwldeppc.exe Linker Warning:
#   FORCEACTIVE symbol 'lbl_41_data_17C04' is either not a global symbol or 
#   doesn't exist.  Ignored.
### build\compilers\GC\3.0a5.2\mwldeppc.exe Linker Warning:
#   FORCEACTIVE symbol 'lbl_41_data_17C20' is either not a global symbol or 
#   doesn't exist.  Ignored.
### build\compilers\GC\3.0a5.2\mwldeppc.exe Linker Warning:
#   FORCEACTIVE symbol 'lbl_41_data_17EC4' is either not a global symbol or 
#   doesn't exist.  Ignored.
### build\compilers\GC\3.0a5.2\mwldeppc.exe Linker Warning:
#   FORCEACTIVE symbol 'lbl_41_data_17EE0' is either not a global symbol or 
#   doesn't exist.  Ignored.
### build\compilers\GC\3.0a5.2\mwldeppc.exe Linker Warning:
#   FORCEACTIVE symbol 'lbl_41_data_18984' is either not a global symbol or 
#   doesn't exist.  Ignored.
### build\compilers\GC\3.0a5.2\mwldeppc.exe Linker Warning:
#   FORCEACTIVE symbol 'lbl_41_data_1899C' is either not a global symbol or 
#   doesn't exist.  Ignored.
### build\compilers\GC\3.0a5.2\mwldeppc.exe Linker Warning:
#   FORCEACTIVE symbol 'lbl_41_data_18D14' is either not a global symbol or 
#   doesn't exist.  Ignored.
### build\compilers\GC\3.0a5.2\mwldeppc.exe Linker Warning:
#   FORCEACTIVE symbol 'lbl_41_data_18D2C' is either not a global symbol or 
#   doesn't exist.  Ignored.
### build\compilers\GC\3.0a5.2\mwldeppc.exe Linker Warning:
#   FORCEACTIVE symbol 'lbl_41_data_197D4' is either not a global symbol or 
#   doesn't exist.  Ignored.
### build\compilers\GC\3.0a5.2\mwldeppc.exe Linker Warning:
#   FORCEACTIVE symbol 'lbl_41_data_197EC' is either not a global symbol or 
#   doesn't exist.  Ignored.
### build\compilers\GC\3.0a5.2\mwldeppc.exe Linker Warning:
#   FORCEACTIVE symbol 'lbl_41_data_19810' is either not a global symbol or 
#   doesn't exist.  Ignored.
### build\compilers\GC\3.0a5.2\mwldeppc.exe Linker Warning:
#   FORCEACTIVE symbol 'lbl_41_data_19837' is either not a global symbol or 
#   doesn't exist.  Ignored.
### build\compilers\GC\3.0a5.2\mwldeppc.exe Linker Warning:
#   FORCEACTIVE symbol 'lbl_41_data_19862' is either not a global symbol or 
#   doesn't exist.  Ignored.
### build\compilers\GC\3.0a5.2\mwldeppc.exe Linker Warning:
#   FORCEACTIVE symbol 'lbl_41_data_1A7FC' is either not a global symbol or 
#   doesn't exist.  Ignored.
### build\compilers\GC\3.0a5.2\mwldeppc.exe Linker Warning:
#   FORCEACTIVE symbol 'lbl_41_data_1A810' is either not a global symbol or 
#   doesn't exist.  Ignored.
### build\compilers\GC\3.0a5.2\mwldeppc.exe Linker Warning:
#   FORCEACTIVE symbol 'lbl_41_data_1B3F0' is either not a global symbol or 
#   doesn't exist.  Ignored.
### build\compilers\GC\3.0a5.2\mwldeppc.exe Linker Warning:
#   FORCEACTIVE symbol 'lbl_41_data_1B408' is either not a global symbol or 
#   doesn't exist.  Ignored.
### build\compilers\GC\3.0a5.2\mwldeppc.exe Linker Warning:
#   FORCEACTIVE symbol 'lbl_41_data_1C71C' is either not a global symbol or 
#   doesn't exist.  Ignored.
### build\compilers\GC\3.0a5.2\mwldeppc.exe Linker Warning:
#   FORCEACTIVE symbol 'lbl_41_data_1C738' is either not a global symbol or 
#   doesn't exist.  Ignored.
### build\compilers\GC\3.0a5.2\mwldeppc.exe Linker Warning:
#   FORCEACTIVE symbol 'lbl_41_data_1CA9C' is either not a global symbol or 
#   doesn't exist.  Ignored.
### build\compilers\GC\3.0a5.2\mwldeppc.exe Linker Warning:
#   FORCEACTIVE symbol 'lbl_41_data_1CAB8' is either not a global symbol or 
#   doesn't exist.  Ignored.
### build\compilers\GC\3.0a5.2\mwldeppc.exe Linker Warning:
#   FORCEACTIVE symbol 'lbl_41_data_1DE9C' is either not a global symbol or 
#   doesn't exist.  Ignored.
### build\compilers\GC\3.0a5.2\mwldeppc.exe Linker Warning:
#   FORCEACTIVE symbol 'lbl_41_data_1DEB4' is either not a global symbol or 
#   doesn't exist.  Ignored.
### build\compilers\GC\3.0a5.2\mwldeppc.exe Linker Warning:
#   FORCEACTIVE symbol 'lbl_41_data_1DED8' is either not a global symbol or 
#   doesn't exist.  Ignored.
### build\compilers\GC\3.0a5.2\mwldeppc.exe Linker Warning:
#   FORCEACTIVE symbol 'lbl_41_data_1DF02' is either not a global symbol or 
#   doesn't exist.  Ignored.
### build\compilers\GC\3.0a5.2\mwldeppc.exe Linker Warning:
#   FORCEACTIVE symbol 'lbl_41_data_1DF32' is either not a global symbol or 
#   doesn't exist.  Ignored.
### build\compilers\GC\3.0a5.2\mwldeppc.exe Linker Warning:
#   FORCEACTIVE symbol 'lbl_41_data_1DF58' is either not a global symbol or 
#   doesn't exist.  Ignored.
### build\compilers\GC\3.0a5.2\mwldeppc.exe Linker Warning:
#   FORCEACTIVE symbol 'lbl_41_data_1EAC0' is either not a global symbol or 
#   doesn't exist.  Ignored.
### build\compilers\GC\3.0a5.2\mwldeppc.exe Linker Warning:
#   FORCEACTIVE symbol 'lbl_41_data_1EADC' is either not a global symbol or 
#   doesn't exist.  Ignored.
### build\compilers\GC\3.0a5.2\mwldeppc.exe Linker Warning:
#   FORCEACTIVE symbol 'lbl_41_data_1FE04' is either not a global symbol or 
#   doesn't exist.  Ignored.
### build\compilers\GC\3.0a5.2\mwldeppc.exe Linker Warning:
#   FORCEACTIVE symbol 'lbl_41_data_1FE20' is either not a global symbol or 
#   doesn't exist.  Ignored.
### build\compilers\GC\3.0a5.2\mwldeppc.exe Linker Warning:
#   FORCEACTIVE symbol 'lbl_41_bss_38' is either not a global symbol or 
#   doesn't exist.  Ignored.
### build\compilers\GC\3.0a5.2\mwldeppc.exe Linker Warning:
#   FORCEACTIVE symbol 'lbl_41_bss_260' is either not a global symbol or 
#   doesn't exist.  Ignored.
### build\compilers\GC\3.0a5.2\mwldeppc.exe Linker Warning:
#   FORCEACTIVE symbol 'lbl_41_bss_2A8' is either not a global symbol or 
#   doesn't exist.  Ignored.
### build\compilers\GC\3.0a5.2\mwldeppc.exe Linker Warning:
#   FORCEACTIVE symbol 'lbl_41_bss_2C0' is either not a global symbol or 
#   doesn't exist.  Ignored.
### build\compilers\GC\3.0a5.2\mwldeppc.exe Linker Warning:
#   FORCEACTIVE symbol 'lbl_41_bss_2D8' is either not a global symbol or 
#   doesn't exist.  Ignored.
### build\compilers\GC\3.0a5.2\mwldeppc.exe Linker Warning:
#   FORCEACTIVE symbol 'lbl_41_bss_2F0' is either not a global symbol or 
#   doesn't exist.  Ignored.
### build\compilers\GC\3.0a5.2\mwldeppc.exe Linker Warning:
#   FORCEACTIVE symbol 'lbl_41_bss_2FC' is either not a global symbol or 
#   doesn't exist.  Ignored.
### build\compilers\GC\3.0a5.2\mwldeppc.exe Linker Warning:
#   FORCEACTIVE symbol 'lbl_41_bss_318' is either not a global symbol or 
#   doesn't exist.  Ignored.
### build\compilers\GC\3.0a5.2\mwldeppc.exe Linker Warning:
#   FORCEACTIVE symbol 'lbl_41_bss_330' is either not a global symbol or 
#   doesn't exist.  Ignored.
### build\compilers\GC\3.0a5.2\mwldeppc.exe Linker Warning:
#   FORCEACTIVE symbol 'lbl_41_bss_348' is either not a global symbol or 
#   doesn't exist.  Ignored.
### build\compilers\GC\3.0a5.2\mwldeppc.exe Linker Warning:
#   FORCEACTIVE symbol 'lbl_41_bss_370' is either not a global symbol or 
#   doesn't exist.  Ignored.
### build\compilers\GC\3.0a5.2\mwldeppc.exe Linker Warning:
#   FORCEACTIVE symbol 'lbl_41_bss_388' is either not a global symbol or 
#   doesn't exist.  Ignored.
### build\compilers\GC\3.0a5.2\mwldeppc.exe Linker Warning:
#   FORCEACTIVE symbol 'lbl_41_bss_3A0' is either not a global symbol or 
#   doesn't exist.  Ignored.
### build\compilers\GC\3.0a5.2\mwldeppc.exe Linker Warning:
#   FORCEACTIVE symbol 'lbl_41_bss_3B8' is either not a global symbol or 
#   doesn't exist.  Ignored.
### build\compilers\GC\3.0a5.2\mwldeppc.exe Linker Warning:
#   FORCEACTIVE symbol 'lbl_41_bss_3D0' is either not a global symbol or 
#   doesn't exist.  Ignored.
### build\compilers\GC\3.0a5.2\mwldeppc.exe Linker Warning:
#   FORCEACTIVE symbol 'lbl_41_bss_3E8' is either not a global symbol or 
#   doesn't exist.  Ignored.
### build\compilers\GC\3.0a5.2\mwldeppc.exe Linker Warning:
#   FORCEACTIVE symbol 'lbl_41_bss_410' is either not a global symbol or 
#   doesn't exist.  Ignored.
### build\compilers\GC\3.0a5.2\mwldeppc.exe Linker Warning:
#   FORCEACTIVE symbol 'lbl_41_bss_428' is either not a global symbol or 
#   doesn't exist.  Ignored.
### build\compilers\GC\3.0a5.2\mwldeppc.exe Linker Warning:
#   FORCEACTIVE symbol 'lbl_41_bss_440' is either not a global symbol or 
#   doesn't exist.  Ignored.
### build\compilers\GC\3.0a5.2\mwldeppc.exe Linker Warning:
#   FORCEACTIVE symbol 'lbl_41_bss_458' is either not a global symbol or 
#   doesn't exist.  Ignored.
### build\compilers\GC\3.0a5.2\mwldeppc.exe Linker Warning:
#   FORCEACTIVE symbol 'lbl_41_bss_538' is either not a global symbol or 
#   doesn't exist.  Ignored.
### build\compilers\GC\3.0a5.2\mwldeppc.exe Linker Warning:
#   FORCEACTIVE symbol 'lbl_41_bss_550' is either not a global symbol or 
#   doesn't exist.  Ignored.
### build\compilers\GC\3.0a5.2\mwldeppc.exe Linker Warning:
#   FORCEACTIVE symbol 'lbl_41_bss_568' is either not a global symbol or 
#   doesn't exist.  Ignored.
### build\compilers\GC\3.0a5.2\mwldeppc.exe Linker Warning:
#   FORCEACTIVE symbol 'lbl_41_bss_580' is either not a global symbol or 
#   doesn't exist.  Ignored.
### build\compilers\GC\3.0a5.2\mwldeppc.exe Linker Warning:
#   FORCEACTIVE symbol 'lbl_41_bss_598' is either not a global symbol or 
#   doesn't exist.  Ignored.
### build\compilers\GC\3.0a5.2\mwldeppc.exe Linker Warning:
#   FORCEACTIVE symbol 'lbl_41_bss_5B0' is either not a global symbol or 
#   doesn't exist.  Ignored.
### build\compilers\GC\3.0a5.2\mwldeppc.exe Linker Warning:
#   FORCEACTIVE symbol 'lbl_41_bss_5C8' is either not a global symbol or 
#   doesn't exist.  Ignored.
### build\compilers\GC\3.0a5.2\mwldeppc.exe Linker Warning:
#   FORCEACTIVE symbol 'lbl_41_bss_5E0' is either not a global symbol or 
#   doesn't exist.  Ignored.
### build\compilers\GC\3.0a5.2\mwldeppc.exe Linker Warning:
#   FORCEACTIVE symbol 'lbl_41_bss_5F8' is either not a global symbol or 
#   doesn't exist.  Ignored.
### build\compilers\GC\3.0a5.2\mwldeppc.exe Linker Warning:
#   FORCEACTIVE symbol 'lbl_41_bss_610' is either not a global symbol or 
#   doesn't exist.  Ignored.
### build\compilers\GC\3.0a5.2\mwldeppc.exe Linker Warning:
#   FORCEACTIVE symbol 'lbl_41_bss_628' is either not a global symbol or 
#   doesn't exist.  Ignored.
### build\compilers\GC\3.0a5.2\mwldeppc.exe Linker Warning:
#   FORCEACTIVE symbol 'lbl_41_bss_634' is either not a global symbol or 
#   doesn't exist.  Ignored.
### build\compilers\GC\3.0a5.2\mwldeppc.exe Linker Warning:
#   FORCEACTIVE symbol 'lbl_41_bss_640' is either not a global symbol or 
#   doesn't exist.  Ignored.
### build\compilers\GC\3.0a5.2\mwldeppc.exe Linker Warning:
#   FORCEACTIVE symbol 'lbl_41_bss_668' is either not a global symbol or 
#   doesn't exist.  Ignored.
### build\compilers\GC\3.0a5.2\mwldeppc.exe Linker Warning:
#   FORCEACTIVE symbol 'lbl_41_bss_680' is either not a global symbol or 
#   doesn't exist.  Ignored.
### build\compilers\GC\3.0a5.2\mwldeppc.exe Linker Warning:
#   FORCEACTIVE symbol 'lbl_41_bss_698' is either not a global symbol or 
#   doesn't exist.  Ignored.
### build\compilers\GC\3.0a5.2\mwldeppc.exe Linker Warning:
#   FORCEACTIVE symbol 'lbl_41_bss_6B0' is either not a global symbol or 
#   doesn't exist.  Ignored.
### build\compilers\GC\3.0a5.2\mwldeppc.exe Linker Warning:
#   FORCEACTIVE symbol 'lbl_41_bss_6C8' is either not a global symbol or 
#   doesn't exist.  Ignored.
### build\compilers\GC\3.0a5.2\mwldeppc.exe Linker Warning:
#   FORCEACTIVE symbol 'lbl_41_bss_6E0' is either not a global symbol or 
#   doesn't exist.  Ignored.
### build\compilers\GC\3.0a5.2\mwldeppc.exe Linker Warning:
#   FORCEACTIVE symbol 'lbl_41_bss_6F8' is either not a global symbol or 
#   doesn't exist.  Ignored.
### build\compilers\GC\3.0a5.2\mwldeppc.exe Linker Warning:
#   FORCEACTIVE symbol 'lbl_41_bss_710' is either not a global symbol or 
#   doesn't exist.  Ignored.
### build\compilers\GC\3.0a5.2\mwldeppc.exe Linker Warning:
#   FORCEACTIVE symbol 'lbl_41_bss_728' is either not a global symbol or 
#   doesn't exist.  Ignored.
### build\compilers\GC\3.0a5.2\mwldeppc.exe Linker Warning:
#   FORCEACTIVE symbol 'lbl_41_bss_740' is either not a global symbol or 
#   doesn't exist.  Ignored.
### build\compilers\GC\3.0a5.2\mwldeppc.exe Linker Warning:
#   FORCEACTIVE symbol 'lbl_41_bss_758' is either not a global symbol or 
#   doesn't exist.  Ignored.
### build\compilers\GC\3.0a5.2\mwldeppc.exe Linker Warning:
#   FORCEACTIVE symbol 'lbl_41_bss_770' is either not a global symbol or 
#   doesn't exist.  Ignored.
### build\compilers\GC\3.0a5.2\mwldeppc.exe Linker Warning:
#   FORCEACTIVE symbol 'lbl_41_bss_788' is either not a global symbol or 
#   doesn't exist.  Ignored.
### build\compilers\GC\3.0a5.2\mwldeppc.exe Linker Warning:
#   FORCEACTIVE symbol 'lbl_41_bss_7A0' is either not a global symbol or 
#   doesn't exist.  Ignored.
### build\compilers\GC\3.0a5.2\mwldeppc.exe Linker Warning:
#   FORCEACTIVE symbol 'lbl_41_bss_7B8' is either not a global symbol or 
#   doesn't exist.  Ignored.
### build\compilers\GC\3.0a5.2\mwldeppc.exe Linker Warning:
#   FORCEACTIVE symbol 'lbl_41_bss_7D0' is either not a global symbol or 
#   doesn't exist.  Ignored.
### build\compilers\GC\3.0a5.2\mwldeppc.exe Linker Warning:
#   FORCEACTIVE symbol 'lbl_41_bss_7E8' is either not a global symbol or 
#   doesn't exist.  Ignored.
### build\compilers\GC\3.0a5.2\mwldeppc.exe Linker Warning:
#   FORCEACTIVE symbol 'lbl_41_bss_800' is either not a global symbol or 
#   doesn't exist.  Ignored.
### build\compilers\GC\3.0a5.2\mwldeppc.exe Linker Warning:
#   FORCEACTIVE symbol 'lbl_41_bss_818' is either not a global symbol or 
#   doesn't exist.  Ignored.
### build\compilers\GC\3.0a5.2\mwldeppc.exe Linker Warning:
#   FORCEACTIVE symbol 'lbl_41_bss_830' is either not a global symbol or 
#   doesn't exist.  Ignored.
### build\compilers\GC\3.0a5.2\mwldeppc.exe Linker Warning:
#   FORCEACTIVE symbol 'lbl_41_bss_848' is either not a global symbol or 
#   doesn't exist.  Ignored.
[396/480] LINK build\RSBE01_01\st_dxrcruise\st_dxrcruise.plf
[397/480] LINK build\RSBE01_01\st_dxzebes\st_dxzebes.plf
[398/480] LINK build\RSBE01_01\st_stageedit\st_stageedit.plf
[399/480] LINK build\RSBE01_01\st_dxonett\st_dxonett.plf
[400/480] LINK build\RSBE01_01\st_dxpstadium\st_dxpstadium.plf
[401/480] LINK build\RSBE01_01\st_dxcorneria\st_dxcorneria.plf
### build\compilers\GC\3.0a5.2\mwldeppc.exe Linker Warning:
#   FORCEACTIVE symbol 'lbl_82_rodata_C0' is either not a global symbol or 
#   doesn't exist.  Ignored.
### build\compilers\GC\3.0a5.2\mwldeppc.exe Linker Warning:
#   FORCEACTIVE symbol 'lbl_82_rodata_C4' is either not a global symbol or 
#   doesn't exist.  Ignored.
### build\compilers\GC\3.0a5.2\mwldeppc.exe Linker Warning:
#   FORCEACTIVE symbol 'lbl_82_rodata_C8' is either not a global symbol or 
#   doesn't exist.  Ignored.
### build\compilers\GC\3.0a5.2\mwldeppc.exe Linker Warning:
#   FORCEACTIVE symbol 'lbl_82_data_6B0' is either not a global symbol or 
#   doesn't exist.  Ignored.
### build\compilers\GC\3.0a5.2\mwldeppc.exe Linker Warning:
#   FORCEACTIVE symbol 'lbl_82_data_8A0' is either not a global symbol or 
#   doesn't exist.  Ignored.
### build\compilers\GC\3.0a5.2\mwldeppc.exe Linker Warning:
#   FORCEACTIVE symbol 'lbl_82_data_8B4' is either not a global symbol or 
#   doesn't exist.  Ignored.
### build\compilers\GC\3.0a5.2\mwldeppc.exe Linker Warning:
#   FORCEACTIVE symbol 'lbl_82_data_AB8' is either not a global symbol or 
#   doesn't exist.  Ignored.
### build\compilers\GC\3.0a5.2\mwldeppc.exe Linker Warning:
#   FORCEACTIVE symbol 'lbl_82_data_AC8' is either not a global symbol or 
#   doesn't exist.  Ignored.
### build\compilers\GC\3.0a5.2\mwldeppc.exe Linker Warning:
#   FORCEACTIVE symbol 'lbl_82_data_B08' is either not a global symbol or 
#   doesn't exist.  Ignored.
### build\compilers\GC\3.0a5.2\mwldeppc.exe Linker Warning:
#   FORCEACTIVE symbol 'lbl_82_data_B14' is either not a global symbol or 
#   doesn't exist.  Ignored.
### build\compilers\GC\3.0a5.2\mwldeppc.exe Linker Warning:
#   FORCEACTIVE symbol 'lbl_82_data_B48' is either not a global symbol or 
#   doesn't exist.  Ignored.
### build\compilers\GC\3.0a5.2\mwldeppc.exe Linker Warning:
#   FORCEACTIVE symbol 'lbl_82_data_B58' is either not a global symbol or 
#   doesn't exist.  Ignored.
### build\compilers\GC\3.0a5.2\mwldeppc.exe Linker Warning:
#   FORCEACTIVE symbol 'lbl_82_data_B88' is either not a global symbol or 
#   doesn't exist.  Ignored.
### build\compilers\GC\3.0a5.2\mwldeppc.exe Linker Warning:
#   FORCEACTIVE symbol 'lbl_82_data_B94' is either not a global symbol or 
#   doesn't exist.  Ignored.
### build\compilers\GC\3.0a5.2\mwldeppc.exe Linker Warning:
#   FORCEACTIVE symbol 'lbl_82_data_BB8' is either not a global symbol or 
#   doesn't exist.  Ignored.
### build\compilers\GC\3.0a5.2\mwldeppc.exe Linker Warning:
#   FORCEACTIVE symbol 'lbl_82_data_BC4' is either not a global symbol or 
#   doesn't exist.  Ignored.
### build\compilers\GC\3.0a5.2\mwldeppc.exe Linker Warning:
#   FORCEACTIVE symbol 'lbl_82_data_BE0' is either not a global symbol or 
#   doesn't exist.  Ignored.
### build\compilers\GC\3.0a5.2\mwldeppc.exe Linker Warning:
#   FORCEACTIVE symbol 'lbl_82_data_BE8' is either not a global symbol or 
#   doesn't exist.  Ignored.
[402/480] LINK build\RSBE01_01\st_otrain\st_otrain.plf
### build\compilers\GC\3.0a5.2\mwldeppc.exe Linker Warning:
#   FORCEACTIVE symbol '__sinit_\st_onlinetrainning_cpp' is either not a 
#   global symbol or doesn't exist.  Ignored.
### build\compilers\GC\3.0a5.2\mwldeppc.exe Linker Warning:
#   FORCEACTIVE symbol 'lbl_86_rodata_0' is either not a global symbol or 
#   doesn't exist.  Ignored.
### build\compilers\GC\3.0a5.2\mwldeppc.exe Linker Warning:
#   FORCEACTIVE symbol 'lbl_86_rodata_4' is either not a global symbol or 
#   doesn't exist.  Ignored.
### build\compilers\GC\3.0a5.2\mwldeppc.exe Linker Warning:
#   FORCEACTIVE symbol 'lbl_86_rodata_8' is either not a global symbol or 
#   doesn't exist.  Ignored.
### build\compilers\GC\3.0a5.2\mwldeppc.exe Linker Warning:
#   FORCEACTIVE symbol 'lbl_86_data_4' is either not a global symbol or 
#   doesn't exist.  Ignored.
### build\compilers\GC\3.0a5.2\mwldeppc.exe Linker Warning:
#   FORCEACTIVE symbol 'lbl_86_data_264' is either not a global symbol or 
#   doesn't exist.  Ignored.
### build\compilers\GC\3.0a5.2\mwldeppc.exe Linker Warning:
#   FORCEACTIVE symbol 'lbl_86_data_278' is either not a global symbol or 
#   doesn't exist.  Ignored.
### build\compilers\GC\3.0a5.2\mwldeppc.exe Linker Warning:
#   FORCEACTIVE symbol 'lbl_86_data_2A8' is either not a global symbol or 
#   doesn't exist.  Ignored.
### build\compilers\GC\3.0a5.2\mwldeppc.exe Linker Warning:
#   FORCEACTIVE symbol 'lbl_86_data_2B0' is either not a global symbol or 
#   doesn't exist.  Ignored.
### build\compilers\GC\3.0a5.2\mwldeppc.exe Linker Warning:
#   FORCEACTIVE symbol 'lbl_86_data_2D8' is either not a global symbol or 
#   doesn't exist.  Ignored.
### build\compilers\GC\3.0a5.2\mwldeppc.exe Linker Warning:
#   FORCEACTIVE symbol 'lbl_86_data_2E8' is either not a global symbol or 
#   doesn't exist.  Ignored.
### build\compilers\GC\3.0a5.2\mwldeppc.exe Linker Warning:
#   FORCEACTIVE symbol 'lbl_86_data_308' is either not a global symbol or 
#   doesn't exist.  Ignored.
### build\compilers\GC\3.0a5.2\mwldeppc.exe Linker Warning:
#   FORCEACTIVE symbol 'lbl_86_data_310' is either not a global symbol or 
#   doesn't exist.  Ignored.
### build\compilers\GC\3.0a5.2\mwldeppc.exe Linker Warning:
#   FORCEACTIVE symbol 'lbl_86_data_328' is either not a global symbol or 
#   doesn't exist.  Ignored.
### build\compilers\GC\3.0a5.2\mwldeppc.exe Linker Warning:
#   FORCEACTIVE symbol 'lbl_86_data_34C' is either not a global symbol or 
#   doesn't exist.  Ignored.
### build\compilers\GC\3.0a5.2\mwldeppc.exe Linker Warning:
#   FORCEACTIVE symbol 'lbl_86_data_374' is either not a global symbol or 
#   doesn't exist.  Ignored.
### build\compilers\GC\3.0a5.2\mwldeppc.exe Linker Warning:
#   FORCEACTIVE symbol 'lbl_86_data_388' is either not a global symbol or 
#   doesn't exist.  Ignored.
### build\compilers\GC\3.0a5.2\mwldeppc.exe Linker Warning:
#   FORCEACTIVE symbol 'lbl_86_bss_8' is either not a global symbol or doesn't 
#   exist.  Ignored.
[403/480] LINK build\RSBE01_01\st_dxbigblue\st_dxbigblue.plf
### build\compilers\GC\3.0a5.2\mwldeppc.exe Linker Warning:
#   FORCEACTIVE symbol 'lbl_81_rodata_90' is either not a global symbol or 
#   doesn't exist.  Ignored.
### build\compilers\GC\3.0a5.2\mwldeppc.exe Linker Warning:
#   FORCEACTIVE symbol 'lbl_81_data_970' is either not a global symbol or 
#   doesn't exist.  Ignored.
### build\compilers\GC\3.0a5.2\mwldeppc.exe Linker Warning:
#   FORCEACTIVE symbol 'lbl_81_data_97C' is either not a global symbol or 
#   doesn't exist.  Ignored.
### build\compilers\GC\3.0a5.2\mwldeppc.exe Linker Warning:
#   FORCEACTIVE symbol 'lbl_81_data_9A8' is either not a global symbol or 
#   doesn't exist.  Ignored.
### build\compilers\GC\3.0a5.2\mwldeppc.exe Linker Warning:
#   FORCEACTIVE symbol 'lbl_81_data_9B4' is either not a global symbol or 
#   doesn't exist.  Ignored.
### build\compilers\GC\3.0a5.2\mwldeppc.exe Linker Warning:
#   FORCEACTIVE symbol 'lbl_81_data_9D8' is either not a global symbol or 
#   doesn't exist.  Ignored.
### build\compilers\GC\3.0a5.2\mwldeppc.exe Linker Warning:
#   FORCEACTIVE symbol 'lbl_81_data_9E4' is either not a global symbol or 
#   doesn't exist.  Ignored.
### build\compilers\GC\3.0a5.2\mwldeppc.exe Linker Warning:
#   FORCEACTIVE symbol 'lbl_81_data_A00' is either not a global symbol or 
#   doesn't exist.  Ignored.
### build\compilers\GC\3.0a5.2\mwldeppc.exe Linker Warning:
#   FORCEACTIVE symbol 'lbl_81_data_A08' is either not a global symbol or 
#   doesn't exist.  Ignored.
[404/480] LINK build\RSBE01_01\st_dxyorster\st_dxyorster.plf
### build\compilers\GC\3.0a5.2\mwldeppc.exe Linker Warning:
#   FORCEACTIVE symbol '__sinit_\st_dxyorster_cpp' is either not a global 
#   symbol or doesn't exist.  Ignored.
### build\compilers\GC\3.0a5.2\mwldeppc.exe Linker Warning:
#   FORCEACTIVE symbol 'lbl_76_rodata_0' is either not a global symbol or 
#   doesn't exist.  Ignored.
### build\compilers\GC\3.0a5.2\mwldeppc.exe Linker Warning:
#   FORCEACTIVE symbol 'lbl_76_rodata_4' is either not a global symbol or 
#   doesn't exist.  Ignored.
### build\compilers\GC\3.0a5.2\mwldeppc.exe Linker Warning:
#   FORCEACTIVE symbol 'lbl_76_data_0' is either not a global symbol or 
#   doesn't exist.  Ignored.
### build\compilers\GC\3.0a5.2\mwldeppc.exe Linker Warning:
#   FORCEACTIVE symbol 'lbl_76_data_C' is either not a global symbol or 
#   doesn't exist.  Ignored.
### build\compilers\GC\3.0a5.2\mwldeppc.exe Linker Warning:
#   FORCEACTIVE symbol 'lbl_76_data_1C' is either not a global symbol or 
#   doesn't exist.  Ignored.
### build\compilers\GC\3.0a5.2\mwldeppc.exe Linker Warning:
#   FORCEACTIVE symbol 'lbl_76_data_2C' is either not a global symbol or 
#   doesn't exist.  Ignored.
### build\compilers\GC\3.0a5.2\mwldeppc.exe Linker Warning:
#   FORCEACTIVE symbol 'lbl_76_data_3C' is either not a global symbol or 
#   doesn't exist.  Ignored.
### build\compilers\GC\3.0a5.2\mwldeppc.exe Linker Warning:
#   FORCEACTIVE symbol 'lbl_76_data_7C' is either not a global symbol or 
#   doesn't exist.  Ignored.
### build\compilers\GC\3.0a5.2\mwldeppc.exe Linker Warning:
#   FORCEACTIVE symbol 'lbl_76_data_94' is either not a global symbol or 
#   doesn't exist.  Ignored.
### build\compilers\GC\3.0a5.2\mwldeppc.exe Linker Warning:
#   FORCEACTIVE symbol 'lbl_76_data_A8' is either not a global symbol or 
#   doesn't exist.  Ignored.
### build\compilers\GC\3.0a5.2\mwldeppc.exe Linker Warning:
#   FORCEACTIVE symbol 'lbl_76_data_C0' is either not a global symbol or 
#   doesn't exist.  Ignored.
### build\compilers\GC\3.0a5.2\mwldeppc.exe Linker Warning:
#   FORCEACTIVE symbol 'lbl_76_data_300' is either not a global symbol or 
#   doesn't exist.  Ignored.
### build\compilers\GC\3.0a5.2\mwldeppc.exe Linker Warning:
#   FORCEACTIVE symbol 'lbl_76_data_30C' is either not a global symbol or 
#   doesn't exist.  Ignored.
### build\compilers\GC\3.0a5.2\mwldeppc.exe Linker Warning:
#   FORCEACTIVE symbol 'lbl_76_data_338' is either not a global symbol or 
#   doesn't exist.  Ignored.
### build\compilers\GC\3.0a5.2\mwldeppc.exe Linker Warning:
#   FORCEACTIVE symbol 'lbl_76_data_340' is either not a global symbol or 
#   doesn't exist.  Ignored.
### build\compilers\GC\3.0a5.2\mwldeppc.exe Linker Warning:
#   FORCEACTIVE symbol 'lbl_76_data_368' is either not a global symbol or 
#   doesn't exist.  Ignored.
### build\compilers\GC\3.0a5.2\mwldeppc.exe Linker Warning:
#   FORCEACTIVE symbol 'lbl_76_data_378' is either not a global symbol or 
#   doesn't exist.  Ignored.
### build\compilers\GC\3.0a5.2\mwldeppc.exe Linker Warning:
#   FORCEACTIVE symbol 'lbl_76_data_398' is either not a global symbol or 
#   doesn't exist.  Ignored.
### build\compilers\GC\3.0a5.2\mwldeppc.exe Linker Warning:
#   FORCEACTIVE symbol 'lbl_76_data_3A0' is either not a global symbol or 
#   doesn't exist.  Ignored.
### build\compilers\GC\3.0a5.2\mwldeppc.exe Linker Warning:
#   FORCEACTIVE symbol 'lbl_76_data_3B8' is either not a global symbol or 
#   doesn't exist.  Ignored.
### build\compilers\GC\3.0a5.2\mwldeppc.exe Linker Warning:
#   FORCEACTIVE symbol 'lbl_76_data_3DC' is either not a global symbol or 
#   doesn't exist.  Ignored.
### build\compilers\GC\3.0a5.2\mwldeppc.exe Linker Warning:
#   FORCEACTIVE symbol 'lbl_76_data_400' is either not a global symbol or 
#   doesn't exist.  Ignored.
### build\compilers\GC\3.0a5.2\mwldeppc.exe Linker Warning:
#   FORCEACTIVE symbol 'lbl_76_data_418' is either not a global symbol or 
#   doesn't exist.  Ignored.
### build\compilers\GC\3.0a5.2\mwldeppc.exe Linker Warning:
#   FORCEACTIVE symbol 'lbl_76_bss_8' is either not a global symbol or doesn't 
#   exist.  Ignored.
[405/480] LINK build\RSBE01_01\st_homerun\st_homerun.plf
[406/480] LINK build\RSBE01_01\st_tbreak\st_tbreak.plf
### build\compilers\GC\3.0a5.2\mwldeppc.exe Linker Warning:
#   FORCEACTIVE symbol 'lbl_89_rodata_A0' is either not a global symbol or 
#   doesn't exist.  Ignored.
### build\compilers\GC\3.0a5.2\mwldeppc.exe Linker Warning:
#   FORCEACTIVE symbol 'lbl_89_data_EB0' is either not a global symbol or 
#   doesn't exist.  Ignored.
### build\compilers\GC\3.0a5.2\mwldeppc.exe Linker Warning:
#   FORCEACTIVE symbol 'lbl_89_data_EC0' is either not a global symbol or 
#   doesn't exist.  Ignored.
### build\compilers\GC\3.0a5.2\mwldeppc.exe Linker Warning:
#   FORCEACTIVE symbol 'lbl_89_data_EF8' is either not a global symbol or 
#   doesn't exist.  Ignored.
### build\compilers\GC\3.0a5.2\mwldeppc.exe Linker Warning:
#   FORCEACTIVE symbol 'lbl_89_data_F00' is either not a global symbol or 
#   doesn't exist.  Ignored.
### build\compilers\GC\3.0a5.2\mwldeppc.exe Linker Warning:
#   FORCEACTIVE symbol 'lbl_89_data_F0C' is either not a global symbol or 
#   doesn't exist.  Ignored.
### build\compilers\GC\3.0a5.2\mwldeppc.exe Linker Warning:
#   FORCEACTIVE symbol 'lbl_89_data_F38' is either not a global symbol or 
#   doesn't exist.  Ignored.
### build\compilers\GC\3.0a5.2\mwldeppc.exe Linker Warning:
#   FORCEACTIVE symbol 'lbl_89_data_F40' is either not a global symbol or 
#   doesn't exist.  Ignored.
### build\compilers\GC\3.0a5.2\mwldeppc.exe Linker Warning:
#   FORCEACTIVE symbol 'lbl_89_data_F50' is either not a global symbol or 
#   doesn't exist.  Ignored.
### build\compilers\GC\3.0a5.2\mwldeppc.exe Linker Warning:
#   FORCEACTIVE symbol 'lbl_89_data_F78' is either not a global symbol or 
#   doesn't exist.  Ignored.
[407/480] LINK build\RSBE01_01\st_croll\st_croll.plf
[408/480] LINK build\RSBE01_01\ft_mario\ft_mario.plf
[409/480] LINK build\RSBE01_01\st_heal\st_heal.plf
### build\compilers\GC\3.0a5.2\mwldeppc.exe Linker Warning:
#   FORCEACTIVE symbol '__sinit_\st_heal_cpp' is either not a global symbol or 
#   doesn't exist.  Ignored.
### build\compilers\GC\3.0a5.2\mwldeppc.exe Linker Warning:
#   FORCEACTIVE symbol 'lbl_87_rodata_0' is either not a global symbol or 
#   doesn't exist.  Ignored.
### build\compilers\GC\3.0a5.2\mwldeppc.exe Linker Warning:
#   FORCEACTIVE symbol 'lbl_87_rodata_8' is either not a global symbol or 
#   doesn't exist.  Ignored.
### build\compilers\GC\3.0a5.2\mwldeppc.exe Linker Warning:
#   FORCEACTIVE symbol 'lbl_87_rodata_10' is either not a global symbol or 
#   doesn't exist.  Ignored.
### build\compilers\GC\3.0a5.2\mwldeppc.exe Linker Warning:
#   FORCEACTIVE symbol 'lbl_87_data_0' is either not a global symbol or 
#   doesn't exist.  Ignored.
### build\compilers\GC\3.0a5.2\mwldeppc.exe Linker Warning:
#   FORCEACTIVE symbol 'lbl_87_data_4' is either not a global symbol or 
#   doesn't exist.  Ignored.
### build\compilers\GC\3.0a5.2\mwldeppc.exe Linker Warning:
#   FORCEACTIVE symbol 'lbl_87_data_32C' is either not a global symbol or 
#   doesn't exist.  Ignored.
### build\compilers\GC\3.0a5.2\mwldeppc.exe Linker Warning:
#   FORCEACTIVE symbol 'lbl_87_data_334' is either not a global symbol or 
#   doesn't exist.  Ignored.
### build\compilers\GC\3.0a5.2\mwldeppc.exe Linker Warning:
#   FORCEACTIVE symbol 'lbl_87_data_360' is either not a global symbol or 
#   doesn't exist.  Ignored.
### build\compilers\GC\3.0a5.2\mwldeppc.exe Linker Warning:
#   FORCEACTIVE symbol 'lbl_87_data_368' is either not a global symbol or 
#   doesn't exist.  Ignored.
### build\compilers\GC\3.0a5.2\mwldeppc.exe Linker Warning:
#   FORCEACTIVE symbol 'lbl_87_data_390' is either not a global symbol or 
#   doesn't exist.  Ignored.
### build\compilers\GC\3.0a5.2\mwldeppc.exe Linker Warning:
#   FORCEACTIVE symbol 'lbl_87_data_3A0' is either not a global symbol or 
#   doesn't exist.  Ignored.
### build\compilers\GC\3.0a5.2\mwldeppc.exe Linker Warning:
#   FORCEACTIVE symbol 'lbl_87_data_3C0' is either not a global symbol or 
#   doesn't exist.  Ignored.
### build\compilers\GC\3.0a5.2\mwldeppc.exe Linker Warning:
#   FORCEACTIVE symbol 'lbl_87_data_3C8' is either not a global symbol or 
#   doesn't exist.  Ignored.
### build\compilers\GC\3.0a5.2\mwldeppc.exe Linker Warning:
#   FORCEACTIVE symbol 'lbl_87_data_3E0' is either not a global symbol or 
#   doesn't exist.  Ignored.
### build\compilers\GC\3.0a5.2\mwldeppc.exe Linker Warning:
#   FORCEACTIVE symbol 'lbl_87_data_404' is either not a global symbol or 
#   doesn't exist.  Ignored.
### build\compilers\GC\3.0a5.2\mwldeppc.exe Linker Warning:
#   FORCEACTIVE symbol 'lbl_87_data_420' is either not a global symbol or 
#   doesn't exist.  Ignored.
### build\compilers\GC\3.0a5.2\mwldeppc.exe Linker Warning:
#   FORCEACTIVE symbol 'lbl_87_data_438' is either not a global symbol or 
#   doesn't exist.  Ignored.
### build\compilers\GC\3.0a5.2\mwldeppc.exe Linker Warning:
#   FORCEACTIVE symbol 'lbl_87_bss_8' is either not a global symbol or doesn't 
#   exist.  Ignored.
[410/480] LINK build\RSBE01_01\ft_donkey\ft_donkey.plf
[411/480] LINK build\RSBE01_01\ft_fox\ft_fox.plf
[412/480] LINK build\RSBE01_01\ft_link\ft_link.plf
[413/480] LINK build\RSBE01_01\ft_kirby\ft_kirby.plf
[414/480] LINK build\RSBE01_01\ft_samus\ft_samus.plf
[415/480] LINK build\RSBE01_01\ft_luigi\ft_luigi.plf
[416/480] LINK build\RSBE01_01\ft_yoshi\ft_yoshi.plf
[417/480] LINK build\RSBE01_01\ft_pikachu\ft_pikachu.plf
[418/480] LINK build\RSBE01_01\ft_koopa\ft_koopa.plf
[419/480] LINK build\RSBE01_01\ft_ness\ft_ness.plf
[420/480] LINK build\RSBE01_01\ft_marth\ft_marth.plf
[421/480] LINK build\RSBE01_01\ft_falco\ft_falco.plf
[422/480] LINK build\RSBE01_01\ft_iceclimber\ft_iceclimber.plf
[423/480] LINK build\RSBE01_01\ft_captain\ft_captain.plf
[424/480] LINK build\RSBE01_01\ft_zelda\ft_zelda.plf
[425/480] LINK build\RSBE01_01\ft_ganon\ft_ganon.plf
[426/480] LINK build\RSBE01_01\ft_pit\ft_pit.plf
[427/480] LINK build\RSBE01_01\ft_metaknight\ft_metaknight.plf
[428/480] LINK build\RSBE01_01\ft_peach\ft_peach.plf
[429/480] LINK build\RSBE01_01\ft_gamewatch\ft_gamewatch.plf
[430/480] LINK build\RSBE01_01\ft_lucas\ft_lucas.plf
[431/480] LINK build\RSBE01_01\ft_diddy\ft_diddy.plf
[432/480] LINK build\RSBE01_01\ft_pikmin\ft_pikmin.plf
[433/480] LINK build\RSBE01_01\ft_wario\ft_wario.plf
[434/480] LINK build\RSBE01_01\ft_poke\ft_poke.plf
[435/480] LINK build\RSBE01_01\ft_dedede\ft_dedede.plf
[436/480] LINK build\RSBE01_01\ft_lucario\ft_lucario.plf
[437/480] LINK build\RSBE01_01\ft_robot\ft_robot.plf
[438/480] LINK build\RSBE01_01\ft_ike\ft_ike.plf
[439/480] LINK build\RSBE01_01\ft_toonlink\ft_toonlink.plf
[440/480] LINK build\RSBE01_01\ft_snake\ft_snake.plf
[441/480] LINK build\RSBE01_01\ft_purin\ft_purin.plf
[442/480] LINK build\RSBE01_01\ft_zako\ft_zako.plf
[443/480] LINK build\RSBE01_01\ft_sonic\ft_sonic.plf
[444/480] LINK build\RSBE01_01\ft_wolf\ft_wolf.plf
[445/480] MWCC build\RSBE01_01\src\sora\gf\gf_task_scheduler.o
[446/480] MWCC build\RSBE01_01\src\sora\mt\mt_vector_old.o
[447/480] MWCC build\RSBE01_01\src\sora\mt\mt_trig.o
[448/480] MWCC build\RSBE01_01\src\sora\ip\ip_network_producer.o
[449/480] MWCC build\RSBE01_01\src\sora\cm\cm_controller_menu_pad.o
[450/480] MWCC build\RSBE01_01\src\sora\ut\ut_relocate.o
[451/480] MWCC build\RSBE01_01\src\mo_scene\sora_scene\sc_adv_gameover.o
[452/480] MWCC build\RSBE01_01\src\mo_fighter\ft_marth\ft_marth.o
[453/480] MWCC build\RSBE01_01\src\sora\nt\nt_report.o
[454/480] MWCC build\RSBE01_01\src\sora\nt\nt_send.o
[455/480] MWCC build\RSBE01_01\src\sora\ty\ty_fig_listmng.o
[456/480] MWCC build\RSBE01_01\src\mo_fighter\ft_marth\ft_marth_status_uniq_process_special_s.o
[457/480] MWCC build\RSBE01_01\src\sora\ac\ac_cmd_interpreter.o
[458/480] MWCC build\RSBE01_01\src\mo_fighter\ft_marth\ft_marth_status_uniq_process_special_hi.o
[459/480] MWCC build\RSBE01_01\src\mo_fighter\ft_marth\ft_marth_status_uniq_process_special_lw.o
[460/480] MWCC build\RSBE01_01\src\mo_fighter\ft_marth\ft_marth_status_uniq_process_special_final.o
[461/480] MWCC build\RSBE01_01\src\mo_fighter\ft_marth\if_marth_final.o
[462/480] MWCC build\RSBE01_01\src\mo_stage\st_battle\gr_battle_ground.o
[463/480] MWCC build\RSBE01_01\src\mo_enemy\sora_enemy\em_external_value_accesser.o
[464/480] MWCC build\RSBE01_01\src\mo_stage\st_battle\gr_battle.o
[465/480] MWCC build\RSBE01_01\src\mo_stage\st_kart\st_kart.o
[466/480] LINK build\RSBE01_01\sora_melee\sora_melee.plf
### build\compilers\GC\3.0a5.2\mwldeppc.exe Linker Warning:
#   FORCEACTIVE symbol '__sinit_\so_general_work_cpp' is either not a global 
#   symbol or doesn't exist.  Ignored.
### build\compilers\GC\3.0a5.2\mwldeppc.exe Linker Warning:
#   FORCEACTIVE symbol '__sinit_\so_general_work_abstract_cpp' is either not a 
#   global symbol or doesn't exist.  Ignored.
### build\compilers\GC\3.0a5.2\mwldeppc.exe Linker Warning:
#   FORCEACTIVE symbol '__sinit_\so_general_work_simple_cpp' is either not a 
#   global symbol or doesn't exist.  Ignored.
### build\compilers\GC\3.0a5.2\mwldeppc.exe Linker Warning:
#   FORCEACTIVE symbol '__sinit_\so_common_data_accesser_cpp' is either not a 
#   global symbol or doesn't exist.  Ignored.
### build\compilers\GC\3.0a5.2\mwldeppc.exe Linker Warning:
#   FORCEACTIVE symbol '__sinit_\mo_melee_cpp' is either not a global symbol 
#   or doesn't exist.  Ignored.
### build\compilers\GC\3.0a5.2\mwldeppc.exe Linker Warning:
#   FORCEACTIVE symbol 'lbl_27_rodata_318' is either not a global symbol or 
#   doesn't exist.  Ignored.
### build\compilers\GC\3.0a5.2\mwldeppc.exe Linker Warning:
#   FORCEACTIVE symbol 'lbl_27_rodata_31C' is either not a global symbol or 
#   doesn't exist.  Ignored.
### build\compilers\GC\3.0a5.2\mwldeppc.exe Linker Warning:
#   FORCEACTIVE symbol 'lbl_27_rodata_360' is either not a global symbol or 
#   doesn't exist.  Ignored.
### build\compilers\GC\3.0a5.2\mwldeppc.exe Linker Warning:
#   FORCEACTIVE symbol 'lbl_27_rodata_364' is either not a global symbol or 
#   doesn't exist.  Ignored.
### build\compilers\GC\3.0a5.2\mwldeppc.exe Linker Warning:
#   FORCEACTIVE symbol 'lbl_27_rodata_368' is either not a global symbol or 
#   doesn't exist.  Ignored.
### build\compilers\GC\3.0a5.2\mwldeppc.exe Linker Warning:
#   FORCEACTIVE symbol 'lbl_27_rodata_748' is either not a global symbol or 
#   doesn't exist.  Ignored.
### build\compilers\GC\3.0a5.2\mwldeppc.exe Linker Warning:
#   FORCEACTIVE symbol 'lbl_27_rodata_74C' is either not a global symbol or 
#   doesn't exist.  Ignored.
### build\compilers\GC\3.0a5.2\mwldeppc.exe Linker Warning:
#   FORCEACTIVE symbol 'lbl_27_rodata_C10' is either not a global symbol or 
#   doesn't exist.  Ignored.
### build\compilers\GC\3.0a5.2\mwldeppc.exe Linker Warning:
#   FORCEACTIVE symbol 'lbl_27_rodata_C18' is either not a global symbol or 
#   doesn't exist.  Ignored.
### build\compilers\GC\3.0a5.2\mwldeppc.exe Linker Warning:
#   FORCEACTIVE symbol 'lbl_27_rodata_C20' is either not a global symbol or 
#   doesn't exist.  Ignored.
### build\compilers\GC\3.0a5.2\mwldeppc.exe Linker Warning:
#   FORCEACTIVE symbol 'lbl_27_rodata_26A8' is either not a global symbol or 
#   doesn't exist.  Ignored.
### build\compilers\GC\3.0a5.2\mwldeppc.exe Linker Warning:
#   FORCEACTIVE symbol 'lbl_27_rodata_26AC' is either not a global symbol or 
#   doesn't exist.  Ignored.
### build\compilers\GC\3.0a5.2\mwldeppc.exe Linker Warning:
#   FORCEACTIVE symbol 'lbl_27_data_7D0' is either not a global symbol or 
#   doesn't exist.  Ignored.
### build\compilers\GC\3.0a5.2\mwldeppc.exe Linker Warning:
#   FORCEACTIVE symbol 'lbl_27_data_C14' is either not a global symbol or 
#   doesn't exist.  Ignored.
### build\compilers\GC\3.0a5.2\mwldeppc.exe Linker Warning:
#   FORCEACTIVE symbol 'lbl_27_data_C30' is either not a global symbol or 
#   doesn't exist.  Ignored.
### build\compilers\GC\3.0a5.2\mwldeppc.exe Linker Warning:
#   FORCEACTIVE symbol 'lbl_27_data_6004' is either not a global symbol or 
#   doesn't exist.  Ignored.
### build\compilers\GC\3.0a5.2\mwldeppc.exe Linker Warning:
#   FORCEACTIVE symbol 'lbl_27_data_6020' is either not a global symbol or 
#   doesn't exist.  Ignored.
### build\compilers\GC\3.0a5.2\mwldeppc.exe Linker Warning:
#   FORCEACTIVE symbol 'lbl_27_data_734C' is either not a global symbol or 
#   doesn't exist.  Ignored.
### build\compilers\GC\3.0a5.2\mwldeppc.exe Linker Warning:
#   FORCEACTIVE symbol 'lbl_27_data_7360' is either not a global symbol or 
#   doesn't exist.  Ignored.
### build\compilers\GC\3.0a5.2\mwldeppc.exe Linker Warning:
#   FORCEACTIVE symbol 'lbl_27_data_7380' is either not a global symbol or 
#   doesn't exist.  Ignored.
### build\compilers\GC\3.0a5.2\mwldeppc.exe Linker Warning:
#   FORCEACTIVE symbol 'lbl_27_data_7390' is either not a global symbol or 
#   doesn't exist.  Ignored.
### build\compilers\GC\3.0a5.2\mwldeppc.exe Linker Warning:
#   FORCEACTIVE symbol 'lbl_27_data_78B0' is either not a global symbol or 
#   doesn't exist.  Ignored.
### build\compilers\GC\3.0a5.2\mwldeppc.exe Linker Warning:
#   FORCEACTIVE symbol 'lbl_27_data_8060' is either not a global symbol or 
#   doesn't exist.  Ignored.
### build\compilers\GC\3.0a5.2\mwldeppc.exe Linker Warning:
#   FORCEACTIVE symbol 'lbl_27_data_8078' is either not a global symbol or 
#   doesn't exist.  Ignored.
### build\compilers\GC\3.0a5.2\mwldeppc.exe Linker Warning:
#   FORCEACTIVE symbol 'lbl_27_data_80D0' is either not a global symbol or 
#   doesn't exist.  Ignored.
### build\compilers\GC\3.0a5.2\mwldeppc.exe Linker Warning:
#   FORCEACTIVE symbol 'lbl_27_data_80E4' is either not a global symbol or 
#   doesn't exist.  Ignored.
### build\compilers\GC\3.0a5.2\mwldeppc.exe Linker Warning:
#   FORCEACTIVE symbol 'lbl_27_data_13B08' is either not a global symbol or 
#   doesn't exist.  Ignored.
### build\compilers\GC\3.0a5.2\mwldeppc.exe Linker Warning:
#   FORCEACTIVE symbol 'lbl_27_data_13B0C' is either not a global symbol or 
#   doesn't exist.  Ignored.
### build\compilers\GC\3.0a5.2\mwldeppc.exe Linker Warning:
#   FORCEACTIVE symbol 'lbl_27_data_13B80' is either not a global symbol or 
#   doesn't exist.  Ignored.
### build\compilers\GC\3.0a5.2\mwldeppc.exe Linker Warning:
#   FORCEACTIVE symbol 'lbl_27_data_13B90' is either not a global symbol or 
#   doesn't exist.  Ignored.
### build\compilers\GC\3.0a5.2\mwldeppc.exe Linker Warning:
#   FORCEACTIVE symbol 'lbl_27_data_13BB0' is either not a global symbol or 
#   doesn't exist.  Ignored.
### build\compilers\GC\3.0a5.2\mwldeppc.exe Linker Warning:
#   FORCEACTIVE symbol 'lbl_27_data_13BC8' is either not a global symbol or 
#   doesn't exist.  Ignored.
### build\compilers\GC\3.0a5.2\mwldeppc.exe Linker Warning:
#   FORCEACTIVE symbol 'lbl_27_data_13CC0' is either not a global symbol or 
#   doesn't exist.  Ignored.
### build\compilers\GC\3.0a5.2\mwldeppc.exe Linker Warning:
#   FORCEACTIVE symbol 'lbl_27_data_13CD4' is either not a global symbol or 
#   doesn't exist.  Ignored.
### build\compilers\GC\3.0a5.2\mwldeppc.exe Linker Warning:
#   FORCEACTIVE symbol 'lbl_27_data_15470' is either not a global symbol or 
#   doesn't exist.  Ignored.
### build\compilers\GC\3.0a5.2\mwldeppc.exe Linker Warning:
#   FORCEACTIVE symbol 'lbl_27_data_1548C' is either not a global symbol or 
#   doesn't exist.  Ignored.
### build\compilers\GC\3.0a5.2\mwldeppc.exe Linker Warning:
#   FORCEACTIVE symbol 'lbl_27_data_154A0' is either not a global symbol or 
#   doesn't exist.  Ignored.
### build\compilers\GC\3.0a5.2\mwldeppc.exe Linker Warning:
#   FORCEACTIVE symbol 'lbl_27_data_29230' is either not a global symbol or 
#   doesn't exist.  Ignored.
### build\compilers\GC\3.0a5.2\mwldeppc.exe Linker Warning:
#   FORCEACTIVE symbol 'lbl_27_data_29240' is either not a global symbol or 
#   doesn't exist.  Ignored.
### build\compilers\GC\3.0a5.2\mwldeppc.exe Linker Warning:
#   FORCEACTIVE symbol 'lbl_27_data_2927C' is either not a global symbol or 
#   doesn't exist.  Ignored.
### build\compilers\GC\3.0a5.2\mwldeppc.exe Linker Warning:
#   FORCEACTIVE symbol 'lbl_27_data_29288' is either not a global symbol or 
#   doesn't exist.  Ignored.
### build\compilers\GC\3.0a5.2\mwldeppc.exe Linker Warning:
#   FORCEACTIVE symbol 'lbl_27_data_2BC00' is either not a global symbol or 
#   doesn't exist.  Ignored.
### build\compilers\GC\3.0a5.2\mwldeppc.exe Linker Warning:
#   FORCEACTIVE symbol 'lbl_27_data_2BC20' is either not a global symbol or 
#   doesn't exist.  Ignored.
### build\compilers\GC\3.0a5.2\mwldeppc.exe Linker Warning:
#   FORCEACTIVE symbol 'lbl_27_data_2BC68' is either not a global symbol or 
#   doesn't exist.  Ignored.
### build\compilers\GC\3.0a5.2\mwldeppc.exe Linker Warning:
#   FORCEACTIVE symbol 'lbl_27_data_2BC80' is either not a global symbol or 
#   doesn't exist.  Ignored.
### build\compilers\GC\3.0a5.2\mwldeppc.exe Linker Warning:
#   FORCEACTIVE symbol 'lbl_27_data_32AD8' is either not a global symbol or 
#   doesn't exist.  Ignored.
### build\compilers\GC\3.0a5.2\mwldeppc.exe Linker Warning:
#   FORCEACTIVE symbol 'lbl_27_data_32AF8' is either not a global symbol or 
#   doesn't exist.  Ignored.
### build\compilers\GC\3.0a5.2\mwldeppc.exe Linker Warning:
#   FORCEACTIVE symbol 'lbl_27_data_32BA4' is either not a global symbol or 
#   doesn't exist.  Ignored.
### build\compilers\GC\3.0a5.2\mwldeppc.exe Linker Warning:
#   FORCEACTIVE symbol 'lbl_27_data_32BB8' is either not a global symbol or 
#   doesn't exist.  Ignored.
### build\compilers\GC\3.0a5.2\mwldeppc.exe Linker Warning:
#   FORCEACTIVE symbol 'lbl_27_data_32BD0' is either not a global symbol or 
#   doesn't exist.  Ignored.
### build\compilers\GC\3.0a5.2\mwldeppc.exe Linker Warning:
#   FORCEACTIVE symbol 'lbl_27_data_4C748' is either not a global symbol or 
#   doesn't exist.  Ignored.
### build\compilers\GC\3.0a5.2\mwldeppc.exe Linker Warning:
#   FORCEACTIVE symbol 'lbl_27_data_4C758' is either not a global symbol or 
#   doesn't exist.  Ignored.
### build\compilers\GC\3.0a5.2\mwldeppc.exe Linker Warning:
#   FORCEACTIVE symbol 'lbl_27_bss_1B30' is either not a global symbol or 
#   doesn't exist.  Ignored.
### build\compilers\GC\3.0a5.2\mwldeppc.exe Linker Warning:
#   FORCEACTIVE symbol 'lbl_27_bss_1B58' is either not a global symbol or 
#   doesn't exist.  Ignored.
### build\compilers\GC\3.0a5.2\mwldeppc.exe Linker Warning:
#   FORCEACTIVE symbol 'lbl_27_bss_1B70' is either not a global symbol or 
#   doesn't exist.  Ignored.
### build\compilers\GC\3.0a5.2\mwldeppc.exe Linker Warning:
#   FORCEACTIVE symbol 'lbl_27_bss_2CD0' is either not a global symbol or 
#   doesn't exist.  Ignored.
### build\compilers\GC\3.0a5.2\mwldeppc.exe Linker Warning:
#   FORCEACTIVE symbol 'lbl_27_bss_5040' is either not a global symbol or 
#   doesn't exist.  Ignored.
### build\compilers\GC\3.0a5.2\mwldeppc.exe Linker Warning:
#   FORCEACTIVE symbol 'g_ftGroundConditionCheckerImpl' is either not a global 
#   symbol or doesn't exist.  Ignored.
### build\compilers\GC\3.0a5.2\mwldeppc.exe Linker Warning:
#   FORCEACTIVE symbol '@unnamed@mo_melee_cpp@::bss_loc_8cc0' is either not a 
#   global symbol or doesn't exist.  Ignored.
[467/480] MWCC build\RSBE01_01\src\mo_stage\st_battle\st_battle.o
[468/480] MWCC build\RSBE01_01\src\mo_stage\st_dxgreens\st_dxgreens.o
[469/480] MWCC build\RSBE01_01\src\mo_stage\st_oldin\st_oldin.o
[470/480] MWCC build\RSBE01_01\src\mo_stage\st_emblem\st_emblem.o
[471/480] MWCC build\RSBE01_01\src\mo_stage\st_tbreak\st_tbreak.o
[472/480] MWCC build\RSBE01_01\src\mo_fighter\ft_purin\ft_purin.o
### mwcceppc.exe Compiler:
#      In: include\lib\BrawlHeaders\Brawl\Include\so\so_module_accesser_build_data.h
#    From: src\mo_fighter\ft_purin\ft_purin.cpp
# ---------------------------------------------
#      31:         return rect;  
# Warning:                    ^
#   (10326) function result is a pointer/reference to an automatic/temporary 
#   variable
[473/480] LINK build\RSBE01_01\main.elf
### build\compilers\GC\3.0a5.2\mwldeppc.exe Linker Warning:
#   FORCEACTIVE symbol '__sinit_\gf_shutdown_manager_cpp' is either not a 
#   global symbol or doesn't exist.  Ignored.
[474/480] DOL build\RSBE01_01\main.dol
[475/480] REL
 INFO Loading 127 modules
 INFO Symbol resolution completed in 0.091s (resolved 228353 symbols)
 INFO RELs written in 0.208s
 INFO Total time: 0.407s
[476/480] CHECK config\RSBE01_01\binary-manifest.json
127 files OK
OK: 127/127 binaries verified
[477/480] REPORT
 INFO Loading project .
 INFO Generating report for 4396 units (using 16 threads)
 INFO Report generated in 11.791s
 INFO Writing to build\RSBE01_01\report.json
[478/480] PROGRESS
Progress:
  All: 1.43% matched, 1.19% linked (525 / 4396 files)
    Code: 226916 / 15833548 bytes (3033 / 92522 functions)
    Data: 843740 / 5667452 bytes (14.89%)
  DOL: 1.37% matched, 0.85% linked (65 / 1722 files)
    Code: 57172 / 4170064 bytes (511 / 14278 functions)
    Data: 6720 / 1724104 bytes (0.39%)
  Modules: 1.46% matched, 1.32% linked (460 / 2674 files)
    Code: 169744 / 11663484 bytes (2522 / 78244 functions)
    Data: 837020 / 3943348 bytes (21.23%)
PASS: OK: 127/127 binaries verified
$ C:\Users\balla\Documents\Brawl Decompile\.venv\Scripts\python.exe tools/verify_manifest.py config/RSBE01_01/binary-manifest.json --sha1-file config/RSBE01_01/build.sha1 --orig --dtk C:\Users\balla\Documents\Brawl Decompile\brawl\build\tools\dtk.exe
127 files [32mOK[39m
OK: 127/127 binaries verified
PASS: independent check 127/127, verifier tests OK, originals unchanged
$ C:\Users\balla\Documents\Brawl Decompile\.venv\Scripts\python.exe C:\Users\balla\Documents\Brawl Decompile\research\claude_tools\probe_source_rel.py st_tengan mo_stage/st_tengan/gr_tengan
Original: 57504 839c8054988ecf7f32862da78fc429daea8833b1
Source probe: 57504 839c8054988ecf7f32862da78fc429daea8833b1
Full REL byte match: True
PASS: full-REL probe for st_tengan (mo_stage/st_tengan/gr_tengan)
$ C:\Users\balla\Documents\Brawl Decompile\.venv\Scripts\python.exe C:\Users\balla\Documents\Brawl Decompile\research\claude_tools\probe_source_rel.py st_heal mo_stage/st_heal/st_heal
Original: 14312 c5e0b6cf84f676e01b240c59d4b6f31e14cc16eb
Source probe: 14312 c5e0b6cf84f676e01b240c59d4b6f31e14cc16eb
Full REL byte match: True
PASS: full-REL probe for st_heal (mo_stage/st_heal/st_heal)
$ C:\Users\balla\Documents\Brawl Decompile\.venv\Scripts\python.exe C:\Users\balla\Documents\Brawl Decompile\research\claude_tools\mk_status_page.py
wrote C:\Users\balla\Documents\Brawl Decompile\research\status\brawl_status.html total 1.19%, 9 cards, 7 near-misses
INTEGRATED 3 commit(s). HEAD 9ec5405 Recover Oldin literal ordering and observed timer values
Step 3/5: re-check our in-progress TUs
DIFF update__19cmMenuPadControllerFf          update__19cmMenuPadControllerFf               150 151
DIFF section .data: target 48 bytes, candidate 67 bytes
DIFF section .sdata: target 8 bytes, candidate 16 bytes
DIFF section .sdata2: target 40 bytes, candidate 40 bytes
Instruction diagnostics: 3/4. Section contents differ. Branches/relocations are normalized; BSS size is not covered. This is not byte-match acceptance. Final word is always the full-REL probe.
  sora/cm/cm_controller_menu_pad: main.dol unit; the full-REL probe does not apply. Promote by hand once 'diff' is clean.
DIFF update__13grBattleFieldFf                update__13grBattleFieldFf                     184 184
Candidate-only functions (often unreferenced weak inlines the linker strips): setMdlIndex__6GroundFi, adventureEventGetItem__6GroundFiP13stTriggerData, getInitializeInfo__6GroundFi, setInitializeInfo__6GroundFi, setInitializeFlag__6GroundFv, disableCalcCollision__6GroundFv, enableCalcCollision__6GroundFv, isEnableCalcCollision__6GroundFv, getMdlIndex__6GroundFv, initStageData__6GroundFv, getStageData__6GroundFv, setStageData__6GroundFPv, getModelCount__6GroundFv
DIFF section .rodata: target 32 bytes, candidate 32 bytes
DIFF section .data: target 624 bytes, candidate 672 bytes
Instruction diagnostics: 5/6. Section contents differ. Branches/relocations are normalized; BSS size is not covered. This is not byte-match acceptance. Final word is always the full-REL probe.
$ C:\Users\balla\Documents\Brawl Decompile\.venv\Scripts\python.exe C:\Users\balla\Documents\Brawl Decompile\research\claude_tools\probe_source_rel.py st_battle mo_stage/st_battle/gr_battle
Original: 16288 6c23a264cc9732f0f411a8b4611e647e27e3690c
Source probe: 16352 5c26577a5444b2876f05230b816349cecf3d2c15
Full REL byte match: False
First differing byte: 0x27
FAIL: full-REL probe for st_battle (mo_stage/st_battle/gr_battle)
Candidate-only functions (often unreferenced weak inlines the linker strips): createBattleFieldGround__FPCc, setStageData__6GroundFPv, __dt__19grBattleFieldGroundFv
DIFF section .data: target 32 bytes, candidate 408 bytes
Instruction diagnostics: 12/12. Section contents differ. Branches/relocations are normalized; BSS size is not covered. This is not byte-match acceptance. Final word is always the full-REL probe.
$ C:\Users\balla\Documents\Brawl Decompile\.venv\Scripts\python.exe C:\Users\balla\Documents\Brawl Decompile\research\claude_tools\probe_source_rel.py st_battle mo_stage/st_battle/gr_battle_ground
Traceback (most recent call last):
  File "C:\Users\balla\Documents\Brawl Decompile\research\claude_tools\probe_source_rel.py", line 48, in <module>
    subprocess.run(rel, check=True, stdout=log, stderr=subprocess.STDOUT)
    ~~~~~~~~~~~~~~^^^^^^^^^^^^^^^^^^^^^^^^^^^^^^^^^^^^^^^^^^^^^^^^^^^^^^^
  File "C:\Program Files\WindowsApps\PythonSoftwareFoundation.Python.3.13_3.13.3824.0_x64__qbz5n2kfra8p0\Lib\subprocess.py", line 577, in run
    raise CalledProcessError(retcode, process.args,
                             output=stdout, stderr=stderr)
subprocess.CalledProcessError: Command '['C:\\Users\\balla\\Documents\\Brawl Decompile\\brawl\\build\\tools\\dtk.exe', 'rel', 'make', '-w', '-c', 'config/RSBE01_01/config.yml', 'C:\\Users\\balla\\Documents\\Brawl Decompile\\brawl\\build\\RSBE01_01\\main.elf', 'C:\\Users\\balla\\Documents\\Brawl Decompile\\brawl\\build\\RSBE01_01\\sora_scene\\sora_scene.plf', 'C:\\Users\\balla\\Documents\\Brawl Decompile\\brawl\\build\\RSBE01_01\\sora_menu_main\\sora_menu_main.plf', 'C:\\Users\\balla\\Documents\\Brawl Decompile\\brawl\\build\\RSBE01_01\\sora_menu_tour\\sora_menu_tour.plf', 'C:\\Users\\balla\\Documents\\Brawl Decompile\\brawl\\build\\RSBE01_01\\sora_menu_qm\\sora_menu_qm.plf', 'C:\\Users\\balla\\Documents\\Brawl Decompile\\brawl\\build\\RSBE01_01\\sora_menu_edit\\sora_menu_edit.plf', 'C:\\Users\\balla\\Documents\\Brawl Decompile\\brawl\\build\\RSBE01_01\\sora_menu_collect_viewer\\sora_menu_collect_viewer.plf', 'C:\\Users\\balla\\Documents\\Brawl Decompile\\brawl\\build\\RSBE01_01\\sora_menu_replay\\sora_menu_replay.plf', 'C:\\Users\\balla\\Documents\\Brawl Decompile\\brawl\\build\\RSBE01_01\\sora_menu_snap_shot\\sora_menu_snap_shot.plf', 'C:\\Users\\balla\\Documents\\Brawl Decompile\\brawl\\build\\RSBE01_01\\sora_menu_event\\sora_menu_event.plf', 'C:\\Users\\balla\\Documents\\Brawl Decompile\\brawl\\build\\RSBE01_01\\sora_menu_sel_char\\sora_menu_sel_char.plf', 'C:\\Users\\balla\\Documents\\Brawl Decompile\\brawl\\build\\RSBE01_01\\sora_menu_sel_stage\\sora_menu_sel_stage.plf', 'C:\\Users\\balla\\Documents\\Brawl Decompile\\brawl\\build\\RSBE01_01\\sora_menu_game_over\\sora_menu_game_over.plf', 'C:\\Users\\balla\\Documents\\Brawl Decompile\\brawl\\build\\RSBE01_01\\sora_menu_intro\\sora_menu_intro.plf', 'C:\\Users\\balla\\Documents\\Brawl Decompile\\brawl\\build\\RSBE01_01\\sora_menu_friend_list\\sora_menu_friend_list.plf', 'C:\\Users\\balla\\Documents\\Brawl Decompile\\brawl\\build\\RSBE01_01\\sora_menu_watch\\sora_menu_watch.plf', 'C:\\Users\\balla\\Documents\\Brawl Decompile\\brawl\\build\\RSBE01_01\\sora_menu_name\\sora_menu_name.plf', 'C:\\Users\\balla\\Documents\\Brawl Decompile\\brawl\\build\\RSBE01_01\\sora_menu_sel_char_access\\sora_menu_sel_char_access.plf', 'C:\\Users\\balla\\Documents\\Brawl Decompile\\brawl\\build\\RSBE01_01\\sora_menu_rule\\sora_menu_rule.plf', 'C:\\Users\\balla\\Documents\\Brawl Decompile\\brawl\\build\\RSBE01_01\\sora_menu_simple_ending\\sora_menu_simple_ending.plf', 'C:\\Users\\balla\\Documents\\Brawl Decompile\\brawl\\build\\RSBE01_01\\sora_minigame\\sora_minigame.plf', 'C:\\Users\\balla\\Documents\\Brawl Decompile\\brawl\\build\\RSBE01_01\\sora_menu_time_result\\sora_menu_time_result.plf', 'C:\\Users\\balla\\Documents\\Brawl Decompile\\brawl\\build\\RSBE01_01\\sora_menu_boot\\sora_menu_boot.plf', 'C:\\Users\\balla\\Documents\\Brawl Decompile\\brawl\\build\\RSBE01_01\\sora_menu_challenger\\sora_menu_challenger.plf', 'C:\\Users\\balla\\Documents\\Brawl Decompile\\brawl\\build\\RSBE01_01\\sora_menu_title\\sora_menu_title.plf', 'C:\\Users\\balla\\Documents\\Brawl Decompile\\brawl\\build\\RSBE01_01\\sora_menu_title_sunset\\sora_menu_title_sunset.plf', 'C:\\Users\\balla\\Documents\\Brawl Decompile\\brawl\\build\\RSBE01_01\\sora_menu_fig_get_demo\\sora_menu_fig_get_demo.plf', 'C:\\Users\\balla\\Documents\\Brawl Decompile\\brawl\\build\\RSBE01_01\\sora_melee\\sora_melee.plf', 'C:\\Users\\balla\\Documents\\Brawl Decompile\\brawl\\build\\RSBE01_01\\sora_adv_menu_name\\sora_adv_menu_name.plf', 'C:\\Users\\balla\\Documents\\Brawl Decompile\\brawl\\build\\RSBE01_01\\sora_adv_menu_visual\\sora_adv_menu_visual.plf', 'C:\\Users\\balla\\Documents\\Brawl Decompile\\brawl\\build\\RSBE01_01\\sora_adv_menu_sel_char\\sora_adv_menu_sel_char.plf', 'C:\\Users\\balla\\Documents\\Brawl Decompile\\brawl\\build\\RSBE01_01\\sora_adv_menu_sel_map\\sora_adv_menu_sel_map.plf', 'C:\\Users\\balla\\Documents\\Brawl Decompile\\brawl\\build\\RSBE01_01\\sora_adv_menu_difficulty\\sora_adv_menu_difficulty.plf', 'C:\\Users\\balla\\Documents\\Brawl Decompile\\brawl\\build\\RSBE01_01\\sora_adv_menu_game_over\\sora_adv_menu_game_over.plf', 'C:\\Users\\balla\\Documents\\Brawl Decompile\\brawl\\build\\RSBE01_01\\sora_adv_menu_result\\sora_adv_menu_result.plf', 'C:\\Users\\balla\\Documents\\Brawl Decompile\\brawl\\build\\RSBE01_01\\sora_adv_menu_save_load\\sora_adv_menu_save_load.plf', 'C:\\Users\\balla\\Documents\\Brawl Decompile\\brawl\\build\\RSBE01_01\\sora_adv_menu_seal\\sora_adv_menu_seal.plf', 'C:\\Users\\balla\\Documents\\Brawl Decompile\\brawl\\build\\RSBE01_01\\sora_adv_menu_ending\\sora_adv_menu_ending.plf', 'C:\\Users\\balla\\Documents\\Brawl Decompile\\brawl\\build\\RSBE01_01\\sora_adv_menu_telop\\sora_adv_menu_telop.plf', 'C:\\Users\\balla\\Documents\\Brawl Decompile\\brawl\\build\\RSBE01_01\\sora_adv_menu_save_point\\sora_adv_menu_save_point.plf', 'C:\\Users\\balla\\Documents\\Brawl Decompile\\brawl\\build\\RSBE01_01\\sora_adv_stage\\sora_adv_stage.plf', 'C:\\Users\\balla\\Documents\\Brawl Decompile\\brawl\\build\\RSBE01_01\\sora_enemy\\sora_enemy.plf', 'C:\\Users\\balla\\Documents\\Brawl Decompile\\brawl\\build\\RSBE01_01\\st_battles\\st_battles.plf', 'C:\\Users\\balla\\Documents\\Brawl Decompile\\brawl\\build\\RSBE01_01\\codex_st_battle_probe\\st_battle.plf', 'C:\\Users\\balla\\Documents\\Brawl Decompile\\brawl\\build\\RSBE01_01\\st_config\\st_config.plf', 'C:\\Users\\balla\\Documents\\Brawl Decompile\\brawl\\build\\RSBE01_01\\st_final\\st_final.plf', 'C:\\Users\\balla\\Documents\\Brawl Decompile\\brawl\\build\\RSBE01_01\\st_dolpic\\st_dolpic.plf', 'C:\\Users\\balla\\Documents\\Brawl Decompile\\brawl\\build\\RSBE01_01\\st_mansion\\st_mansion.plf', 'C:\\Users\\balla\\Documents\\Brawl Decompile\\brawl\\build\\RSBE01_01\\st_mariopast\\st_mariopast.plf', 'C:\\Users\\balla\\Documents\\Brawl Decompile\\brawl\\build\\RSBE01_01\\st_kart\\st_kart.plf', 'C:\\Users\\balla\\Documents\\Brawl Decompile\\brawl\\build\\RSBE01_01\\st_donkey\\st_donkey.plf', 'C:\\Users\\balla\\Documents\\Brawl Decompile\\brawl\\build\\RSBE01_01\\st_jungle\\st_jungle.plf', 'C:\\Users\\balla\\Documents\\Brawl Decompile\\brawl\\build\\RSBE01_01\\st_pirates\\st_pirates.plf', 'C:\\Users\\balla\\Documents\\Brawl Decompile\\brawl\\build\\RSBE01_01\\st_oldin\\st_oldin.plf', 'C:\\Users\\balla\\Documents\\Brawl Decompile\\brawl\\build\\RSBE01_01\\st_norfair\\st_norfair.plf', 'C:\\Users\\balla\\Documents\\Brawl Decompile\\brawl\\build\\RSBE01_01\\st_orpheon\\st_orpheon.plf', 'C:\\Users\\balla\\Documents\\Brawl Decompile\\brawl\\build\\RSBE01_01\\st_crayon\\st_crayon.plf', 'C:\\Users\\balla\\Documents\\Brawl Decompile\\brawl\\build\\RSBE01_01\\st_halberd\\st_halberd.plf', 'C:\\Users\\balla\\Documents\\Brawl Decompile\\brawl\\build\\RSBE01_01\\st_starfox\\st_starfox.plf', 'C:\\Users\\balla\\Documents\\Brawl Decompile\\brawl\\build\\RSBE01_01\\st_stadium\\st_stadium.plf', 'C:\\Users\\balla\\Documents\\Brawl Decompile\\brawl\\build\\RSBE01_01\\st_tengan\\st_tengan.plf', 'C:\\Users\\balla\\Documents\\Brawl Decompile\\brawl\\build\\RSBE01_01\\st_fzero\\st_fzero.plf', 'C:\\Users\\balla\\Documents\\Brawl Decompile\\brawl\\build\\RSBE01_01\\st_ice\\st_ice.plf', 'C:\\Users\\balla\\Documents\\Brawl Decompile\\brawl\\build\\RSBE01_01\\st_gw\\st_gw.plf', 'C:\\Users\\balla\\Documents\\Brawl Decompile\\brawl\\build\\RSBE01_01\\st_emblem\\st_emblem.plf', 'C:\\Users\\balla\\Documents\\Brawl Decompile\\brawl\\build\\RSBE01_01\\st_madein\\st_madein.plf', 'C:\\Users\\balla\\Documents\\Brawl Decompile\\brawl\\build\\RSBE01_01\\st_earth\\st_earth.plf', 'C:\\Users\\balla\\Documents\\Brawl Decompile\\brawl\\build\\RSBE01_01\\st_palutena\\st_palutena.plf', 'C:\\Users\\balla\\Documents\\Brawl Decompile\\brawl\\build\\RSBE01_01\\st_famicom\\st_famicom.plf', 'C:\\Users\\balla\\Documents\\Brawl Decompile\\brawl\\build\\RSBE01_01\\st_newpork\\st_newpork.plf', 'C:\\Users\\balla\\Documents\\Brawl Decompile\\brawl\\build\\RSBE01_01\\st_village\\st_village.plf', 'C:\\Users\\balla\\Documents\\Brawl Decompile\\brawl\\build\\RSBE01_01\\st_metalgear\\st_metalgear.plf', 'C:\\Users\\balla\\Documents\\Brawl Decompile\\brawl\\build\\RSBE01_01\\st_greenhill\\st_greenhill.plf', 'C:\\Users\\balla\\Documents\\Brawl Decompile\\brawl\\build\\RSBE01_01\\st_pictchat\\st_pictchat.plf', 'C:\\Users\\balla\\Documents\\Brawl Decompile\\brawl\\build\\RSBE01_01\\st_plankton\\st_plankton.plf', 'C:\\Users\\balla\\Documents\\Brawl Decompile\\brawl\\build\\RSBE01_01\\st_dxshrine\\st_dxshrine.plf', 'C:\\Users\\balla\\Documents\\Brawl Decompile\\brawl\\build\\RSBE01_01\\st_dxyorster\\st_dxyorster.plf', 'C:\\Users\\balla\\Documents\\Brawl Decompile\\brawl\\build\\RSBE01_01\\st_dxgarden\\st_dxgarden.plf', 'C:\\Users\\balla\\Documents\\Brawl Decompile\\brawl\\build\\RSBE01_01\\st_dxonett\\st_dxonett.plf', 'C:\\Users\\balla\\Documents\\Brawl Decompile\\brawl\\build\\RSBE01_01\\st_dxgreens\\st_dxgreens.plf', 'C:\\Users\\balla\\Documents\\Brawl Decompile\\brawl\\build\\RSBE01_01\\st_dxrcruise\\st_dxrcruise.plf', 'C:\\Users\\balla\\Documents\\Brawl Decompile\\brawl\\build\\RSBE01_01\\st_dxbigblue\\st_dxbigblue.plf', 'C:\\Users\\balla\\Documents\\Brawl Decompile\\brawl\\build\\RSBE01_01\\st_dxcorneria\\st_dxcorneria.plf', 'C:\\Users\\balla\\Documents\\Brawl Decompile\\brawl\\build\\RSBE01_01\\st_dxpstadium\\st_dxpstadium.plf', 'C:\\Users\\balla\\Documents\\Brawl Decompile\\brawl\\build\\RSBE01_01\\st_dxzebes\\st_dxzebes.plf', 'C:\\Users\\balla\\Documents\\Brawl Decompile\\brawl\\build\\RSBE01_01\\st_stageedit\\st_stageedit.plf', 'C:\\Users\\balla\\Documents\\Brawl Decompile\\brawl\\build\\RSBE01_01\\st_otrain\\st_otrain.plf', 'C:\\Users\\balla\\Documents\\Brawl Decompile\\brawl\\build\\RSBE01_01\\st_heal\\st_heal.plf', 'C:\\Users\\balla\\Documents\\Brawl Decompile\\brawl\\build\\RSBE01_01\\st_homerun\\st_homerun.plf', 'C:\\Users\\balla\\Documents\\Brawl Decompile\\brawl\\build\\RSBE01_01\\st_tbreak\\st_tbreak.plf', 'C:\\Users\\balla\\Documents\\Brawl Decompile\\brawl\\build\\RSBE01_01\\st_croll\\st_croll.plf', 'C:\\Users\\balla\\Documents\\Brawl Decompile\\brawl\\build\\RSBE01_01\\ft_mario\\ft_mario.plf', 'C:\\Users\\balla\\Documents\\Brawl Decompile\\brawl\\build\\RSBE01_01\\ft_donkey\\ft_donkey.plf', 'C:\\Users\\balla\\Documents\\Brawl Decompile\\brawl\\build\\RSBE01_01\\ft_link\\ft_link.plf', 'C:\\Users\\balla\\Documents\\Brawl Decompile\\brawl\\build\\RSBE01_01\\ft_samus\\ft_samus.plf', 'C:\\Users\\balla\\Documents\\Brawl Decompile\\brawl\\build\\RSBE01_01\\ft_yoshi\\ft_yoshi.plf', 'C:\\Users\\balla\\Documents\\Brawl Decompile\\brawl\\build\\RSBE01_01\\ft_kirby\\ft_kirby.plf', 'C:\\Users\\balla\\Documents\\Brawl Decompile\\brawl\\build\\RSBE01_01\\ft_fox\\ft_fox.plf', 'C:\\Users\\balla\\Documents\\Brawl Decompile\\brawl\\build\\RSBE01_01\\ft_pikachu\\ft_pikachu.plf', 'C:\\Users\\balla\\Documents\\Brawl Decompile\\brawl\\build\\RSBE01_01\\ft_luigi\\ft_luigi.plf', 'C:\\Users\\balla\\Documents\\Brawl Decompile\\brawl\\build\\RSBE01_01\\ft_captain\\ft_captain.plf', 'C:\\Users\\balla\\Documents\\Brawl Decompile\\brawl\\build\\RSBE01_01\\ft_ness\\ft_ness.plf', 'C:\\Users\\balla\\Documents\\Brawl Decompile\\brawl\\build\\RSBE01_01\\ft_koopa\\ft_koopa.plf', 'C:\\Users\\balla\\Documents\\Brawl Decompile\\brawl\\build\\RSBE01_01\\ft_peach\\ft_peach.plf', 'C:\\Users\\balla\\Documents\\Brawl Decompile\\brawl\\build\\RSBE01_01\\ft_zelda\\ft_zelda.plf', 'C:\\Users\\balla\\Documents\\Brawl Decompile\\brawl\\build\\RSBE01_01\\ft_iceclimber\\ft_iceclimber.plf', 'C:\\Users\\balla\\Documents\\Brawl Decompile\\brawl\\build\\RSBE01_01\\ft_marth\\ft_marth.plf', 'C:\\Users\\balla\\Documents\\Brawl Decompile\\brawl\\build\\RSBE01_01\\ft_gamewatch\\ft_gamewatch.plf', 'C:\\Users\\balla\\Documents\\Brawl Decompile\\brawl\\build\\RSBE01_01\\ft_falco\\ft_falco.plf', 'C:\\Users\\balla\\Documents\\Brawl Decompile\\brawl\\build\\RSBE01_01\\ft_ganon\\ft_ganon.plf', 'C:\\Users\\balla\\Documents\\Brawl Decompile\\brawl\\build\\RSBE01_01\\ft_wario\\ft_wario.plf', 'C:\\Users\\balla\\Documents\\Brawl Decompile\\brawl\\build\\RSBE01_01\\ft_metaknight\\ft_metaknight.plf', 'C:\\Users\\balla\\Documents\\Brawl Decompile\\brawl\\build\\RSBE01_01\\ft_pit\\ft_pit.plf', 'C:\\Users\\balla\\Documents\\Brawl Decompile\\brawl\\build\\RSBE01_01\\ft_pikmin\\ft_pikmin.plf', 'C:\\Users\\balla\\Documents\\Brawl Decompile\\brawl\\build\\RSBE01_01\\ft_lucas\\ft_lucas.plf', 'C:\\Users\\balla\\Documents\\Brawl Decompile\\brawl\\build\\RSBE01_01\\ft_diddy\\ft_diddy.plf', 'C:\\Users\\balla\\Documents\\Brawl Decompile\\brawl\\build\\RSBE01_01\\ft_poke\\ft_poke.plf', 'C:\\Users\\balla\\Documents\\Brawl Decompile\\brawl\\build\\RSBE01_01\\ft_dedede\\ft_dedede.plf', 'C:\\Users\\balla\\Documents\\Brawl Decompile\\brawl\\build\\RSBE01_01\\ft_lucario\\ft_lucario.plf', 'C:\\Users\\balla\\Documents\\Brawl Decompile\\brawl\\build\\RSBE01_01\\ft_ike\\ft_ike.plf', 'C:\\Users\\balla\\Documents\\Brawl Decompile\\brawl\\build\\RSBE01_01\\ft_robot\\ft_robot.plf', 'C:\\Users\\balla\\Documents\\Brawl Decompile\\brawl\\build\\RSBE01_01\\ft_toonlink\\ft_toonlink.plf', 'C:\\Users\\balla\\Documents\\Brawl Decompile\\brawl\\build\\RSBE01_01\\ft_snake\\ft_snake.plf', 'C:\\Users\\balla\\Documents\\Brawl Decompile\\brawl\\build\\RSBE01_01\\ft_sonic\\ft_sonic.plf', 'C:\\Users\\balla\\Documents\\Brawl Decompile\\brawl\\build\\RSBE01_01\\ft_purin\\ft_purin.plf', 'C:\\Users\\balla\\Documents\\Brawl Decompile\\brawl\\build\\RSBE01_01\\ft_wolf\\ft_wolf.plf', 'C:\\Users\\balla\\Documents\\Brawl Decompile\\brawl\\build\\RSBE01_01\\ft_zako\\ft_zako.plf']' returned non-zero exit status 1.
FAIL: full-REL probe for st_battle (mo_stage/st_battle/gr_battle_ground)
DIFF update__13stBattleFieldFf                update__13stBattleFieldFf                     82 82
DIFF getFighterStartPos__13stBattleFieldFP5Vec3fi getFighterStartPos__13stBattleFieldFP5Vec3fi  56 57
SAME section .rodata: target 40 bytes, candidate 40 bytes
SAME section .data: target 1352 bytes, candidate 1352 bytes
SAME section .ctors: target 4 bytes, candidate 4 bytes
Instruction diagnostics: 42/44. Section contents match. Branches/relocations are normalized; BSS size is not covered. This is not byte-match acceptance. Final word is always the full-REL probe.
$ C:\Users\balla\Documents\Brawl Decompile\.venv\Scripts\python.exe C:\Users\balla\Documents\Brawl Decompile\research\claude_tools\probe_source_rel.py st_battle mo_stage/st_battle/st_battle
Traceback (most recent call last):
  File "C:\Users\balla\Documents\Brawl Decompile\research\claude_tools\probe_source_rel.py", line 48, in <module>
    subprocess.run(rel, check=True, stdout=log, stderr=subprocess.STDOUT)
    ~~~~~~~~~~~~~~^^^^^^^^^^^^^^^^^^^^^^^^^^^^^^^^^^^^^^^^^^^^^^^^^^^^^^^
  File "C:\Program Files\WindowsApps\PythonSoftwareFoundation.Python.3.13_3.13.3824.0_x64__qbz5n2kfra8p0\Lib\subprocess.py", line 577, in run
    raise CalledProcessError(retcode, process.args,
                             output=stdout, stderr=stderr)
subprocess.CalledProcessError: Command '['C:\\Users\\balla\\Documents\\Brawl Decompile\\brawl\\build\\tools\\dtk.exe', 'rel', 'make', '-w', '-c', 'config/RSBE01_01/config.yml', 'C:\\Users\\balla\\Documents\\Brawl Decompile\\brawl\\build\\RSBE01_01\\main.elf', 'C:\\Users\\balla\\Documents\\Brawl Decompile\\brawl\\build\\RSBE01_01\\sora_scene\\sora_scene.plf', 'C:\\Users\\balla\\Documents\\Brawl Decompile\\brawl\\build\\RSBE01_01\\sora_menu_main\\sora_menu_main.plf', 'C:\\Users\\balla\\Documents\\Brawl Decompile\\brawl\\build\\RSBE01_01\\sora_menu_tour\\sora_menu_tour.plf', 'C:\\Users\\balla\\Documents\\Brawl Decompile\\brawl\\build\\RSBE01_01\\sora_menu_qm\\sora_menu_qm.plf', 'C:\\Users\\balla\\Documents\\Brawl Decompile\\brawl\\build\\RSBE01_01\\sora_menu_edit\\sora_menu_edit.plf', 'C:\\Users\\balla\\Documents\\Brawl Decompile\\brawl\\build\\RSBE01_01\\sora_menu_collect_viewer\\sora_menu_collect_viewer.plf', 'C:\\Users\\balla\\Documents\\Brawl Decompile\\brawl\\build\\RSBE01_01\\sora_menu_replay\\sora_menu_replay.plf', 'C:\\Users\\balla\\Documents\\Brawl Decompile\\brawl\\build\\RSBE01_01\\sora_menu_snap_shot\\sora_menu_snap_shot.plf', 'C:\\Users\\balla\\Documents\\Brawl Decompile\\brawl\\build\\RSBE01_01\\sora_menu_event\\sora_menu_event.plf', 'C:\\Users\\balla\\Documents\\Brawl Decompile\\brawl\\build\\RSBE01_01\\sora_menu_sel_char\\sora_menu_sel_char.plf', 'C:\\Users\\balla\\Documents\\Brawl Decompile\\brawl\\build\\RSBE01_01\\sora_menu_sel_stage\\sora_menu_sel_stage.plf', 'C:\\Users\\balla\\Documents\\Brawl Decompile\\brawl\\build\\RSBE01_01\\sora_menu_game_over\\sora_menu_game_over.plf', 'C:\\Users\\balla\\Documents\\Brawl Decompile\\brawl\\build\\RSBE01_01\\sora_menu_intro\\sora_menu_intro.plf', 'C:\\Users\\balla\\Documents\\Brawl Decompile\\brawl\\build\\RSBE01_01\\sora_menu_friend_list\\sora_menu_friend_list.plf', 'C:\\Users\\balla\\Documents\\Brawl Decompile\\brawl\\build\\RSBE01_01\\sora_menu_watch\\sora_menu_watch.plf', 'C:\\Users\\balla\\Documents\\Brawl Decompile\\brawl\\build\\RSBE01_01\\sora_menu_name\\sora_menu_name.plf', 'C:\\Users\\balla\\Documents\\Brawl Decompile\\brawl\\build\\RSBE01_01\\sora_menu_sel_char_access\\sora_menu_sel_char_access.plf', 'C:\\Users\\balla\\Documents\\Brawl Decompile\\brawl\\build\\RSBE01_01\\sora_menu_rule\\sora_menu_rule.plf', 'C:\\Users\\balla\\Documents\\Brawl Decompile\\brawl\\build\\RSBE01_01\\sora_menu_simple_ending\\sora_menu_simple_ending.plf', 'C:\\Users\\balla\\Documents\\Brawl Decompile\\brawl\\build\\RSBE01_01\\sora_minigame\\sora_minigame.plf', 'C:\\Users\\balla\\Documents\\Brawl Decompile\\brawl\\build\\RSBE01_01\\sora_menu_time_result\\sora_menu_time_result.plf', 'C:\\Users\\balla\\Documents\\Brawl Decompile\\brawl\\build\\RSBE01_01\\sora_menu_boot\\sora_menu_boot.plf', 'C:\\Users\\balla\\Documents\\Brawl Decompile\\brawl\\build\\RSBE01_01\\sora_menu_challenger\\sora_menu_challenger.plf', 'C:\\Users\\balla\\Documents\\Brawl Decompile\\brawl\\build\\RSBE01_01\\sora_menu_title\\sora_menu_title.plf', 'C:\\Users\\balla\\Documents\\Brawl Decompile\\brawl\\build\\RSBE01_01\\sora_menu_title_sunset\\sora_menu_title_sunset.plf', 'C:\\Users\\balla\\Documents\\Brawl Decompile\\brawl\\build\\RSBE01_01\\sora_menu_fig_get_demo\\sora_menu_fig_get_demo.plf', 'C:\\Users\\balla\\Documents\\Brawl Decompile\\brawl\\build\\RSBE01_01\\sora_melee\\sora_melee.plf', 'C:\\Users\\balla\\Documents\\Brawl Decompile\\brawl\\build\\RSBE01_01\\sora_adv_menu_name\\sora_adv_menu_name.plf', 'C:\\Users\\balla\\Documents\\Brawl Decompile\\brawl\\build\\RSBE01_01\\sora_adv_menu_visual\\sora_adv_menu_visual.plf', 'C:\\Users\\balla\\Documents\\Brawl Decompile\\brawl\\build\\RSBE01_01\\sora_adv_menu_sel_char\\sora_adv_menu_sel_char.plf', 'C:\\Users\\balla\\Documents\\Brawl Decompile\\brawl\\build\\RSBE01_01\\sora_adv_menu_sel_map\\sora_adv_menu_sel_map.plf', 'C:\\Users\\balla\\Documents\\Brawl Decompile\\brawl\\build\\RSBE01_01\\sora_adv_menu_difficulty\\sora_adv_menu_difficulty.plf', 'C:\\Users\\balla\\Documents\\Brawl Decompile\\brawl\\build\\RSBE01_01\\sora_adv_menu_game_over\\sora_adv_menu_game_over.plf', 'C:\\Users\\balla\\Documents\\Brawl Decompile\\brawl\\build\\RSBE01_01\\sora_adv_menu_result\\sora_adv_menu_result.plf', 'C:\\Users\\balla\\Documents\\Brawl Decompile\\brawl\\build\\RSBE01_01\\sora_adv_menu_save_load\\sora_adv_menu_save_load.plf', 'C:\\Users\\balla\\Documents\\Brawl Decompile\\brawl\\build\\RSBE01_01\\sora_adv_menu_seal\\sora_adv_menu_seal.plf', 'C:\\Users\\balla\\Documents\\Brawl Decompile\\brawl\\build\\RSBE01_01\\sora_adv_menu_ending\\sora_adv_menu_ending.plf', 'C:\\Users\\balla\\Documents\\Brawl Decompile\\brawl\\build\\RSBE01_01\\sora_adv_menu_telop\\sora_adv_menu_telop.plf', 'C:\\Users\\balla\\Documents\\Brawl Decompile\\brawl\\build\\RSBE01_01\\sora_adv_menu_save_point\\sora_adv_menu_save_point.plf', 'C:\\Users\\balla\\Documents\\Brawl Decompile\\brawl\\build\\RSBE01_01\\sora_adv_stage\\sora_adv_stage.plf', 'C:\\Users\\balla\\Documents\\Brawl Decompile\\brawl\\build\\RSBE01_01\\sora_enemy\\sora_enemy.plf', 'C:\\Users\\balla\\Documents\\Brawl Decompile\\brawl\\build\\RSBE01_01\\st_battles\\st_battles.plf', 'C:\\Users\\balla\\Documents\\Brawl Decompile\\brawl\\build\\RSBE01_01\\codex_st_battle_probe\\st_battle.plf', 'C:\\Users\\balla\\Documents\\Brawl Decompile\\brawl\\build\\RSBE01_01\\st_config\\st_config.plf', 'C:\\Users\\balla\\Documents\\Brawl Decompile\\brawl\\build\\RSBE01_01\\st_final\\st_final.plf', 'C:\\Users\\balla\\Documents\\Brawl Decompile\\brawl\\build\\RSBE01_01\\st_dolpic\\st_dolpic.plf', 'C:\\Users\\balla\\Documents\\Brawl Decompile\\brawl\\build\\RSBE01_01\\st_mansion\\st_mansion.plf', 'C:\\Users\\balla\\Documents\\Brawl Decompile\\brawl\\build\\RSBE01_01\\st_mariopast\\st_mariopast.plf', 'C:\\Users\\balla\\Documents\\Brawl Decompile\\brawl\\build\\RSBE01_01\\st_kart\\st_kart.plf', 'C:\\Users\\balla\\Documents\\Brawl Decompile\\brawl\\build\\RSBE01_01\\st_donkey\\st_donkey.plf', 'C:\\Users\\balla\\Documents\\Brawl Decompile\\brawl\\build\\RSBE01_01\\st_jungle\\st_jungle.plf', 'C:\\Users\\balla\\Documents\\Brawl Decompile\\brawl\\build\\RSBE01_01\\st_pirates\\st_pirates.plf', 'C:\\Users\\balla\\Documents\\Brawl Decompile\\brawl\\build\\RSBE01_01\\st_oldin\\st_oldin.plf', 'C:\\Users\\balla\\Documents\\Brawl Decompile\\brawl\\build\\RSBE01_01\\st_norfair\\st_norfair.plf', 'C:\\Users\\balla\\Documents\\Brawl Decompile\\brawl\\build\\RSBE01_01\\st_orpheon\\st_orpheon.plf', 'C:\\Users\\balla\\Documents\\Brawl Decompile\\brawl\\build\\RSBE01_01\\st_crayon\\st_crayon.plf', 'C:\\Users\\balla\\Documents\\Brawl Decompile\\brawl\\build\\RSBE01_01\\st_halberd\\st_halberd.plf', 'C:\\Users\\balla\\Documents\\Brawl Decompile\\brawl\\build\\RSBE01_01\\st_starfox\\st_starfox.plf', 'C:\\Users\\balla\\Documents\\Brawl Decompile\\brawl\\build\\RSBE01_01\\st_stadium\\st_stadium.plf', 'C:\\Users\\balla\\Documents\\Brawl Decompile\\brawl\\build\\RSBE01_01\\st_tengan\\st_tengan.plf', 'C:\\Users\\balla\\Documents\\Brawl Decompile\\brawl\\build\\RSBE01_01\\st_fzero\\st_fzero.plf', 'C:\\Users\\balla\\Documents\\Brawl Decompile\\brawl\\build\\RSBE01_01\\st_ice\\st_ice.plf', 'C:\\Users\\balla\\Documents\\Brawl Decompile\\brawl\\build\\RSBE01_01\\st_gw\\st_gw.plf', 'C:\\Users\\balla\\Documents\\Brawl Decompile\\brawl\\build\\RSBE01_01\\st_emblem\\st_emblem.plf', 'C:\\Users\\balla\\Documents\\Brawl Decompile\\brawl\\build\\RSBE01_01\\st_madein\\st_madein.plf', 'C:\\Users\\balla\\Documents\\Brawl Decompile\\brawl\\build\\RSBE01_01\\st_earth\\st_earth.plf', 'C:\\Users\\balla\\Documents\\Brawl Decompile\\brawl\\build\\RSBE01_01\\st_palutena\\st_palutena.plf', 'C:\\Users\\balla\\Documents\\Brawl Decompile\\brawl\\build\\RSBE01_01\\st_famicom\\st_famicom.plf', 'C:\\Users\\balla\\Documents\\Brawl Decompile\\brawl\\build\\RSBE01_01\\st_newpork\\st_newpork.plf', 'C:\\Users\\balla\\Documents\\Brawl Decompile\\brawl\\build\\RSBE01_01\\st_village\\st_village.plf', 'C:\\Users\\balla\\Documents\\Brawl Decompile\\brawl\\build\\RSBE01_01\\st_metalgear\\st_metalgear.plf', 'C:\\Users\\balla\\Documents\\Brawl Decompile\\brawl\\build\\RSBE01_01\\st_greenhill\\st_greenhill.plf', 'C:\\Users\\balla\\Documents\\Brawl Decompile\\brawl\\build\\RSBE01_01\\st_pictchat\\st_pictchat.plf', 'C:\\Users\\balla\\Documents\\Brawl Decompile\\brawl\\build\\RSBE01_01\\st_plankton\\st_plankton.plf', 'C:\\Users\\balla\\Documents\\Brawl Decompile\\brawl\\build\\RSBE01_01\\st_dxshrine\\st_dxshrine.plf', 'C:\\Users\\balla\\Documents\\Brawl Decompile\\brawl\\build\\RSBE01_01\\st_dxyorster\\st_dxyorster.plf', 'C:\\Users\\balla\\Documents\\Brawl Decompile\\brawl\\build\\RSBE01_01\\st_dxgarden\\st_dxgarden.plf', 'C:\\Users\\balla\\Documents\\Brawl Decompile\\brawl\\build\\RSBE01_01\\st_dxonett\\st_dxonett.plf', 'C:\\Users\\balla\\Documents\\Brawl Decompile\\brawl\\build\\RSBE01_01\\st_dxgreens\\st_dxgreens.plf', 'C:\\Users\\balla\\Documents\\Brawl Decompile\\brawl\\build\\RSBE01_01\\st_dxrcruise\\st_dxrcruise.plf', 'C:\\Users\\balla\\Documents\\Brawl Decompile\\brawl\\build\\RSBE01_01\\st_dxbigblue\\st_dxbigblue.plf', 'C:\\Users\\balla\\Documents\\Brawl Decompile\\brawl\\build\\RSBE01_01\\st_dxcorneria\\st_dxcorneria.plf', 'C:\\Users\\balla\\Documents\\Brawl Decompile\\brawl\\build\\RSBE01_01\\st_dxpstadium\\st_dxpstadium.plf', 'C:\\Users\\balla\\Documents\\Brawl Decompile\\brawl\\build\\RSBE01_01\\st_dxzebes\\st_dxzebes.plf', 'C:\\Users\\balla\\Documents\\Brawl Decompile\\brawl\\build\\RSBE01_01\\st_stageedit\\st_stageedit.plf', 'C:\\Users\\balla\\Documents\\Brawl Decompile\\brawl\\build\\RSBE01_01\\st_otrain\\st_otrain.plf', 'C:\\Users\\balla\\Documents\\Brawl Decompile\\brawl\\build\\RSBE01_01\\st_heal\\st_heal.plf', 'C:\\Users\\balla\\Documents\\Brawl Decompile\\brawl\\build\\RSBE01_01\\st_homerun\\st_homerun.plf', 'C:\\Users\\balla\\Documents\\Brawl Decompile\\brawl\\build\\RSBE01_01\\st_tbreak\\st_tbreak.plf', 'C:\\Users\\balla\\Documents\\Brawl Decompile\\brawl\\build\\RSBE01_01\\st_croll\\st_croll.plf', 'C:\\Users\\balla\\Documents\\Brawl Decompile\\brawl\\build\\RSBE01_01\\ft_mario\\ft_mario.plf', 'C:\\Users\\balla\\Documents\\Brawl Decompile\\brawl\\build\\RSBE01_01\\ft_donkey\\ft_donkey.plf', 'C:\\Users\\balla\\Documents\\Brawl Decompile\\brawl\\build\\RSBE01_01\\ft_link\\ft_link.plf', 'C:\\Users\\balla\\Documents\\Brawl Decompile\\brawl\\build\\RSBE01_01\\ft_samus\\ft_samus.plf', 'C:\\Users\\balla\\Documents\\Brawl Decompile\\brawl\\build\\RSBE01_01\\ft_yoshi\\ft_yoshi.plf', 'C:\\Users\\balla\\Documents\\Brawl Decompile\\brawl\\build\\RSBE01_01\\ft_kirby\\ft_kirby.plf', 'C:\\Users\\balla\\Documents\\Brawl Decompile\\brawl\\build\\RSBE01_01\\ft_fox\\ft_fox.plf', 'C:\\Users\\balla\\Documents\\Brawl Decompile\\brawl\\build\\RSBE01_01\\ft_pikachu\\ft_pikachu.plf', 'C:\\Users\\balla\\Documents\\Brawl Decompile\\brawl\\build\\RSBE01_01\\ft_luigi\\ft_luigi.plf', 'C:\\Users\\balla\\Documents\\Brawl Decompile\\brawl\\build\\RSBE01_01\\ft_captain\\ft_captain.plf', 'C:\\Users\\balla\\Documents\\Brawl Decompile\\brawl\\build\\RSBE01_01\\ft_ness\\ft_ness.plf', 'C:\\Users\\balla\\Documents\\Brawl Decompile\\brawl\\build\\RSBE01_01\\ft_koopa\\ft_koopa.plf', 'C:\\Users\\balla\\Documents\\Brawl Decompile\\brawl\\build\\RSBE01_01\\ft_peach\\ft_peach.plf', 'C:\\Users\\balla\\Documents\\Brawl Decompile\\brawl\\build\\RSBE01_01\\ft_zelda\\ft_zelda.plf', 'C:\\Users\\balla\\Documents\\Brawl Decompile\\brawl\\build\\RSBE01_01\\ft_iceclimber\\ft_iceclimber.plf', 'C:\\Users\\balla\\Documents\\Brawl Decompile\\brawl\\build\\RSBE01_01\\ft_marth\\ft_marth.plf', 'C:\\Users\\balla\\Documents\\Brawl Decompile\\brawl\\build\\RSBE01_01\\ft_gamewatch\\ft_gamewatch.plf', 'C:\\Users\\balla\\Documents\\Brawl Decompile\\brawl\\build\\RSBE01_01\\ft_falco\\ft_falco.plf', 'C:\\Users\\balla\\Documents\\Brawl Decompile\\brawl\\build\\RSBE01_01\\ft_ganon\\ft_ganon.plf', 'C:\\Users\\balla\\Documents\\Brawl Decompile\\brawl\\build\\RSBE01_01\\ft_wario\\ft_wario.plf', 'C:\\Users\\balla\\Documents\\Brawl Decompile\\brawl\\build\\RSBE01_01\\ft_metaknight\\ft_metaknight.plf', 'C:\\Users\\balla\\Documents\\Brawl Decompile\\brawl\\build\\RSBE01_01\\ft_pit\\ft_pit.plf', 'C:\\Users\\balla\\Documents\\Brawl Decompile\\brawl\\build\\RSBE01_01\\ft_pikmin\\ft_pikmin.plf', 'C:\\Users\\balla\\Documents\\Brawl Decompile\\brawl\\build\\RSBE01_01\\ft_lucas\\ft_lucas.plf', 'C:\\Users\\balla\\Documents\\Brawl Decompile\\brawl\\build\\RSBE01_01\\ft_diddy\\ft_diddy.plf', 'C:\\Users\\balla\\Documents\\Brawl Decompile\\brawl\\build\\RSBE01_01\\ft_poke\\ft_poke.plf', 'C:\\Users\\balla\\Documents\\Brawl Decompile\\brawl\\build\\RSBE01_01\\ft_dedede\\ft_dedede.plf', 'C:\\Users\\balla\\Documents\\Brawl Decompile\\brawl\\build\\RSBE01_01\\ft_lucario\\ft_lucario.plf', 'C:\\Users\\balla\\Documents\\Brawl Decompile\\brawl\\build\\RSBE01_01\\ft_ike\\ft_ike.plf', 'C:\\Users\\balla\\Documents\\Brawl Decompile\\brawl\\build\\RSBE01_01\\ft_robot\\ft_robot.plf', 'C:\\Users\\balla\\Documents\\Brawl Decompile\\brawl\\build\\RSBE01_01\\ft_toonlink\\ft_toonlink.plf', 'C:\\Users\\balla\\Documents\\Brawl Decompile\\brawl\\build\\RSBE01_01\\ft_snake\\ft_snake.plf', 'C:\\Users\\balla\\Documents\\Brawl Decompile\\brawl\\build\\RSBE01_01\\ft_sonic\\ft_sonic.plf', 'C:\\Users\\balla\\Documents\\Brawl Decompile\\brawl\\build\\RSBE01_01\\ft_purin\\ft_purin.plf', 'C:\\Users\\balla\\Documents\\Brawl Decompile\\brawl\\build\\RSBE01_01\\ft_wolf\\ft_wolf.plf', 'C:\\Users\\balla\\Documents\\Brawl Decompile\\brawl\\build\\RSBE01_01\\ft_zako\\ft_zako.plf']' returned non-zero exit status 1.
FAIL: full-REL probe for st_battle (mo_stage/st_battle/st_battle)
DIFF fn_79_BBC                                initBlocks__10stDxGreensFf                    211 211
DIFF fn_79_F08                                spawnBlock__10stDxGreensFf                    169 159
DIFF fn_79_11AC                               settleBlocks__10stDxGreensFf                  100 100
DIFF fn_79_133C                               updateCollision__10stDxGreensFf               102 99
Candidate-only functions (often unreferenced weak inlines the linker strips): __dt__Q44nw4r2ut25@unnamed@st_dxgreens_cpp@11NonCopyableFv, __dt__Q34nw4r2ut12LinkListNodeFv
SAME section .rodata: target 16 bytes, candidate 16 bytes
SAME section .data: target 1168 bytes, candidate 1168 bytes
SAME section .ctors: target 4 bytes, candidate 4 bytes
Instruction diagnostics: 65/69. Section contents match. Branches/relocations are normalized; BSS size is not covered. This is not byte-match acceptance. Final word is always the full-REL probe.
$ C:\Users\balla\Documents\Brawl Decompile\.venv\Scripts\python.exe C:\Users\balla\Documents\Brawl Decompile\research\claude_tools\probe_source_rel.py st_dxgreens mo_stage/st_dxgreens/st_dxgreens
Traceback (most recent call last):
  File "C:\Users\balla\Documents\Brawl Decompile\research\claude_tools\probe_source_rel.py", line 48, in <module>
    subprocess.run(rel, check=True, stdout=log, stderr=subprocess.STDOUT)
    ~~~~~~~~~~~~~~^^^^^^^^^^^^^^^^^^^^^^^^^^^^^^^^^^^^^^^^^^^^^^^^^^^^^^^
  File "C:\Program Files\WindowsApps\PythonSoftwareFoundation.Python.3.13_3.13.3824.0_x64__qbz5n2kfra8p0\Lib\subprocess.py", line 577, in run
    raise CalledProcessError(retcode, process.args,
                             output=stdout, stderr=stderr)
subprocess.CalledProcessError: Command '['C:\\Users\\balla\\Documents\\Brawl Decompile\\brawl\\build\\tools\\dtk.exe', 'rel', 'make', '-w', '-c', 'config/RSBE01_01/config.yml', 'C:\\Users\\balla\\Documents\\Brawl Decompile\\brawl\\build\\RSBE01_01\\main.elf', 'C:\\Users\\balla\\Documents\\Brawl Decompile\\brawl\\build\\RSBE01_01\\sora_scene\\sora_scene.plf', 'C:\\Users\\balla\\Documents\\Brawl Decompile\\brawl\\build\\RSBE01_01\\sora_menu_main\\sora_menu_main.plf', 'C:\\Users\\balla\\Documents\\Brawl Decompile\\brawl\\build\\RSBE01_01\\sora_menu_tour\\sora_menu_tour.plf', 'C:\\Users\\balla\\Documents\\Brawl Decompile\\brawl\\build\\RSBE01_01\\sora_menu_qm\\sora_menu_qm.plf', 'C:\\Users\\balla\\Documents\\Brawl Decompile\\brawl\\build\\RSBE01_01\\sora_menu_edit\\sora_menu_edit.plf', 'C:\\Users\\balla\\Documents\\Brawl Decompile\\brawl\\build\\RSBE01_01\\sora_menu_collect_viewer\\sora_menu_collect_viewer.plf', 'C:\\Users\\balla\\Documents\\Brawl Decompile\\brawl\\build\\RSBE01_01\\sora_menu_replay\\sora_menu_replay.plf', 'C:\\Users\\balla\\Documents\\Brawl Decompile\\brawl\\build\\RSBE01_01\\sora_menu_snap_shot\\sora_menu_snap_shot.plf', 'C:\\Users\\balla\\Documents\\Brawl Decompile\\brawl\\build\\RSBE01_01\\sora_menu_event\\sora_menu_event.plf', 'C:\\Users\\balla\\Documents\\Brawl Decompile\\brawl\\build\\RSBE01_01\\sora_menu_sel_char\\sora_menu_sel_char.plf', 'C:\\Users\\balla\\Documents\\Brawl Decompile\\brawl\\build\\RSBE01_01\\sora_menu_sel_stage\\sora_menu_sel_stage.plf', 'C:\\Users\\balla\\Documents\\Brawl Decompile\\brawl\\build\\RSBE01_01\\sora_menu_game_over\\sora_menu_game_over.plf', 'C:\\Users\\balla\\Documents\\Brawl Decompile\\brawl\\build\\RSBE01_01\\sora_menu_intro\\sora_menu_intro.plf', 'C:\\Users\\balla\\Documents\\Brawl Decompile\\brawl\\build\\RSBE01_01\\sora_menu_friend_list\\sora_menu_friend_list.plf', 'C:\\Users\\balla\\Documents\\Brawl Decompile\\brawl\\build\\RSBE01_01\\sora_menu_watch\\sora_menu_watch.plf', 'C:\\Users\\balla\\Documents\\Brawl Decompile\\brawl\\build\\RSBE01_01\\sora_menu_name\\sora_menu_name.plf', 'C:\\Users\\balla\\Documents\\Brawl Decompile\\brawl\\build\\RSBE01_01\\sora_menu_sel_char_access\\sora_menu_sel_char_access.plf', 'C:\\Users\\balla\\Documents\\Brawl Decompile\\brawl\\build\\RSBE01_01\\sora_menu_rule\\sora_menu_rule.plf', 'C:\\Users\\balla\\Documents\\Brawl Decompile\\brawl\\build\\RSBE01_01\\sora_menu_simple_ending\\sora_menu_simple_ending.plf', 'C:\\Users\\balla\\Documents\\Brawl Decompile\\brawl\\build\\RSBE01_01\\sora_minigame\\sora_minigame.plf', 'C:\\Users\\balla\\Documents\\Brawl Decompile\\brawl\\build\\RSBE01_01\\sora_menu_time_result\\sora_menu_time_result.plf', 'C:\\Users\\balla\\Documents\\Brawl Decompile\\brawl\\build\\RSBE01_01\\sora_menu_boot\\sora_menu_boot.plf', 'C:\\Users\\balla\\Documents\\Brawl Decompile\\brawl\\build\\RSBE01_01\\sora_menu_challenger\\sora_menu_challenger.plf', 'C:\\Users\\balla\\Documents\\Brawl Decompile\\brawl\\build\\RSBE01_01\\sora_menu_title\\sora_menu_title.plf', 'C:\\Users\\balla\\Documents\\Brawl Decompile\\brawl\\build\\RSBE01_01\\sora_menu_title_sunset\\sora_menu_title_sunset.plf', 'C:\\Users\\balla\\Documents\\Brawl Decompile\\brawl\\build\\RSBE01_01\\sora_menu_fig_get_demo\\sora_menu_fig_get_demo.plf', 'C:\\Users\\balla\\Documents\\Brawl Decompile\\brawl\\build\\RSBE01_01\\sora_melee\\sora_melee.plf', 'C:\\Users\\balla\\Documents\\Brawl Decompile\\brawl\\build\\RSBE01_01\\sora_adv_menu_name\\sora_adv_menu_name.plf', 'C:\\Users\\balla\\Documents\\Brawl Decompile\\brawl\\build\\RSBE01_01\\sora_adv_menu_visual\\sora_adv_menu_visual.plf', 'C:\\Users\\balla\\Documents\\Brawl Decompile\\brawl\\build\\RSBE01_01\\sora_adv_menu_sel_char\\sora_adv_menu_sel_char.plf', 'C:\\Users\\balla\\Documents\\Brawl Decompile\\brawl\\build\\RSBE01_01\\sora_adv_menu_sel_map\\sora_adv_menu_sel_map.plf', 'C:\\Users\\balla\\Documents\\Brawl Decompile\\brawl\\build\\RSBE01_01\\sora_adv_menu_difficulty\\sora_adv_menu_difficulty.plf', 'C:\\Users\\balla\\Documents\\Brawl Decompile\\brawl\\build\\RSBE01_01\\sora_adv_menu_game_over\\sora_adv_menu_game_over.plf', 'C:\\Users\\balla\\Documents\\Brawl Decompile\\brawl\\build\\RSBE01_01\\sora_adv_menu_result\\sora_adv_menu_result.plf', 'C:\\Users\\balla\\Documents\\Brawl Decompile\\brawl\\build\\RSBE01_01\\sora_adv_menu_save_load\\sora_adv_menu_save_load.plf', 'C:\\Users\\balla\\Documents\\Brawl Decompile\\brawl\\build\\RSBE01_01\\sora_adv_menu_seal\\sora_adv_menu_seal.plf', 'C:\\Users\\balla\\Documents\\Brawl Decompile\\brawl\\build\\RSBE01_01\\sora_adv_menu_ending\\sora_adv_menu_ending.plf', 'C:\\Users\\balla\\Documents\\Brawl Decompile\\brawl\\build\\RSBE01_01\\sora_adv_menu_telop\\sora_adv_menu_telop.plf', 'C:\\Users\\balla\\Documents\\Brawl Decompile\\brawl\\build\\RSBE01_01\\sora_adv_menu_save_point\\sora_adv_menu_save_point.plf', 'C:\\Users\\balla\\Documents\\Brawl Decompile\\brawl\\build\\RSBE01_01\\sora_adv_stage\\sora_adv_stage.plf', 'C:\\Users\\balla\\Documents\\Brawl Decompile\\brawl\\build\\RSBE01_01\\sora_enemy\\sora_enemy.plf', 'C:\\Users\\balla\\Documents\\Brawl Decompile\\brawl\\build\\RSBE01_01\\st_battles\\st_battles.plf', 'C:\\Users\\balla\\Documents\\Brawl Decompile\\brawl\\build\\RSBE01_01\\st_battle\\st_battle.plf', 'C:\\Users\\balla\\Documents\\Brawl Decompile\\brawl\\build\\RSBE01_01\\st_config\\st_config.plf', 'C:\\Users\\balla\\Documents\\Brawl Decompile\\brawl\\build\\RSBE01_01\\st_final\\st_final.plf', 'C:\\Users\\balla\\Documents\\Brawl Decompile\\brawl\\build\\RSBE01_01\\st_dolpic\\st_dolpic.plf', 'C:\\Users\\balla\\Documents\\Brawl Decompile\\brawl\\build\\RSBE01_01\\st_mansion\\st_mansion.plf', 'C:\\Users\\balla\\Documents\\Brawl Decompile\\brawl\\build\\RSBE01_01\\st_mariopast\\st_mariopast.plf', 'C:\\Users\\balla\\Documents\\Brawl Decompile\\brawl\\build\\RSBE01_01\\st_kart\\st_kart.plf', 'C:\\Users\\balla\\Documents\\Brawl Decompile\\brawl\\build\\RSBE01_01\\st_donkey\\st_donkey.plf', 'C:\\Users\\balla\\Documents\\Brawl Decompile\\brawl\\build\\RSBE01_01\\st_jungle\\st_jungle.plf', 'C:\\Users\\balla\\Documents\\Brawl Decompile\\brawl\\build\\RSBE01_01\\st_pirates\\st_pirates.plf', 'C:\\Users\\balla\\Documents\\Brawl Decompile\\brawl\\build\\RSBE01_01\\st_oldin\\st_oldin.plf', 'C:\\Users\\balla\\Documents\\Brawl Decompile\\brawl\\build\\RSBE01_01\\st_norfair\\st_norfair.plf', 'C:\\Users\\balla\\Documents\\Brawl Decompile\\brawl\\build\\RSBE01_01\\st_orpheon\\st_orpheon.plf', 'C:\\Users\\balla\\Documents\\Brawl Decompile\\brawl\\build\\RSBE01_01\\st_crayon\\st_crayon.plf', 'C:\\Users\\balla\\Documents\\Brawl Decompile\\brawl\\build\\RSBE01_01\\st_halberd\\st_halberd.plf', 'C:\\Users\\balla\\Documents\\Brawl Decompile\\brawl\\build\\RSBE01_01\\st_starfox\\st_starfox.plf', 'C:\\Users\\balla\\Documents\\Brawl Decompile\\brawl\\build\\RSBE01_01\\st_stadium\\st_stadium.plf', 'C:\\Users\\balla\\Documents\\Brawl Decompile\\brawl\\build\\RSBE01_01\\st_tengan\\st_tengan.plf', 'C:\\Users\\balla\\Documents\\Brawl Decompile\\brawl\\build\\RSBE01_01\\st_fzero\\st_fzero.plf', 'C:\\Users\\balla\\Documents\\Brawl Decompile\\brawl\\build\\RSBE01_01\\st_ice\\st_ice.plf', 'C:\\Users\\balla\\Documents\\Brawl Decompile\\brawl\\build\\RSBE01_01\\st_gw\\st_gw.plf', 'C:\\Users\\balla\\Documents\\Brawl Decompile\\brawl\\build\\RSBE01_01\\st_emblem\\st_emblem.plf', 'C:\\Users\\balla\\Documents\\Brawl Decompile\\brawl\\build\\RSBE01_01\\st_madein\\st_madein.plf', 'C:\\Users\\balla\\Documents\\Brawl Decompile\\brawl\\build\\RSBE01_01\\st_earth\\st_earth.plf', 'C:\\Users\\balla\\Documents\\Brawl Decompile\\brawl\\build\\RSBE01_01\\st_palutena\\st_palutena.plf', 'C:\\Users\\balla\\Documents\\Brawl Decompile\\brawl\\build\\RSBE01_01\\st_famicom\\st_famicom.plf', 'C:\\Users\\balla\\Documents\\Brawl Decompile\\brawl\\build\\RSBE01_01\\st_newpork\\st_newpork.plf', 'C:\\Users\\balla\\Documents\\Brawl Decompile\\brawl\\build\\RSBE01_01\\st_village\\st_village.plf', 'C:\\Users\\balla\\Documents\\Brawl Decompile\\brawl\\build\\RSBE01_01\\st_metalgear\\st_metalgear.plf', 'C:\\Users\\balla\\Documents\\Brawl Decompile\\brawl\\build\\RSBE01_01\\st_greenhill\\st_greenhill.plf', 'C:\\Users\\balla\\Documents\\Brawl Decompile\\brawl\\build\\RSBE01_01\\st_pictchat\\st_pictchat.plf', 'C:\\Users\\balla\\Documents\\Brawl Decompile\\brawl\\build\\RSBE01_01\\st_plankton\\st_plankton.plf', 'C:\\Users\\balla\\Documents\\Brawl Decompile\\brawl\\build\\RSBE01_01\\st_dxshrine\\st_dxshrine.plf', 'C:\\Users\\balla\\Documents\\Brawl Decompile\\brawl\\build\\RSBE01_01\\st_dxyorster\\st_dxyorster.plf', 'C:\\Users\\balla\\Documents\\Brawl Decompile\\brawl\\build\\RSBE01_01\\st_dxgarden\\st_dxgarden.plf', 'C:\\Users\\balla\\Documents\\Brawl Decompile\\brawl\\build\\RSBE01_01\\st_dxonett\\st_dxonett.plf', 'C:\\Users\\balla\\Documents\\Brawl Decompile\\brawl\\build\\RSBE01_01\\codex_st_dxgreens_probe\\st_dxgreens.plf', 'C:\\Users\\balla\\Documents\\Brawl Decompile\\brawl\\build\\RSBE01_01\\st_dxrcruise\\st_dxrcruise.plf', 'C:\\Users\\balla\\Documents\\Brawl Decompile\\brawl\\build\\RSBE01_01\\st_dxbigblue\\st_dxbigblue.plf', 'C:\\Users\\balla\\Documents\\Brawl Decompile\\brawl\\build\\RSBE01_01\\st_dxcorneria\\st_dxcorneria.plf', 'C:\\Users\\balla\\Documents\\Brawl Decompile\\brawl\\build\\RSBE01_01\\st_dxpstadium\\st_dxpstadium.plf', 'C:\\Users\\balla\\Documents\\Brawl Decompile\\brawl\\build\\RSBE01_01\\st_dxzebes\\st_dxzebes.plf', 'C:\\Users\\balla\\Documents\\Brawl Decompile\\brawl\\build\\RSBE01_01\\st_stageedit\\st_stageedit.plf', 'C:\\Users\\balla\\Documents\\Brawl Decompile\\brawl\\build\\RSBE01_01\\st_otrain\\st_otrain.plf', 'C:\\Users\\balla\\Documents\\Brawl Decompile\\brawl\\build\\RSBE01_01\\st_heal\\st_heal.plf', 'C:\\Users\\balla\\Documents\\Brawl Decompile\\brawl\\build\\RSBE01_01\\st_homerun\\st_homerun.plf', 'C:\\Users\\balla\\Documents\\Brawl Decompile\\brawl\\build\\RSBE01_01\\st_tbreak\\st_tbreak.plf', 'C:\\Users\\balla\\Documents\\Brawl Decompile\\brawl\\build\\RSBE01_01\\st_croll\\st_croll.plf', 'C:\\Users\\balla\\Documents\\Brawl Decompile\\brawl\\build\\RSBE01_01\\ft_mario\\ft_mario.plf', 'C:\\Users\\balla\\Documents\\Brawl Decompile\\brawl\\build\\RSBE01_01\\ft_donkey\\ft_donkey.plf', 'C:\\Users\\balla\\Documents\\Brawl Decompile\\brawl\\build\\RSBE01_01\\ft_link\\ft_link.plf', 'C:\\Users\\balla\\Documents\\Brawl Decompile\\brawl\\build\\RSBE01_01\\ft_samus\\ft_samus.plf', 'C:\\Users\\balla\\Documents\\Brawl Decompile\\brawl\\build\\RSBE01_01\\ft_yoshi\\ft_yoshi.plf', 'C:\\Users\\balla\\Documents\\Brawl Decompile\\brawl\\build\\RSBE01_01\\ft_kirby\\ft_kirby.plf', 'C:\\Users\\balla\\Documents\\Brawl Decompile\\brawl\\build\\RSBE01_01\\ft_fox\\ft_fox.plf', 'C:\\Users\\balla\\Documents\\Brawl Decompile\\brawl\\build\\RSBE01_01\\ft_pikachu\\ft_pikachu.plf', 'C:\\Users\\balla\\Documents\\Brawl Decompile\\brawl\\build\\RSBE01_01\\ft_luigi\\ft_luigi.plf', 'C:\\Users\\balla\\Documents\\Brawl Decompile\\brawl\\build\\RSBE01_01\\ft_captain\\ft_captain.plf', 'C:\\Users\\balla\\Documents\\Brawl Decompile\\brawl\\build\\RSBE01_01\\ft_ness\\ft_ness.plf', 'C:\\Users\\balla\\Documents\\Brawl Decompile\\brawl\\build\\RSBE01_01\\ft_koopa\\ft_koopa.plf', 'C:\\Users\\balla\\Documents\\Brawl Decompile\\brawl\\build\\RSBE01_01\\ft_peach\\ft_peach.plf', 'C:\\Users\\balla\\Documents\\Brawl Decompile\\brawl\\build\\RSBE01_01\\ft_zelda\\ft_zelda.plf', 'C:\\Users\\balla\\Documents\\Brawl Decompile\\brawl\\build\\RSBE01_01\\ft_iceclimber\\ft_iceclimber.plf', 'C:\\Users\\balla\\Documents\\Brawl Decompile\\brawl\\build\\RSBE01_01\\ft_marth\\ft_marth.plf', 'C:\\Users\\balla\\Documents\\Brawl Decompile\\brawl\\build\\RSBE01_01\\ft_gamewatch\\ft_gamewatch.plf', 'C:\\Users\\balla\\Documents\\Brawl Decompile\\brawl\\build\\RSBE01_01\\ft_falco\\ft_falco.plf', 'C:\\Users\\balla\\Documents\\Brawl Decompile\\brawl\\build\\RSBE01_01\\ft_ganon\\ft_ganon.plf', 'C:\\Users\\balla\\Documents\\Brawl Decompile\\brawl\\build\\RSBE01_01\\ft_wario\\ft_wario.plf', 'C:\\Users\\balla\\Documents\\Brawl Decompile\\brawl\\build\\RSBE01_01\\ft_metaknight\\ft_metaknight.plf', 'C:\\Users\\balla\\Documents\\Brawl Decompile\\brawl\\build\\RSBE01_01\\ft_pit\\ft_pit.plf', 'C:\\Users\\balla\\Documents\\Brawl Decompile\\brawl\\build\\RSBE01_01\\ft_pikmin\\ft_pikmin.plf', 'C:\\Users\\balla\\Documents\\Brawl Decompile\\brawl\\build\\RSBE01_01\\ft_lucas\\ft_lucas.plf', 'C:\\Users\\balla\\Documents\\Brawl Decompile\\brawl\\build\\RSBE01_01\\ft_diddy\\ft_diddy.plf', 'C:\\Users\\balla\\Documents\\Brawl Decompile\\brawl\\build\\RSBE01_01\\ft_poke\\ft_poke.plf', 'C:\\Users\\balla\\Documents\\Brawl Decompile\\brawl\\build\\RSBE01_01\\ft_dedede\\ft_dedede.plf', 'C:\\Users\\balla\\Documents\\Brawl Decompile\\brawl\\build\\RSBE01_01\\ft_lucario\\ft_lucario.plf', 'C:\\Users\\balla\\Documents\\Brawl Decompile\\brawl\\build\\RSBE01_01\\ft_ike\\ft_ike.plf', 'C:\\Users\\balla\\Documents\\Brawl Decompile\\brawl\\build\\RSBE01_01\\ft_robot\\ft_robot.plf', 'C:\\Users\\balla\\Documents\\Brawl Decompile\\brawl\\build\\RSBE01_01\\ft_toonlink\\ft_toonlink.plf', 'C:\\Users\\balla\\Documents\\Brawl Decompile\\brawl\\build\\RSBE01_01\\ft_snake\\ft_snake.plf', 'C:\\Users\\balla\\Documents\\Brawl Decompile\\brawl\\build\\RSBE01_01\\ft_sonic\\ft_sonic.plf', 'C:\\Users\\balla\\Documents\\Brawl Decompile\\brawl\\build\\RSBE01_01\\ft_purin\\ft_purin.plf', 'C:\\Users\\balla\\Documents\\Brawl Decompile\\brawl\\build\\RSBE01_01\\ft_wolf\\ft_wolf.plf', 'C:\\Users\\balla\\Documents\\Brawl Decompile\\brawl\\build\\RSBE01_01\\ft_zako\\ft_zako.plf']' returned non-zero exit status 1.
FAIL: full-REL probe for st_dxgreens (mo_stage/st_dxgreens/st_dxgreens)
DIFF updateRanks__6stKartFf                   updateRanks__6stKartFf                        153 153
DIFF getZoneLightSetIndex__6stKartFP5Vec3f    getZoneLightSetIndex__6stKartFP5Vec3f         146 146
DIFF section .rodata: target 80 bytes, candidate 80 bytes
SAME section .data: target 1104 bytes, candidate 1104 bytes
SAME section .ctors: target 4 bytes, candidate 4 bytes
Instruction diagnostics: 61/63. Section contents differ. Branches/relocations are normalized; BSS size is not covered. This is not byte-match acceptance. Final word is always the full-REL probe.
$ C:\Users\balla\Documents\Brawl Decompile\.venv\Scripts\python.exe C:\Users\balla\Documents\Brawl Decompile\research\claude_tools\probe_source_rel.py st_kart mo_stage/st_kart/st_kart
Original: 88312 5deafa2600ba5d8cfb462580ee64868b6878d67f
Source probe: 88312 5d0f1be3aa1e8020baefa6f77ea01616437d9b9d
Full REL byte match: False
First differing byte: 0xcec
FAIL: full-REL probe for st_kart (mo_stage/st_kart/st_kart)
DIFF __dt__7stOldinFv                         __dt__7stOldinFv                              48 52
DIFF createObj__7stOldinFv                    createObj__7stOldinFv                         925 961
DIFF fn_53_129C                               fn_53_129C                                    192 204
DIFF fn_53_159C                               fn_53_159C                                    571 583
DIFF fn_53_1E88                               fn_53_1E88                                    361 349
DIFF fn_53_242C                               fn_53_242C                                    632 602
DIFF fn_53_2E0C                               fn_53_2E0C                                    345 356
DIFF fn_53_3370                               fn_53_3370                                    515 540
DIFF fn_53_3B7C                               fn_53_3B7C                                    73 94
DIFF fn_53_3CA0                               fn_53_3CA0                                    67 91
DIFF fn_53_3DAC                               fn_53_3DAC                                    70 95
DIFF fn_53_3EC4                               fn_53_3EC4                                    36 36
Candidate-only functions (often unreferenced weak inlines the linker strips): __dt__15stOldinOpaque84Fv, __dt__Q34nw4r2ut5ColorFv
SAME section .rodata: target 228 bytes, candidate 228 bytes
SAME section .data: target 1728 bytes, candidate 1728 bytes
SAME section .ctors: target 4 bytes, candidate 4 bytes
Instruction diagnostics: 41/53. Section contents match. Branches/relocations are normalized; BSS size is not covered. This is not byte-match acceptance. Final word is always the full-REL probe.
$ C:\Users\balla\Documents\Brawl Decompile\.venv\Scripts\python.exe C:\Users\balla\Documents\Brawl Decompile\research\claude_tools\probe_source_rel.py st_oldin mo_stage/st_oldin/st_oldin
Original: 32744 905f78be9ff518c881f446ef8c9d667252db0782
Source probe: 34152 2a40ccbe333d93caf7befdc426efb928716fee69
Full REL byte match: False
First differing byte: 0x26
FAIL: full-REL probe for st_oldin (mo_stage/st_oldin/st_oldin)
DIFF createObj__13stTargetBreakFv             createObj__13stTargetBreakFv                  851 848
DIFF update__13stTargetBreakFf                update__13stTargetBreakFf                     440 441
DIFF section .rodata: target 160 bytes, candidate 156 bytes
SAME section .data: target 3304 bytes, candidate 3304 bytes
SAME section .ctors: target 4 bytes, candidate 4 bytes
Instruction diagnostics: 56/58. Section contents differ. Branches/relocations are normalized; BSS size is not covered. This is not byte-match acceptance. Final word is always the full-REL probe.
$ C:\Users\balla\Documents\Brawl Decompile\.venv\Scripts\python.exe C:\Users\balla\Documents\Brawl Decompile\research\claude_tools\probe_source_rel.py st_tbreak mo_stage/st_tbreak/st_tbreak
Original: 23744 211a30aa65a40682c4cdccff9b9a81459b14fb51
Source probe: 23712 e5825a6a34db488ea86291e005077b380dd66d4f
Full REL byte match: False
First differing byte: 0x27
FAIL: full-REL probe for st_tbreak (mo_stage/st_tbreak/st_tbreak)
Step 4/5: status page
$ C:\Users\balla\Documents\Brawl Decompile\.venv\Scripts\python.exe C:\Users\balla\Documents\Brawl Decompile\research\claude_tools\mk_status_page.py
wrote C:\Users\balla\Documents\Brawl Decompile\research\status\brawl_status.html total 1.19%, 9 cards, 7 near-misses
Step 5/5: summary
Next candidates (excluding modules with our work in progress):
  bytes  fns unk  module / chunk  [text range]
    256    8   0  ft_link / auto_00_00010F2C_text  [0x00010F2C..0x0001102C]
    256    8   0  ft_toonlink / auto_00_00010F78_text  [0x00010F78..0x00011078]
    260    3   0  ft_pikmin / auto_00_00025D30_text  [0x00025D30..0x00025E34]
    260    2   0  ft_pikmin / auto_00_0002DCD4_text  [0x0002DCD4..0x0002DDD8]
    264    3   0  ft_donkey / auto_00_0000FDBC_text  [0x0000FDBC..0x0000FEC4]
    268    4   0  ft_zelda / auto_00_00024BAC_text  [0x00024BAC..0x00024CB8]
    280    3   0  ft_pikmin / auto_00_0002DB74_text  [0x0002DB74..0x0002DC8C]
    288    7   0  ft_wario / auto_00_0000DB18_text  [0x0000DB18..0x0000DC38]
unk = calls to unnamed DOL functions. Chunks are provisional: check class/RTTI boundaries before splitting.
AUTOPILOT DONE:
  - Preflight build: 127/127
  - Integrated 3 commit(s) from codex/finish
  - Worktrees were NOT removed (Codex may still use them); use 'Clean up worktree' when Codex is done.
  - Promoted: none (docs entries pending for any promoted TU)
  - Still in progress (ours): cm_controller_menu_pad, gr_battle, gr_battle_ground, st_battle, st_dxgreens, st_kart, st_oldin, st_tbreak
  - HEAD: 9ec5405 Recover Oldin literal ordering and observed timer values
