Checkout: C:\Users\balla\Documents\Brawl Decompile\brawl-codex9 (codex/mk-finals)
$ C:\Users\balla\Documents\Brawl Decompile\.venv\Scripts\ninja.exe
[1/3] TOOL build\tools\dtk.exe
Downloading https://github.com/encounter/decomp-toolkit/releases/download/v1.7.5/dtk-windows-x86_64.exe to build\tools\dtk.exe
[2/3] SPLIT config\RSBE01_01\config.yml
[3/3] RUN configure.py
[1/540] TOOL build\tools\sjiswrap.exe
Downloading https://github.com/encounter/sjiswrap/releases/download/v1.2.2/sjiswrap-windows-x86.exe to build\tools\sjiswrap.exe
[2/540] TOOL build\tools\objdiff-cli.exe
Downloading https://github.com/encounter/objdiff/releases/download/v3.4.4/objdiff-cli-windows-x86_64.exe to build\tools\objdiff-cli.exe
[3/540] TOOL build\compilers
Downloading https://files.decomp.dev/compilers_20250812.zip to build\compilers
[4/540] MWCC build\RSBE01_01\src\home_button_icon.o
[5/540] MWCC build\RSBE01_01\src\global_destructor_chain.o
[6/540] MWCC build\RSBE01_01\src\mo_menu\mo_menu.o
[7/540] MWCC build\RSBE01_01\src\mo_menu\sora_menu_sel_char_access\sel_char_access.o
[8/540] MWCC build\RSBE01_01\src\mo_scene\sora_scene\sc_seal_list.o
[9/540] MWCC build\RSBE01_01\src\mo_scene\mo_scene.o
[10/540] MWCC build\RSBE01_01\src\mo_scene\sora_scene\sc_adv_selchar.o
[11/540] MWCC build\RSBE01_01\src\mo_scene\sora_scene\sc_staffroll.o
[12/540] MWCC build\RSBE01_01\src\mo_scene\sora_scene\sc_demo.o
[13/540] MWCC build\RSBE01_01\src\mo_scene\sora_scene\sc_net_time_result.o
[14/540] MWCC build\RSBE01_01\src\mo_scene\sora_scene\sc_tutorial.o
[15/540] MWCC build\RSBE01_01\src\mo_scene\sora_scene\sc_adv_result.o
[16/540] MWCC build\RSBE01_01\src\mo_scene\sora_scene\sc_adv_saveload.o
[17/540] MWCC build\RSBE01_01\src\mo_melee\sora_melee\so\so_heap_module_impl.o
[18/540] MWCC build\RSBE01_01\src\mo_melee\sora_melee\so\so_general_work_simple.o
[19/540] MWCC build\RSBE01_01\src\mo_melee\sora_melee\so\so_general_work_abstract.o
[20/540] MWCC build\RSBE01_01\src\mo_scene\sora_scene\sc_adv_diff.o
### mwcceppc.exe Compiler:
#    File: src\mo_scene\sora_scene\sc_adv_diff.cpp
# ------------------------------------------------
#      67: }  
# Warning: ^
#   (33058) <string not found>
[21/540] MWCC build\RSBE01_01\src\mo_melee\sora_melee\so\so_general_work.o
[22/540] MWCC build\RSBE01_01\src\mo_scene\sora_scene\sc_seal_disp.o
[23/540] MWCC build\RSBE01_01\src\mo_melee\sora_melee\ft\ft_class_info.o
[24/540] MWCC build\RSBE01_01\src\mo_melee\mo_melee.o
[25/540] MWCC build\RSBE01_01\src\mo_adv_menu\mo_adv_menu.o
[26/540] MWCC build\RSBE01_01\src\mo_adv_menu\sora_adv_menu_game_over\mu_adv_game_over.o
[27/540] MWCC build\RSBE01_01\src\mo_melee\sora_melee\so\anim\so_anim_chr.o
[28/540] MWCC build\RSBE01_01\src\mo_melee\sora_melee\so\so_common_data_accesser.o
[29/540] MWCC build\RSBE01_01\src\mo_melee\sora_melee\so\model\so_model_virtual_node.o
[30/540] MWCC build\RSBE01_01\src\mo_melee\sora_melee\so\so_resource_module_impl.o
[31/540] MWCC build\RSBE01_01\src\mo_melee\sora_melee\so\model\so_model_module_simple.o
[32/540] MWCC build\RSBE01_01\src\mo_melee\sora_melee\so\so_photo_call_back.o
[33/540] MWCC build\RSBE01_01\src\mo_adv_stage\mo_adv_stage.o
[34/540] MWCC build\RSBE01_01\src\mo_adv_menu\sora_adv_menu_telop\mu_adv_telop_task.o
[35/540] MWCC build\RSBE01_01\src\mo_enemy\sora_enemy\wnem\wn_em_heap_module_impl.o
[36/540] MWCC build\RSBE01_01\src\mo_enemy\sora_enemy\wnem\wn_em_resource_module_impl.o
[37/540] MWCC build\RSBE01_01\src\mo_enemy\sora_enemy\stop\em_stop_module_impl.o
[38/540] MWCC build\RSBE01_01\src\mo_melee\sora_melee\so\anim\so_anim_cmd_interpreter_effect.o
[39/540] MWCC build\RSBE01_01\src\mo_melee\sora_melee\so\so_module_accesser.o
[40/540] MWCC build\RSBE01_01\src\mo_enemy\sora_enemy\em_extend_param_accesser.o
[41/540] MWCC build\RSBE01_01\src\mo_melee\sora_melee\ft\ft_extend_param_accesser.o
[42/540] MWCC build\RSBE01_01\src\mo_melee\sora_melee\so\model\so_model_module_impl_variable.o
[43/540] MWCC build\RSBE01_01\src\mo_melee\sora_melee\so\so_controller_module_link_ref.o
[44/540] MWCC build\RSBE01_01\src\mo_adv_stage\gr_adventure_final.o
[45/540] MWCC build\RSBE01_01\src\mo_enemy\sora_enemy\em_create.o
[46/540] MWCC build\RSBE01_01\src\mo_enemy\sora_enemy\resource\em_resource_module_impl.o
[47/540] MWCC build\RSBE01_01\src\mo_enemy\sora_enemy\em_target_search_unit.o
[48/540] MWCC build\RSBE01_01\src\mo_enemy\sora_enemy\em_external_value_accesser.o
[49/540] MWCC build\RSBE01_01\src\mo_enemy\sora_enemy\boobas\em_boobas_param_accesser.o
[50/540] MWCC build\RSBE01_01\src\mo_enemy\sora_enemy\siralamos\em_siralamos_param_accesser.o
[51/540] MWCC build\RSBE01_01\src\mo_melee\sora_melee\ft\ft_fighter_build_data.o
### mwcceppc.exe Compiler:
#      In: include\lib\BrawlHeaders\Brawl\Include\so\so_module_accesser_build_data.h
#    From: src\mo_melee\sora_melee\ft\ft_fighter_build_data.cpp
# -------------------------------------------------------------
#      31:         return rect;  
# Warning:                    ^
#   (10326) function result is a pointer/reference to an automatic/temporary 
#   variable
[52/540] MWCC build\RSBE01_01\src\mo_melee\sora_melee\st\st_common_gimmick.o
[53/540] MWCC build\RSBE01_01\src\mo_enemy\sora_enemy\roada\em_roada_param_accesser.o
[54/540] MWCC build\RSBE01_01\src\mo_enemy\sora_enemy\wnem\wn_em_report.o
[55/540] MWCC build\RSBE01_01\src\mo_enemy\sora_enemy\em_info.o
[56/540] MWCC build\RSBE01_01\src\mo_enemy\sora_enemy\killer\em_killer_param_accesser.o
[57/540] MWCC build\RSBE01_01\src\mo_enemy\sora_enemy\popperam\em_popperam_param_accesser.o
[58/540] MWCC build\RSBE01_01\src\mo_enemy\sora_enemy\deathpod\em_deathpod_param_accesser.o
[59/540] MWCC build\RSBE01_01\src\mo_enemy\sora_enemy\jyakeel\em_jyakeel_param_accesser.o
[60/540] MWCC build\RSBE01_01\src\mo_enemy\sora_enemy\pacci\em_pacci_param_accesser.o
[61/540] MWCC build\RSBE01_01\src\mo_enemy\sora_enemy\aroaros\em_aroaros_param_accesser.o
[62/540] MWCC build\RSBE01_01\src\mo_enemy\sora_enemy\cymal\em_cymal_param_accesser.o
[63/540] MWCC build\RSBE01_01\src\mo_enemy\sora_enemy\bucyulus\em_bucyulus_param_accesser.o
[64/540] MWCC build\RSBE01_01\src\mo_enemy\sora_enemy\gyraan\em_gyraan_param_accesser.o
[65/540] MWCC build\RSBE01_01\src\mo_enemy\sora_enemy\dekakuribo\em_dekakuribo_param_accesser.o
[66/540] MWCC build\RSBE01_01\src\mo_enemy\sora_enemy\botron\em_botron_param_accesser.o
[67/540] MWCC build\RSBE01_01\src\mo_enemy\sora_enemy\mite\em_mite_param_accesser.o
[68/540] MWCC build\RSBE01_01\src\mo_enemy\sora_enemy\cataguard\em_cataguard_param_accesser.o
[69/540] MWCC build\RSBE01_01\src\mo_enemy\sora_enemy\prim\em_prim_param_accesser.o
[70/540] MWCC build\RSBE01_01\src\mo_enemy\sora_enemy\kuribo\em_kuribo_param_accesser.o
[71/540] MWCC build\RSBE01_01\src\mo_enemy\sora_enemy\flows\em_flows_param_accesser.o
[72/540] MWCC build\RSBE01_01\src\mo_enemy\sora_enemy\tautau\em_tautau_param_accesser.o
[73/540] MWCC build\RSBE01_01\src\mo_enemy\sora_enemy\shelly\em_shelly_param_accesser.o
[74/540] MWCC build\RSBE01_01\src\mo_enemy\sora_enemy\spar\em_spar_param_accesser.o
[75/540] MWCC build\RSBE01_01\src\mo_enemy\sora_enemy\teckin\em_teckin_param_accesser.o
[76/540] MWCC build\RSBE01_01\src\mo_enemy\sora_enemy\hammerbros\em_hammerbros_param_accesser.o
[77/540] MWCC build\RSBE01_01\src\mo_enemy\sora_enemy\ngagog\em_ngagog_param_accesser.o
[78/540] MWCC build\RSBE01_01\src\mo_enemy\sora_enemy\kokkon\em_kokkon_param_accesser.o
[79/540] MWCC build\RSBE01_01\src\mo_enemy\sora_enemy\bombhead\em_bombhead_param_accesser.o
[80/540] MWCC build\RSBE01_01\src\mo_enemy\sora_enemy\bitan\em_bitan_param_accesser.o
[81/540] MWCC build\RSBE01_01\src\mo_enemy\sora_enemy\jdus\em_jdus_param_accesser.o
[82/540] MWCC build\RSBE01_01\src\mo_enemy\sora_enemy\patapata\em_patapata_param_accesser.o
[83/540] MWCC build\RSBE01_01\src\mo_enemy\sora_enemy\faulong\em_faulong_param_accesser.o
[84/540] MWCC build\RSBE01_01\src\mo_enemy\sora_enemy\ghamgha\em_ghamgha_param_accesser.o
[85/540] MWCC build\RSBE01_01\src\mo_enemy\sora_enemy\robobeam\em_robobeam_param_accesser.o
[86/540] MWCC build\RSBE01_01\src\mo_enemy\sora_enemy\robodistance\em_robodistance_param_accesser.o
[87/540] MWCC build\RSBE01_01\src\mo_enemy\sora_enemy\arman\em_arman_param_accesser.o
[88/540] MWCC build\RSBE01_01\src\mo_enemy\sora_enemy\robohoming\em_robohoming_param_accesser.o
[89/540] MWCC build\RSBE01_01\src\mo_enemy\sora_enemy\robopunch\em_robopunch_param_accesser.o
[90/540] MWCC build\RSBE01_01\src\mo_enemy\sora_enemy\arman\wnem_proc_arman.o
[91/540] MWCC build\RSBE01_01\src\mo_enemy\mo_enemy.o
[92/540] MWCC build\RSBE01_01\src\mo_stage\mo_stage.o
[93/540] MWCC build\RSBE01_01\src\mo_enemy\sora_enemy\galfire\em_galfire_param_accesser.o
[94/540] MWCC build\RSBE01_01\src\mo_enemy\sora_enemy\bosspackun\em_bosspackun_param_accesser.o
[95/540] MWCC build\RSBE01_01\src\mo_enemy\sora_enemy\ghamghabase\em_ghamghabase_param_accesser.o
[96/540] MWCC build\RSBE01_01\src\mo_enemy\sora_enemy\rayquaza\wnem_proc_rayquaza.o
[97/540] MWCC build\RSBE01_01\src\mo_enemy\sora_enemy\ridley\em_ridley_param_accesser.o
[98/540] MWCC build\RSBE01_01\src\mo_enemy\sora_enemy\galleom\em_galleom_param_accesser.o
[99/540] MWCC build\RSBE01_01\src\mo_enemy\sora_enemy\rayquaza\em_rayquaza_param_accesser.o
[100/540] MWCC build\RSBE01_01\src\mo_enemy\sora_enemy\duon\em_duon_param_accesser.o
[101/540] MWCC build\RSBE01_01\src\mo_enemy\sora_enemy\metaridley\em_metaridley_param_accesser.o
[102/540] MWCC build\RSBE01_01\src\mo_enemy\sora_enemy\porky\em_porky_param_accesser.o
[103/540] MWCC build\RSBE01_01\src\mo_enemy\sora_enemy\falconflyer\em_falconflyer_param_accesser.o
[104/540] MWCC build\RSBE01_01\src\mo_enemy\sora_enemy\taboo\wnem_proc_taboo.o
[105/540] MWCC build\RSBE01_01\src\mo_enemy\sora_enemy\taboo\em_taboo_param_accesser.o
[106/540] MWCC build\RSBE01_01\src\mo_enemy\sora_enemy\masterhand\em_masterhand_param_accesser.o
[107/540] MWCC build\RSBE01_01\src\mo_enemy\sora_enemy\crazyhand\em_crazyhand_param_accesser.o
[108/540] MWCC build\RSBE01_01\src\mo_stage\st_battles\gr_battles.o
[109/540] MWCC build\RSBE01_01\src\mo_stage\st_config\gr_config.o
[110/540] MWCC build\RSBE01_01\src\mo_stage\st_final\gr_final.o
[111/540] MWCC build\RSBE01_01\src\mo_stage\st_mansion\gr_mansion.o
[112/540] MWCC build\RSBE01_01\src\mo_stage\st_mansion\gr_mansion_area_break.o
[113/540] MWCC build\RSBE01_01\src\mo_stage\st_crayon\gr_crayon_yakumono.o
[114/540] MWCC build\RSBE01_01\src\mo_stage\st_oldin\gr_oldin.o
[115/540] MWCC build\RSBE01_01\src\mo_stage\st_tengan\gr_tengan.o
[116/540] MWCC build\RSBE01_01\src\mo_stage\st_tengan\gr_tengan_bg.o
[117/540] MWCC build\RSBE01_01\src\mo_stage\st_tengan\gr_tengan_ashiba.o
[118/540] MWCC build\RSBE01_01\src\mo_stage\st_gw\gr_gw_scene.o
[119/540] MWCC build\RSBE01_01\src\mo_stage\st_starfox\st_starfox.o
[120/540] MWCC build\RSBE01_01\src\mo_stage\st_tengan\gr_tengan_floor.o
[121/540] MWCC build\RSBE01_01\src\mo_stage\st_mansion\gr_mansion_area_down.o
[122/540] MWCC build\RSBE01_01\src\mo_stage\st_mansion\gr_mansion_area_up.o
[123/540] MWCC build\RSBE01_01\src\mo_stage\st_config\st_config.o
[124/540] MWCC build\RSBE01_01\src\mo_stage\st_final\st_final.o
[125/540] MWCC build\RSBE01_01\src\mo_stage\st_crayon\st_crayon.o
[126/540] MWCC build\RSBE01_01\src\mo_stage\st_battles\st_battles.o
[127/540] MWCC build\RSBE01_01\src\mo_stage\st_gw\gr_gw_scene_chef.o
[128/540] MWCC build\RSBE01_01\src\mo_stage\st_gw\gr_gw_scene_lion.o
[129/540] MWCC build\RSBE01_01\src\mo_stage\st_gw\gr_gw_scene_oil.o
[130/540] MWCC build\RSBE01_01\src\mo_fighter\mo_fighter.o
[131/540] MWCC build\RSBE01_01\src\mo_stage\st_dxshrine\gr_dxshrine.o
[132/540] MWCC build\RSBE01_01\src\mo_stage\st_newpork\gr_newpork.o
[133/540] MWCC build\RSBE01_01\src\mo_stage\st_gw\gr_gw_fire_etc.o
[134/540] MWCC build\RSBE01_01\src\mo_stage\st_greenhill\st_greenhill.o
[135/540] MWCC build\RSBE01_01\src\mo_stage\st_dxbigblue\gr_dxbigblue.o
[136/540] MWCC build\RSBE01_01\src\mo_stage\st_dxyorster\st_dxyorster.o
[137/540] MWCC build\RSBE01_01\src\mo_stage\st_dxcorneria\gr_dxcorneria.o
[138/540] MWCC build\RSBE01_01\src\mo_stage\st_dxshrine\st_dxshrine.o
[139/540] MWCC build\RSBE01_01\src\mo_fighter\ft_mario\ft_mario_status_uniq_process_special_n.o
[140/540] MWCC build\RSBE01_01\src\mo_fighter\ft_mario\ft_mario_status_uniq_process_special_lw_shoot.o
[141/540] MWCC build\RSBE01_01\src\mo_stage\st_otrain\st_onlinetrainning.o
[142/540] MWCC build\RSBE01_01\src\mo_stage\st_tbreak\gr_tbreak.o
[143/540] MWCC build\RSBE01_01\src\mo_stage\st_dxgarden\st_dxgarden.o
[144/540] MWCC build\RSBE01_01\src\mo_fighter\ft_mario\ft_mario_status_uniq_process_special_s.o
### mwcceppc.exe Compiler:
#    File: src\mo_fighter\ft_mario\ft_mario_status_uniq_process_special_s.cpp
# ---------------------------------------------------------------------------
#      40:         stop->resetEnergy(6, &Vec2f(speed.m_x, 0.0f), &Vec3f(0.0f, 0.0f, 0.0f), moduleAccesser);  
# Warning:                                                     ^
#   (10142) not an lvalue
### mwcceppc.exe Compiler:
#      40: resetEnergy(6, &Vec2f(speed.m_x, 0.0f), &Vec3f(0.0f, 0.0f, 0.0f), moduleAccesser);  
# Warning:                                                                 ^
#   (10142) not an lvalue
### mwcceppc.exe Compiler:
#      41: ValueAccesser::getConstantFloat(moduleAccesser, 0xFA9, 0), 0.0f));  
# Warning:                                                                 ^
#   (10142) not an lvalue
### mwcceppc.exe Compiler:
#      44:         gravity->resetEnergy(0, &Vec2f(0.0f, speed.m_y), &Vec3f(0.0f, 0.0f, 0.0f), moduleAccesser);  
# Warning:                                                        ^
#   (10142) not an lvalue
### mwcceppc.exe Compiler:
#      44: resetEnergy(0, &Vec2f(0.0f, speed.m_y), &Vec3f(0.0f, 0.0f, 0.0f), moduleAccesser);  
# Warning:                                                                 ^
#   (10142) not an lvalue
[145/540] MWCC build\RSBE01_01\src\mo_fighter\ft_luigi\ft_luigi_status_uniq_process_special_lw.o
[146/540] MWCC build\RSBE01_01\src\mo_fighter\ft_luigi\ft_luigi_status_uniq_process_special_s_ram.o
[147/540] MWCC build\RSBE01_01\src\mo_fighter\ft_luigi\ft_luigi_status_uniq_process_special_s_wall.o
[148/540] MWCC build\RSBE01_01\src\mo_fighter\ft_ness\ft_ness_status_uniq_process_attack_hi4_start.o
[149/540] MWCC build\RSBE01_01\src\mo_fighter\ft_ness\ft_ness_status_uniq_process_attack_hi4.o
[150/540] MWCC build\RSBE01_01\src\mo_fighter\ft_ness\ft_ness_status_uniq_process_attack_s4.o
[151/540] MWCC build\RSBE01_01\src\mo_stage\st_heal\st_heal.o
[152/540] MWCC build\RSBE01_01\src\mo_fighter\ft_ness\ft_ness_status_uniq_process_special_s.o
[153/540] MWCC build\RSBE01_01\src\mo_fighter\ft_ness\ft_ness_status_uniq_process_special_hi_reflect.o
[154/540] MWCC build\RSBE01_01\src\mo_fighter\ft_ness\ft_ness_status_uniq_process_special_hi.o
[155/540] MWCC build\RSBE01_01\src\mo_fighter\ft_ness\ft_ness_status_uniq_process_special_lw.o
[156/540] MWCC build\RSBE01_01\src\mo_fighter\ft_ness\ft_ness_status_uniq_process_special_lw_hold.o
### mwcceppc.exe Compiler:
#    File: src\mo_fighter\ft_ness\ft_ness_status_uniq_process_special_lw_hold.cpp
# -----------------------------------------------------------------------------
#      20:             &Vec3f(0.0f, 6.5f, 0.0f), &Vec3f(0.0f, 0.0f, 0.0f), 0.9f, false, 0, 0, -1);  
# Warning:                                     ^
#   (10142) not an lvalue
### mwcceppc.exe Compiler:
#      20:             &Vec3f(0.0f, 6.5f, 0.0f), &Vec3f(0.0f, 0.0f, 0.0f), 0.9f, false, 0, 0, -1);  
# Warning:                                                               ^
#   (10142) not an lvalue
[157/540] MWCC build\RSBE01_01\src\mo_fighter\ft_zelda\ft_zelda_status_uniq_process_special_s.o
[158/540] MWCC build\RSBE01_01\src\mo_fighter\ft_zelda\ft_zelda_status_uniq_process_special_hi.o
[159/540] MWCC build\RSBE01_01\src\mo_fighter\ft_zelda\ft_zelda_status_uniq_process_special_hi2.o
[160/540] MWCC build\RSBE01_01\src\mo_fighter\ft_zelda\ft_zelda_status_uniq_process_special_hi3.o
[161/540] MWCC build\RSBE01_01\src\mo_fighter\ft_zelda\ft_zelda_status_uniq_process_special_lw.o
[162/540] MWCC build\RSBE01_01\src\mo_fighter\ft_zelda\ft_zelda_status_uniq_process_final.o
[163/540] MWCC build\RSBE01_01\src\mo_fighter\ft_metaknight\ft_metaknight_status_uniq_process_special_s_rush.o
[164/540] MWCC build\RSBE01_01\src\mo_fighter\ft_marth\ft_marth_status_uniq_process_special_s.o
### mwcceppc.exe Compiler:
#    File: src\mo_fighter\ft_marth\ft_marth_status_uniq_process_special_s.cpp
# ---------------------------------------------------------------------------
#      45:                 stop->resetEnergy(6, &Vec2f(speedX, 0.0f), &Vec3f(0.0f, 0.0f, 0.0f), moduleAccesser);  
# Warning:                                                          ^
#   (10142) not an lvalue
### mwcceppc.exe Compiler:
#      45: p->resetEnergy(6, &Vec2f(speedX, 0.0f), &Vec3f(0.0f, 0.0f, 0.0f), moduleAccesser);  
# Warning:                                                                 ^
#   (10142) not an lvalue
### mwcceppc.exe Compiler:
#      47:                 gravity->resetEnergy(0, &Vec2f(0.0f, fallSpeed), &Vec3f(0.0f, 0.0f, 0.0f), moduleAccesser);  
# Warning:                                                                ^
#   (10142) not an lvalue
### mwcceppc.exe Compiler:
#      47: resetEnergy(0, &Vec2f(0.0f, fallSpeed), &Vec3f(0.0f, 0.0f, 0.0f), moduleAccesser);  
# Warning:                                                                 ^
#   (10142) not an lvalue
### mwcceppc.exe Compiler:
#      51:                 normal->resetEnergy(3, &Vec2f(0.0f, 0.0f), &Vec3f(0.0f, 0.0f, 0.0f), moduleAccesser);  
# Warning:                                                          ^
#   (10142) not an lvalue
### mwcceppc.exe Compiler:
#      51: mal->resetEnergy(3, &Vec2f(0.0f, 0.0f), &Vec3f(0.0f, 0.0f, 0.0f), moduleAccesser);  
# Warning:                                                                 ^
#   (10142) not an lvalue
### mwcceppc.exe Compiler:
#      61:                 stop->resetEnergy(6, &Vec2f(speedX, 0.0f), &Vec3f(0.0f, 0.0f, 0.0f), moduleAccesser);  
# Warning:                                                          ^
#   (10142) not an lvalue
### mwcceppc.exe Compiler:
#      61: p->resetEnergy(6, &Vec2f(speedX, 0.0f), &Vec3f(0.0f, 0.0f, 0.0f), moduleAccesser);  
# Warning:                                                                 ^
#   (10142) not an lvalue
### mwcceppc.exe Compiler:
#      63:                 gravity->resetEnergy(0, &Vec2f(0.0f, speedY), &Vec3f(0.0f, 0.0f, 0.0f), moduleAccesser);  
# Warning:                                                             ^
#   (10142) not an lvalue
### mwcceppc.exe Compiler:
#      63: y->resetEnergy(0, &Vec2f(0.0f, speedY), &Vec3f(0.0f, 0.0f, 0.0f), moduleAccesser);  
# Warning:                                                                 ^
#   (10142) not an lvalue
### mwcceppc.exe Compiler:
#      75:                 stop->resetEnergy(6, &Vec2f(speedX, 0.0f), &Vec3f(0.0f, 0.0f, 0.0f), moduleAccesser);  
# Warning:                                                          ^
#   (10142) not an lvalue
### mwcceppc.exe Compiler:
#      75: p->resetEnergy(6, &Vec2f(speedX, 0.0f), &Vec3f(0.0f, 0.0f, 0.0f), moduleAccesser);  
# Warning:                                                                 ^
#   (10142) not an lvalue
### mwcceppc.exe Compiler:
#      77:                 gravity->resetEnergy(0, &Vec2f(0.0f, speedY), &Vec3f(0.0f, 0.0f, 0.0f), moduleAccesser);  
# Warning:                                                             ^
#   (10142) not an lvalue
### mwcceppc.exe Compiler:
#      77: y->resetEnergy(0, &Vec2f(0.0f, speedY), &Vec3f(0.0f, 0.0f, 0.0f), moduleAccesser);  
# Warning:                                                                 ^
#   (10142) not an lvalue
### mwcceppc.exe Compiler:
#      80:                 normal->resetEnergy(3, &Vec2f(0.0f, 0.0f), &Vec3f(0.0f, 0.0f, 0.0f), moduleAccesser);  
# Warning:                                                          ^
#   (10142) not an lvalue
### mwcceppc.exe Compiler:
#      80: mal->resetEnergy(3, &Vec2f(0.0f, 0.0f), &Vec3f(0.0f, 0.0f, 0.0f), moduleAccesser);  
# Warning:                                                                 ^
#   (10142) not an lvalue
### mwcceppc.exe Compiler:
#      89:                 stop->resetEnergy(6, &Vec2f(speedX, 0.0f), &Vec3f(0.0f, 0.0f, 0.0f), moduleAccesser);  
# Warning:                                                          ^
#   (10142) not an lvalue
### mwcceppc.exe Compiler:
#      89: p->resetEnergy(6, &Vec2f(speedX, 0.0f), &Vec3f(0.0f, 0.0f, 0.0f), moduleAccesser);  
# Warning:                                                                 ^
#   (10142) not an lvalue
### mwcceppc.exe Compiler:
#      91:                 gravity->resetEnergy(0, &Vec2f(0.0f, speedY), &Vec3f(0.0f, 0.0f, 0.0f), moduleAccesser);  
# Warning:                                                             ^
#   (10142) not an lvalue
### mwcceppc.exe Compiler:
#      91: y->resetEnergy(0, &Vec2f(0.0f, speedY), &Vec3f(0.0f, 0.0f, 0.0f), moduleAccesser);  
# Warning:                                                                 ^
#   (10142) not an lvalue
### mwcceppc.exe Compiler:
#      94:                 normal->resetEnergy(3, &Vec2f(0.0f, 0.0f), &Vec3f(0.0f, 0.0f, 0.0f), moduleAccesser);  
# Warning:                                                          ^
#   (10142) not an lvalue
### mwcceppc.exe Compiler:
#      94: mal->resetEnergy(3, &Vec2f(0.0f, 0.0f), &Vec3f(0.0f, 0.0f, 0.0f), moduleAccesser);  
# Warning:                                                                 ^
#   (10142) not an lvalue
### mwcceppc.exe Compiler:
#     120:                 stop->resetEnergy(6, &Vec2f(speed.m_x, 0.0f), &Vec3f(0.0f, 0.0f, 0.0f), moduleAccesser);  
# Warning:                                                             ^
#   (10142) not an lvalue
### mwcceppc.exe Compiler:
#     120: resetEnergy(6, &Vec2f(speed.m_x, 0.0f), &Vec3f(0.0f, 0.0f, 0.0f), moduleAccesser);  
# Warning:                                                                 ^
#   (10142) not an lvalue
### mwcceppc.exe Compiler:
#     122:                 gravity->resetEnergy(0, &Vec2f(0.0f, speed.m_y), &Vec3f(0.0f, 0.0f, 0.0f), moduleAccesser);  
# Warning:                                                                ^
#   (10142) not an lvalue
### mwcceppc.exe Compiler:
#     122: resetEnergy(0, &Vec2f(0.0f, speed.m_y), &Vec3f(0.0f, 0.0f, 0.0f), moduleAccesser);  
# Warning:                                                                 ^
#   (10142) not an lvalue
### mwcceppc.exe Compiler:
#     125:                 normal->resetEnergy(3, &Vec2f(0.0f, 0.0f), &Vec3f(0.0f, 0.0f, 0.0f), moduleAccesser);  
# Warning:                                                          ^
#   (10142) not an lvalue
### mwcceppc.exe Compiler:
#     125: mal->resetEnergy(3, &Vec2f(0.0f, 0.0f), &Vec3f(0.0f, 0.0f, 0.0f), moduleAccesser);  
# Warning:                                                                 ^
#   (10142) not an lvalue
### mwcceppc.exe Compiler:
#     133:                 stop->resetEnergy(6, &Vec2f(speed.m_x, 0.0f), &Vec3f(0.0f, 0.0f, 0.0f), moduleAccesser);  
# Warning:                                                             ^
#   (10142) not an lvalue
### mwcceppc.exe Compiler:
#     133: resetEnergy(6, &Vec2f(speed.m_x, 0.0f), &Vec3f(0.0f, 0.0f, 0.0f), moduleAccesser);  
# Warning:                                                                 ^
#   (10142) not an lvalue
### mwcceppc.exe Compiler:
#     135:                 gravity->resetEnergy(0, &Vec2f(0.0f, speed.m_y), &Vec3f(0.0f, 0.0f, 0.0f), moduleAccesser);  
# Warning:                                                                ^
#   (10142) not an lvalue
### mwcceppc.exe Compiler:
#     135: resetEnergy(0, &Vec2f(0.0f, speed.m_y), &Vec3f(0.0f, 0.0f, 0.0f), moduleAccesser);  
# Warning:                                                                 ^
#   (10142) not an lvalue
### mwcceppc.exe Compiler:
#     146:                 stop->resetEnergy(6, &Vec2f(speed.m_x, 0.0f), &Vec3f(0.0f, 0.0f, 0.0f), moduleAccesser);  
# Warning:                                                             ^
#   (10142) not an lvalue
### mwcceppc.exe Compiler:
#     146: resetEnergy(6, &Vec2f(speed.m_x, 0.0f), &Vec3f(0.0f, 0.0f, 0.0f), moduleAccesser);  
# Warning:                                                                 ^
#   (10142) not an lvalue
### mwcceppc.exe Compiler:
#     148:                 gravity->resetEnergy(0, &Vec2f(0.0f, speed.m_y), &Vec3f(0.0f, 0.0f, 0.0f), moduleAccesser);  
# Warning:                                                                ^
#   (10142) not an lvalue
### mwcceppc.exe Compiler:
#     148: resetEnergy(0, &Vec2f(0.0f, speed.m_y), &Vec3f(0.0f, 0.0f, 0.0f), moduleAccesser);  
# Warning:                                                                 ^
#   (10142) not an lvalue
### mwcceppc.exe Compiler:
#     151:                 normal->resetEnergy(3, &Vec2f(0.0f, 0.0f), &Vec3f(0.0f, 0.0f, 0.0f), moduleAccesser);  
# Warning:                                                          ^
#   (10142) not an lvalue
### mwcceppc.exe Compiler:
#     151: mal->resetEnergy(3, &Vec2f(0.0f, 0.0f), &Vec3f(0.0f, 0.0f, 0.0f), moduleAccesser);  
# Warning:                                                                 ^
#   (10142) not an lvalue
### mwcceppc.exe Compiler:
#     159:                 stop->resetEnergy(6, &Vec2f(speed.m_x, 0.0f), &Vec3f(0.0f, 0.0f, 0.0f), moduleAccesser);  
# Warning:                                                             ^
#   (10142) not an lvalue
### mwcceppc.exe Compiler:
#     159: resetEnergy(6, &Vec2f(speed.m_x, 0.0f), &Vec3f(0.0f, 0.0f, 0.0f), moduleAccesser);  
# Warning:                                                                 ^
#   (10142) not an lvalue
### mwcceppc.exe Compiler:
#     161:                 gravity->resetEnergy(0, &Vec2f(0.0f, speed.m_y), &Vec3f(0.0f, 0.0f, 0.0f), moduleAccesser);  
# Warning:                                                                ^
#   (10142) not an lvalue
### mwcceppc.exe Compiler:
#     161: resetEnergy(0, &Vec2f(0.0f, speed.m_y), &Vec3f(0.0f, 0.0f, 0.0f), moduleAccesser);  
# Warning:                                                                 ^
#   (10142) not an lvalue
### mwcceppc.exe Compiler:
#     164:                 normal->resetEnergy(3, &Vec2f(0.0f, 0.0f), &Vec3f(0.0f, 0.0f, 0.0f), moduleAccesser);  
# Warning:                                                          ^
#   (10142) not an lvalue
### mwcceppc.exe Compiler:
#     164: mal->resetEnergy(3, &Vec2f(0.0f, 0.0f), &Vec3f(0.0f, 0.0f, 0.0f), moduleAccesser);  
# Warning:                                                                 ^
#   (10142) not an lvalue
[165/540] MWCC build\RSBE01_01\src\mo_fighter\ft_pit\ft_pit_status_uniq_process_special_s_revolve.o
[166/540] MWCC build\RSBE01_01\src\mo_fighter\ft_metaknight\ft_metaknight_status_uniq_process_special_s_end.o
### mwcceppc.exe Compiler:
#    File: src\mo_fighter\ft_metaknight\ft_metaknight_status_uniq_process_special_s_end.cpp
# -----------------------------------------------------------------------------
#      21: duleAccesser->getPostureModule().setRot(&Vec3f(0.0f, 0.0f, 0.0f), 0);  
# Warning:                                                                 ^
#   (10142) not an lvalue
### mwcceppc.exe Compiler:
#      27:                moduleAccesser->getPostureModule().getRot(0).m_z), 0);  
# Warning:                                                                 ^
#   (10142) not an lvalue
### mwcceppc.exe Compiler:
#      32: duleAccesser->getPostureModule().setRot(&Vec3f(0.0f, 0.0f, 0.0f), 0);  
# Warning:                                                                 ^
#   (10142) not an lvalue
[167/540] MWCC build\RSBE01_01\src\mo_fighter\ft_pit\ft_pit_status_uniq_process_special_hi_fly.o
[168/540] MWCC build\RSBE01_01\src\mo_fighter\ft_marth\ft_marth_status_uniq_process_special_lw.o
### mwcceppc.exe Compiler:
#    File: src\mo_fighter\ft_marth\ft_marth_status_uniq_process_special_lw.cpp
# ----------------------------------------------------------------------------
#      38:                 stop->resetEnergy(6, &Vec2f(speedX, zero), &Vec3f(0.0f, 0.0f, 0.0f), moduleAccesser);  
# Warning:                                                          ^
#   (10142) not an lvalue
### mwcceppc.exe Compiler:
#      38: p->resetEnergy(6, &Vec2f(speedX, zero), &Vec3f(0.0f, 0.0f, 0.0f), moduleAccesser);  
# Warning:                                                                 ^
#   (10142) not an lvalue
### mwcceppc.exe Compiler:
#      39: ValueAccesser::getConstantFloat(moduleAccesser, 0xFB1, 0), 0.0f));  
# Warning:                                                                 ^
#   (10142) not an lvalue
### mwcceppc.exe Compiler:
#      41:                 gravity->resetEnergy(0, &Vec2f(0.0f, zero), &Vec3f(0.0f, 0.0f, 0.0f), moduleAccesser);  
# Warning:                                                           ^
#   (10142) not an lvalue
### mwcceppc.exe Compiler:
#      41: ity->resetEnergy(0, &Vec2f(0.0f, zero), &Vec3f(0.0f, 0.0f, 0.0f), moduleAccesser);  
# Warning:                                                                 ^
#   (10142) not an lvalue
### mwcceppc.exe Compiler:
#      83:                     stop->resetEnergy(6, &Vec2f(speedX, 0.0f), &Vec3f(0.0f, 0.0f, 0.0f), moduleAccesser);  
# Warning:                                                              ^
#   (10142) not an lvalue
### mwcceppc.exe Compiler:
#      83: p->resetEnergy(6, &Vec2f(speedX, 0.0f), &Vec3f(0.0f, 0.0f, 0.0f), moduleAccesser);  
# Warning:                                                                 ^
#   (10142) not an lvalue
### mwcceppc.exe Compiler:
#      84: ValueAccesser::getConstantFloat(moduleAccesser, 0xFB1, 0), 0.0f));  
# Warning:                                                                 ^
#   (10142) not an lvalue
### mwcceppc.exe Compiler:
#      86:                     gravity->resetEnergy(0, &Vec2f(0.0f, speedY), &Vec3f(0.0f, 0.0f, 0.0f), moduleAccesser);  
# Warning:                                                                 ^
#   (10142) not an lvalue
### mwcceppc.exe Compiler:
#      86: y->resetEnergy(0, &Vec2f(0.0f, speedY), &Vec3f(0.0f, 0.0f, 0.0f), moduleAccesser);  
# Warning:                                                                 ^
#   (10142) not an lvalue
[169/540] MWCC build\RSBE01_01\src\sora\sr\sr_getappname.o
[170/540] MWCC build\RSBE01_01\src\mo_fighter\ft_pit\ft_pit_status_uniq_process_special_lw_hold.o
[171/540] MWCC build\RSBE01_01\src\sora\sr\sr_revision.o
[172/540] MWCC build\RSBE01_01\src\sora\main.o
[173/540] MWCC build\RSBE01_01\src\sora\gf\gf_3d_scene_event.o
[174/540] MWCC build\RSBE01_01\src\mo_fighter\ft_lucas\ft_lucas_status_uniq_process_attack_s4.o
[175/540] MWCC build\RSBE01_01\src\mo_fighter\ft_lucas\ft_lucas_status_uniq_process_air_lasso.o
[176/540] MWCC build\RSBE01_01\src\mo_fighter\ft_lucas\ft_lucas_status_uniq_process_special_s.o
[177/540] MWCC build\RSBE01_01\src\sora\sr\sr_common.o
[178/540] MWCC build\RSBE01_01\src\sora\gf\gf_archive_load_thread.o
[179/540] MWCC build\RSBE01_01\src\sora\gf\gf_callback.o
[180/540] MWCC build\RSBE01_01\src\sora\gf\gf_camera_controller.o
[181/540] MWCC build\RSBE01_01\src\sora\gf\gf_decomp.o
[182/540] MWCC build\RSBE01_01\src\sora\gf\gf_archive_file.o
[183/540] MWCC build\RSBE01_01\src\mo_fighter\ft_lucas\ft_lucas_status_uniq_process_special_hi.o
[184/540] MWCC build\RSBE01_01\src\sora\gf\gf_archive_db.o
[185/540] MWCC build\RSBE01_01\src\sora\gf\gf_archive_manager.o
[186/540] MWCC build\RSBE01_01\src\mo_fighter\ft_lucas\ft_lucas_status_uniq_process_special_hi_attack_end.o
[187/540] MWCC build\RSBE01_01\src\sora\gf\gf_3d_scene_light_resource.o
[188/540] MWCC build\RSBE01_01\src\sora\gf\gf_gameframe_counter.o
[189/540] MWCC build\RSBE01_01\src\mo_fighter\ft_lucas\ft_lucas_status_uniq_process_special_hi_reflect.o
[190/540] MWCC build\RSBE01_01\src\sora\gf\gf_pad_queue.o
[191/540] MWCC build\RSBE01_01\src\sora\gf\gf_file_io_handle.o
[192/540] MWCC build\RSBE01_01\src\sora\gf\gf_pad_thread.o
[193/540] MWCC build\RSBE01_01\src\mo_fighter\ft_lucas\ft_lucas_status_uniq_process_special_lw.o
[194/540] MWCC build\RSBE01_01\src\sora\gf\gf_file_io_request.o
[195/540] MWCC build\RSBE01_01\src\mo_fighter\ft_lucas\ft_lucas_status_uniq_process_special_lw_hold.o
### mwcceppc.exe Compiler:
#    File: src\mo_fighter\ft_lucas\ft_lucas_status_uniq_process_special_lw_hold.cpp
# -----------------------------------------------------------------------------
#      20:             &Vec3f(0.0f, 6.5f, 10.0f), &Vec3f(0.0f, 0.0f, 0.0f), 0.9f, false, 0, 0, -1);  
# Warning:                                      ^
#   (10142) not an lvalue
### mwcceppc.exe Compiler:
#      20:             &Vec3f(0.0f, 6.5f, 10.0f), &Vec3f(0.0f, 0.0f, 0.0f), 0.9f, false, 0, 0, -1);  
# Warning:                                                                ^
#   (10142) not an lvalue
[196/540] MWCC build\RSBE01_01\src\sora\gf\gf_task.o
[197/540] MWCC build\RSBE01_01\src\mo_fighter\ft_sonic\ft_sonic_status_uniq_process_special_lw_hold.o
[198/540] MWCC build\RSBE01_01\src\sora\gf\gf_memory_util.o
[199/540] MWCC build\RSBE01_01\src\sora\gf\gf_system_callback.o
[200/540] MWCC build\RSBE01_01\src\mo_fighter\ft_sonic\ft_sonic_status_uniq_process_final_end.o
### mwcceppc.exe Compiler:
#    File: src\mo_fighter\ft_sonic\ft_sonic_status_uniq_process_final_end.cpp
# ---------------------------------------------------------------------------
#      25: ureModule().initPos(&soExternalValueAccesser::getPos(superSonic));  
# Warning:                                                                 ^
#   (10142) not an lvalue
### mwcceppc.exe Compiler:
#      25: ureModule().initPos(&soExternalValueAccesser::getPos(superSonic));  
# Warning:                                                                 ^
#   (10142) not an lvalue
[201/540] MWCC build\RSBE01_01\src\sora\gf\gf_slow_manager.o
[202/540] MWCC build\RSBE01_01\src\sora\gf\gf_monitor.o
[203/540] MWCC build\RSBE01_01\src\mo_fighter\ft_sonic\ft_sonic_status_uniq_process_special_s_wall_end.o
[204/540] MWCC build\RSBE01_01\src\sora\gf\gf_thread.o
[205/540] MWCC build\RSBE01_01\src\sora\gf\gf_keep_fb.o
[206/540] MWCC build\RSBE01_01\src\sora\mt\mt_prng.o
[207/540] MWCC build\RSBE01_01\src\sora\gf\gf_capture_util.o
[208/540] MWCC build\RSBE01_01\src\sora\ut\ut_list.o
[209/540] MWCC build\RSBE01_01\src\sora\ef\ef_screen_handle.o
[210/540] MWCC build\RSBE01_01\src\sora\st\module.o
[211/540] MWCC build\RSBE01_01\src\sora\ip\ip_human.o
[212/540] MWCC build\RSBE01_01\src\sora\mv\mv_THPAudioDecode.o
[213/540] MWCC build\RSBE01_01\src\sora\mt\mt_prng_log.o
[214/540] MWCC build\RSBE01_01\src\sora\cm\cm_controller_default.o
[215/540] MWCC build\RSBE01_01\src\sora\gf\gf_resource_loader.o
[216/540] MWCC build\RSBE01_01\src\sora\cm\cm_controller_menu_fixed.o
[217/540] MWCC build\RSBE01_01\src\sora\if\if_wifipr_task.o
[218/540] MWCC build\RSBE01_01\src\sora\mv\mv_THPRead.o
[219/540] MWCC build\RSBE01_01\src\sora\cm\cm_controller_melee_fixed.o
[220/540] MWCC build\RSBE01_01\src\sora\if\if_adv_task.o
[221/540] MWCC build\RSBE01_01\src\sora\gf\gf_error_check.o
[222/540] MWCC build\RSBE01_01\src\sora\gr\collision\gr_collision_shape.o
[223/540] MWCC build\RSBE01_01\src\sora\gf\gf_error_manager.o
[224/540] MWCC build\RSBE01_01\src\sora\ut\ut_nw.o
[225/540] MWCC build\RSBE01_01\src\sora\gr\collision\gr_collision_data.o
[226/540] MWCC build\RSBE01_01\src\sora\gr\collision\gr_collision_shape_circle.o
[227/540] MWCC build\RSBE01_01\src\sora\gr\collision\gr_collision_shape_rhombus.o
[228/540] MWCC build\RSBE01_01\src\sora\gr\gr_path.o
[229/540] MWCC build\RSBE01_01\src\sora\ft\ft_system.o
[230/540] MWCC build\RSBE01_01\src\sora\nt\nt_offline.o
[231/540] MWCC build\RSBE01_01\src\sora\gr\collision\gr_collision_handle.o
[232/540] MWCC build\RSBE01_01\src\sora\cm\cm_stage_param.o
[233/540] MWCC build\RSBE01_01\src\sora\ec\ec_trace_mgr.o
[234/540] MWCC build\RSBE01_01\src\sora\ad\ad_static_data.o
[235/540] MWCC build\RSBE01_01\src\sora\nt\d_net_connect.o
[236/540] MWCC build\RSBE01_01\src\sora\ac\ac_null.o
[237/540] MWCC build\RSBE01_01\src\sora\nt\nt_etc_so.o
[238/540] MWCC build\RSBE01_01\src\sora\gf\gf_shutdown_manager.o
[239/540] MWCC build\RSBE01_01\src\sora\if\if_stgedit.o
[240/540] MWCC build\RSBE01_01\src\sora\ac\ac_anim_cmd_impl.o
[241/540] LINK build\RSBE01_01\sora_menu_tour\sora_menu_tour.preplf
[242/540] LINK build\RSBE01_01\sora_menu_main\sora_menu_main.preplf
[243/540] MWCC build\RSBE01_01\src\sora\nt\nt_send.o
[244/540] MWCC build\RSBE01_01\src\Runtime.PPCEABI.H\__init_cpp_exceptions.o
[245/540] LINK build\RSBE01_01\sora_menu_qm\sora_menu_qm.preplf
[246/540] MWCC build\RSBE01_01\src\sora\nt\nt_etc_dwc.o
[247/540] LINK build\RSBE01_01\sora_scene\sora_scene.preplf
[248/540] MWCC build\RSBE01_01\src\sora\snd\snd_init_thread.o
[249/540] LINK build\RSBE01_01\sora_menu_edit\sora_menu_edit.preplf
[250/540] LINK build\RSBE01_01\sora_menu_snap_shot\sora_menu_snap_shot.preplf
[251/540] MWCC build\RSBE01_01\src\sora\st\st_data_container.o
[252/540] LINK build\RSBE01_01\sora_menu_collect_viewer\sora_menu_collect_viewer.preplf
[253/540] MWCC build\RSBE01_01\src\sora\st\st_data_container_multi.o
[254/540] LINK build\RSBE01_01\sora_menu_event\sora_menu_event.preplf
[255/540] LINK build\RSBE01_01\sora_menu_simple_ending\sora_menu_simple_ending.preplf
[256/540] LINK build\RSBE01_01\sora_menu_sel_stage\sora_menu_sel_stage.preplf
[257/540] MWCC build\RSBE01_01\src\sora\st\st_data_container_magic.o
[258/540] LINK build\RSBE01_01\sora_menu_replay\sora_menu_replay.preplf
[259/540] LINK build\RSBE01_01\sora_minigame\sora_minigame.preplf
[260/540] LINK build\RSBE01_01\sora_menu_time_result\sora_menu_time_result.preplf
[261/540] LINK build\RSBE01_01\sora_menu_game_over\sora_menu_game_over.preplf
[262/540] LINK build\RSBE01_01\sora_menu_friend_list\sora_menu_friend_list.preplf
[263/540] LINK build\RSBE01_01\sora_menu_watch\sora_menu_watch.preplf
[264/540] LINK build\RSBE01_01\sora_menu_sel_char\sora_menu_sel_char.preplf
[265/540] LINK build\RSBE01_01\sora_menu_sel_char_access\sora_menu_sel_char_access.preplf
[266/540] LINK build\RSBE01_01\sora_menu_intro\sora_menu_intro.preplf
[267/540] LINK build\RSBE01_01\sora_menu_rule\sora_menu_rule.preplf
[268/540] LINK build\RSBE01_01\sora_menu_boot\sora_menu_boot.preplf
[269/540] LINK build\RSBE01_01\sora_menu_name\sora_menu_name.preplf
[270/540] LINK build\RSBE01_01\sora_menu_challenger\sora_menu_challenger.preplf
[271/540] LINK build\RSBE01_01\sora_menu_title\sora_menu_title.preplf
[272/540] LINK build\RSBE01_01\sora_menu_title_sunset\sora_menu_title_sunset.preplf
[273/540] LINK build\RSBE01_01\sora_menu_fig_get_demo\sora_menu_fig_get_demo.preplf
[274/540] LINK build\RSBE01_01\sora_adv_menu_name\sora_adv_menu_name.preplf
[275/540] LINK build\RSBE01_01\sora_adv_menu_visual\sora_adv_menu_visual.preplf
[276/540] LINK build\RSBE01_01\sora_adv_menu_sel_char\sora_adv_menu_sel_char.preplf
[277/540] LINK build\RSBE01_01\sora_adv_menu_sel_map\sora_adv_menu_sel_map.preplf
[278/540] LINK build\RSBE01_01\sora_adv_menu_difficulty\sora_adv_menu_difficulty.preplf
[279/540] LINK build\RSBE01_01\sora_adv_menu_game_over\sora_adv_menu_game_over.preplf
[280/540] LINK build\RSBE01_01\sora_adv_menu_result\sora_adv_menu_result.preplf
[281/540] LINK build\RSBE01_01\sora_adv_menu_save_load\sora_adv_menu_save_load.preplf
[282/540] LINK build\RSBE01_01\sora_adv_menu_seal\sora_adv_menu_seal.preplf
[283/540] LINK build\RSBE01_01\sora_adv_menu_ending\sora_adv_menu_ending.preplf
[284/540] LINK build\RSBE01_01\sora_adv_menu_telop\sora_adv_menu_telop.preplf
[285/540] LINK build\RSBE01_01\sora_adv_menu_save_point\sora_adv_menu_save_point.preplf
[286/540] LINK build\RSBE01_01\st_battles\st_battles.preplf
[287/540] LINK build\RSBE01_01\st_battle\st_battle.preplf
[288/540] LINK build\RSBE01_01\st_config\st_config.preplf
[289/540] LINK build\RSBE01_01\st_final\st_final.preplf
[290/540] LINK build\RSBE01_01\st_dolpic\st_dolpic.preplf
[291/540] LINK build\RSBE01_01\st_mariopast\st_mariopast.preplf
[292/540] LINK build\RSBE01_01\st_kart\st_kart.preplf
[293/540] LINK build\RSBE01_01\st_oldin\st_oldin.preplf
[294/540] LINK build\RSBE01_01\sora_adv_stage\sora_adv_stage.preplf
[295/540] LINK build\RSBE01_01\st_mansion\st_mansion.preplf
[296/540] LINK build\RSBE01_01\st_orpheon\st_orpheon.preplf
[297/540] LINK build\RSBE01_01\st_norfair\st_norfair.preplf
[298/540] LINK build\RSBE01_01\st_crayon\st_crayon.preplf
[299/540] LINK build\RSBE01_01\st_donkey\st_donkey.preplf
[300/540] LINK build\RSBE01_01\st_pirates\st_pirates.preplf
[301/540] LINK build\RSBE01_01\st_jungle\st_jungle.preplf
[302/540] LINK build\RSBE01_01\st_starfox\st_starfox.preplf
[303/540] LINK build\RSBE01_01\st_stadium\st_stadium.preplf
[304/540] LINK build\RSBE01_01\st_fzero\st_fzero.preplf
[305/540] LINK build\RSBE01_01\st_tengan\st_tengan.preplf
[306/540] LINK build\RSBE01_01\st_halberd\st_halberd.preplf
[307/540] LINK build\RSBE01_01\st_ice\st_ice.preplf
[308/540] LINK build\RSBE01_01\st_gw\st_gw.preplf
[309/540] LINK build\RSBE01_01\st_emblem\st_emblem.preplf
[310/540] LINK build\RSBE01_01\st_madein\st_madein.preplf
[311/540] LINK build\RSBE01_01\sora_enemy\sora_enemy.preplf
[312/540] LINK build\RSBE01_01\st_palutena\st_palutena.preplf
[313/540] LINK build\RSBE01_01\st_earth\st_earth.preplf
[314/540] LINK build\RSBE01_01\st_newpork\st_newpork.preplf
[315/540] LINK build\RSBE01_01\st_famicom\st_famicom.preplf
[316/540] LINK build\RSBE01_01\st_greenhill\st_greenhill.preplf
[317/540] LINK build\RSBE01_01\st_village\st_village.preplf
[318/540] LINK build\RSBE01_01\st_metalgear\st_metalgear.preplf
[319/540] LINK build\RSBE01_01\st_pictchat\st_pictchat.preplf
[320/540] LINK build\RSBE01_01\st_dxshrine\st_dxshrine.preplf
[321/540] LINK build\RSBE01_01\st_plankton\st_plankton.preplf
[322/540] LINK build\RSBE01_01\st_dxyorster\st_dxyorster.preplf
[323/540] LINK build\RSBE01_01\st_dxgarden\st_dxgarden.preplf
[324/540] LINK build\RSBE01_01\st_dxonett\st_dxonett.preplf
[325/540] LINK build\RSBE01_01\st_dxgreens\st_dxgreens.preplf
[326/540] LINK build\RSBE01_01\st_dxbigblue\st_dxbigblue.preplf
[327/540] LINK build\RSBE01_01\st_dxrcruise\st_dxrcruise.preplf
[328/540] LINK build\RSBE01_01\st_dxcorneria\st_dxcorneria.preplf
[329/540] LINK build\RSBE01_01\st_dxzebes\st_dxzebes.preplf
[330/540] LINK build\RSBE01_01\st_dxpstadium\st_dxpstadium.preplf
[331/540] LINK build\RSBE01_01\st_stageedit\st_stageedit.preplf
[332/540] LINK build\RSBE01_01\st_otrain\st_otrain.preplf
[333/540] LINK build\RSBE01_01\st_heal\st_heal.preplf
[334/540] LINK build\RSBE01_01\st_homerun\st_homerun.preplf
[335/540] LINK build\RSBE01_01\st_tbreak\st_tbreak.preplf
[336/540] LINK build\RSBE01_01\st_croll\st_croll.preplf
[337/540] LINK build\RSBE01_01\ft_mario\ft_mario.preplf
[338/540] LINK build\RSBE01_01\ft_fox\ft_fox.preplf
[339/540] LINK build\RSBE01_01\ft_donkey\ft_donkey.preplf
[340/540] LINK build\RSBE01_01\ft_samus\ft_samus.preplf
[341/540] LINK build\RSBE01_01\ft_pikachu\ft_pikachu.preplf
[342/540] LINK build\RSBE01_01\ft_link\ft_link.preplf
[343/540] LINK build\RSBE01_01\ft_kirby\ft_kirby.preplf
[344/540] LINK build\RSBE01_01\ft_yoshi\ft_yoshi.preplf
[345/540] LINK build\RSBE01_01\ft_peach\ft_peach.preplf
[346/540] LINK build\RSBE01_01\ft_marth\ft_marth.preplf
[347/540] LINK build\RSBE01_01\ft_luigi\ft_luigi.preplf
[348/540] LINK build\RSBE01_01\ft_koopa\ft_koopa.preplf
[349/540] LINK build\RSBE01_01\ft_captain\ft_captain.preplf
[350/540] LINK build\RSBE01_01\ft_zelda\ft_zelda.preplf
[351/540] LINK build\RSBE01_01\ft_falco\ft_falco.preplf
[352/540] LINK build\RSBE01_01\ft_ness\ft_ness.preplf
[353/540] LINK build\RSBE01_01\ft_iceclimber\ft_iceclimber.preplf
[354/540] LINK build\RSBE01_01\ft_ganon\ft_ganon.preplf
[355/540] LINK build\RSBE01_01\ft_gamewatch\ft_gamewatch.preplf
[356/540] LINK build\RSBE01_01\ft_metaknight\ft_metaknight.preplf
[357/540] LINK build\RSBE01_01\ft_pit\ft_pit.preplf
[358/540] LINK build\RSBE01_01\ft_wario\ft_wario.preplf
[359/540] LINK build\RSBE01_01\ft_pikmin\ft_pikmin.preplf
[360/540] LINK build\RSBE01_01\ft_poke\ft_poke.preplf
[361/540] LINK build\RSBE01_01\ft_lucas\ft_lucas.preplf
[362/540] LINK build\RSBE01_01\ft_lucario\ft_lucario.preplf
[363/540] LINK build\RSBE01_01\ft_ike\ft_ike.preplf
[364/540] LINK build\RSBE01_01\ft_robot\ft_robot.preplf
[365/540] LINK build\RSBE01_01\ft_dedede\ft_dedede.preplf
[366/540] LINK build\RSBE01_01\ft_toonlink\ft_toonlink.preplf
[367/540] LINK build\RSBE01_01\ft_diddy\ft_diddy.preplf
[368/540] LINK build\RSBE01_01\ft_purin\ft_purin.preplf
[369/540] LINK build\RSBE01_01\ft_zako\ft_zako.preplf
[370/540] LINK build\RSBE01_01\ft_wolf\ft_wolf.preplf
[371/540] LINK build\RSBE01_01\ft_snake\ft_snake.preplf
[372/540] LINK build\RSBE01_01\ft_sonic\ft_sonic.preplf
[373/540] LINK build\RSBE01_01\sora_menu_edit\sora_menu_edit.plf
[374/540] LINK build\RSBE01_01\sora_menu_tour\sora_menu_tour.plf
[375/540] LINK build\RSBE01_01\sora_menu_qm\sora_menu_qm.plf
[376/540] LINK build\RSBE01_01\sora_menu_collect_viewer\sora_menu_collect_viewer.plf
[377/540] LINK build\RSBE01_01\sora_menu_replay\sora_menu_replay.plf
[378/540] LINK build\RSBE01_01\sora_menu_main\sora_menu_main.plf
[379/540] LINK build\RSBE01_01\sora_menu_snap_shot\sora_menu_snap_shot.plf
[380/540] LINK build\RSBE01_01\sora_menu_event\sora_menu_event.plf
[381/540] LINK build\RSBE01_01\sora_menu_sel_stage\sora_menu_sel_stage.plf
[382/540] LINK build\RSBE01_01\sora_menu_game_over\sora_menu_game_over.plf
[383/540] LINK build\RSBE01_01\sora_menu_sel_char\sora_menu_sel_char.plf
[384/540] LINK build\RSBE01_01\sora_menu_intro\sora_menu_intro.plf
[385/540] LINK build\RSBE01_01\sora_menu_friend_list\sora_menu_friend_list.plf
[386/540] LINK build\RSBE01_01\sora_menu_challenger\sora_menu_challenger.plf
[387/540] LINK build\RSBE01_01\sora_menu_title\sora_menu_title.plf
[388/540] LINK build\RSBE01_01\sora_menu_watch\sora_menu_watch.plf
[389/540] LINK build\RSBE01_01\sora_menu_title_sunset\sora_menu_title_sunset.plf
[390/540] LINK build\RSBE01_01\sora_menu_name\sora_menu_name.plf
[391/540] LINK build\RSBE01_01\sora_menu_fig_get_demo\sora_menu_fig_get_demo.plf
[392/540] LINK build\RSBE01_01\sora_menu_rule\sora_menu_rule.plf
[393/540] LINK build\RSBE01_01\sora_adv_menu_name\sora_adv_menu_name.plf
[394/540] LINK build\RSBE01_01\sora_adv_menu_visual\sora_adv_menu_visual.plf
[395/540] LINK build\RSBE01_01\sora_menu_simple_ending\sora_menu_simple_ending.plf
[396/540] LINK build\RSBE01_01\sora_adv_menu_sel_char\sora_adv_menu_sel_char.plf
[397/540] LINK build\RSBE01_01\sora_menu_time_result\sora_menu_time_result.plf
[398/540] LINK build\RSBE01_01\sora_menu_boot\sora_menu_boot.plf
[399/540] LINK build\RSBE01_01\sora_minigame\sora_minigame.plf
[400/540] LINK build\RSBE01_01\sora_melee\sora_melee.preplf
[401/540] LINK build\RSBE01_01\sora_adv_menu_sel_map\sora_adv_menu_sel_map.plf
[402/540] LINK build\RSBE01_01\sora_adv_menu_difficulty\sora_adv_menu_difficulty.plf
[403/540] LINK build\RSBE01_01\sora_adv_menu_game_over\sora_adv_menu_game_over.plf
[404/540] LINK build\RSBE01_01\sora_adv_menu_result\sora_adv_menu_result.plf
[405/540] LINK build\RSBE01_01\sora_adv_menu_save_load\sora_adv_menu_save_load.plf
[406/540] LINK build\RSBE01_01\sora_adv_menu_seal\sora_adv_menu_seal.plf
[407/540] LINK build\RSBE01_01\sora_adv_menu_ending\sora_adv_menu_ending.plf
[408/540] LINK build\RSBE01_01\sora_adv_menu_save_point\sora_adv_menu_save_point.plf
[409/540] LINK build\RSBE01_01\sora_menu_sel_char_access\sora_menu_sel_char_access.plf
### build\compilers\GC\3.0a5.2\mwldeppc.exe Linker Warning:
#   FORCEACTIVE symbol 'lbl_17_section4_0' is either not a global symbol or 
#   doesn't exist.  Ignored.
[410/540] LINK build\RSBE01_01\st_battle\st_battle.plf
[411/540] LINK build\RSBE01_01\st_config\st_config.plf
### build\compilers\GC\3.0a5.2\mwldeppc.exe Linker Warning:
#   FORCEACTIVE symbol '__sinit_\st_config_cpp' is either not a global symbol 
#   or doesn't exist.  Ignored.
### build\compilers\GC\3.0a5.2\mwldeppc.exe Linker Warning:
#   FORCEACTIVE symbol 'lbl_44_rodata_0' is either not a global symbol or 
#   doesn't exist.  Ignored.
### build\compilers\GC\3.0a5.2\mwldeppc.exe Linker Warning:
#   FORCEACTIVE symbol 'lbl_44_rodata_4' is either not a global symbol or 
#   doesn't exist.  Ignored.
### build\compilers\GC\3.0a5.2\mwldeppc.exe Linker Warning:
#   FORCEACTIVE symbol 'lbl_44_data_0' is either not a global symbol or 
#   doesn't exist.  Ignored.
### build\compilers\GC\3.0a5.2\mwldeppc.exe Linker Warning:
#   FORCEACTIVE symbol 'lbl_44_data_C' is either not a global symbol or 
#   doesn't exist.  Ignored.
### build\compilers\GC\3.0a5.2\mwldeppc.exe Linker Warning:
#   FORCEACTIVE symbol 'lbl_44_data_10' is either not a global symbol or 
#   doesn't exist.  Ignored.
### build\compilers\GC\3.0a5.2\mwldeppc.exe Linker Warning:
#   FORCEACTIVE symbol 'lbl_44_data_23C' is either not a global symbol or 
#   doesn't exist.  Ignored.
### build\compilers\GC\3.0a5.2\mwldeppc.exe Linker Warning:
#   FORCEACTIVE symbol 'lbl_44_data_248' is either not a global symbol or 
#   doesn't exist.  Ignored.
### build\compilers\GC\3.0a5.2\mwldeppc.exe Linker Warning:
#   FORCEACTIVE symbol 'lbl_44_data_278' is either not a global symbol or 
#   doesn't exist.  Ignored.
### build\compilers\GC\3.0a5.2\mwldeppc.exe Linker Warning:
#   FORCEACTIVE symbol 'lbl_44_data_280' is either not a global symbol or 
#   doesn't exist.  Ignored.
### build\compilers\GC\3.0a5.2\mwldeppc.exe Linker Warning:
#   FORCEACTIVE symbol 'lbl_44_data_2A0' is either not a global symbol or 
#   doesn't exist.  Ignored.
### build\compilers\GC\3.0a5.2\mwldeppc.exe Linker Warning:
#   FORCEACTIVE symbol 'lbl_44_data_2A8' is either not a global symbol or 
#   doesn't exist.  Ignored.
### build\compilers\GC\3.0a5.2\mwldeppc.exe Linker Warning:
#   FORCEACTIVE symbol 'lbl_44_data_2B8' is either not a global symbol or 
#   doesn't exist.  Ignored.
### build\compilers\GC\3.0a5.2\mwldeppc.exe Linker Warning:
#   FORCEACTIVE symbol 'lbl_44_data_2D0' is either not a global symbol or 
#   doesn't exist.  Ignored.
### build\compilers\GC\3.0a5.2\mwldeppc.exe Linker Warning:
#   FORCEACTIVE symbol 'lbl_44_data_2D8' is either not a global symbol or 
#   doesn't exist.  Ignored.
### build\compilers\GC\3.0a5.2\mwldeppc.exe Linker Warning:
#   FORCEACTIVE symbol 'lbl_44_data_2E0' is either not a global symbol or 
#   doesn't exist.  Ignored.
### build\compilers\GC\3.0a5.2\mwldeppc.exe Linker Warning:
#   FORCEACTIVE symbol 'lbl_44_data_2F0' is either not a global symbol or 
#   doesn't exist.  Ignored.
### build\compilers\GC\3.0a5.2\mwldeppc.exe Linker Warning:
#   FORCEACTIVE symbol 'lbl_44_data_2F8' is either not a global symbol or 
#   doesn't exist.  Ignored.
### build\compilers\GC\3.0a5.2\mwldeppc.exe Linker Warning:
#   FORCEACTIVE symbol 'lbl_44_data_308' is either not a global symbol or 
#   doesn't exist.  Ignored.
### build\compilers\GC\3.0a5.2\mwldeppc.exe Linker Warning:
#   FORCEACTIVE symbol 'lbl_44_data_31C' is either not a global symbol or 
#   doesn't exist.  Ignored.
### build\compilers\GC\3.0a5.2\mwldeppc.exe Linker Warning:
#   FORCEACTIVE symbol 'lbl_44_data_33C' is either not a global symbol or 
#   doesn't exist.  Ignored.
### build\compilers\GC\3.0a5.2\mwldeppc.exe Linker Warning:
#   FORCEACTIVE symbol 'lbl_44_data_348' is either not a global symbol or 
#   doesn't exist.  Ignored.
### build\compilers\GC\3.0a5.2\mwldeppc.exe Linker Warning:
#   FORCEACTIVE symbol 'lbl_44_data_350' is either not a global symbol or 
#   doesn't exist.  Ignored.
### build\compilers\GC\3.0a5.2\mwldeppc.exe Linker Warning:
#   FORCEACTIVE symbol 'lbl_44_data_360' is either not a global symbol or 
#   doesn't exist.  Ignored.
### build\compilers\GC\3.0a5.2\mwldeppc.exe Linker Warning:
#   FORCEACTIVE symbol 'lbl_44_data_368' is either not a global symbol or 
#   doesn't exist.  Ignored.
### build\compilers\GC\3.0a5.2\mwldeppc.exe Linker Warning:
#   FORCEACTIVE symbol 'lbl_44_data_530' is either not a global symbol or 
#   doesn't exist.  Ignored.
### build\compilers\GC\3.0a5.2\mwldeppc.exe Linker Warning:
#   FORCEACTIVE symbol 'lbl_44_data_53C' is either not a global symbol or 
#   doesn't exist.  Ignored.
### build\compilers\GC\3.0a5.2\mwldeppc.exe Linker Warning:
#   FORCEACTIVE symbol 'lbl_44_data_560' is either not a global symbol or 
#   doesn't exist.  Ignored.
### build\compilers\GC\3.0a5.2\mwldeppc.exe Linker Warning:
#   FORCEACTIVE symbol 'lbl_44_data_568' is either not a global symbol or 
#   doesn't exist.  Ignored.
### build\compilers\GC\3.0a5.2\mwldeppc.exe Linker Warning:
#   FORCEACTIVE symbol 'lbl_44_data_574' is either not a global symbol or 
#   doesn't exist.  Ignored.
### build\compilers\GC\3.0a5.2\mwldeppc.exe Linker Warning:
#   FORCEACTIVE symbol 'lbl_44_data_590' is either not a global symbol or 
#   doesn't exist.  Ignored.
### build\compilers\GC\3.0a5.2\mwldeppc.exe Linker Warning:
#   FORCEACTIVE symbol 'lbl_44_data_598' is either not a global symbol or 
#   doesn't exist.  Ignored.
### build\compilers\GC\3.0a5.2\mwldeppc.exe Linker Warning:
#   FORCEACTIVE symbol 'lbl_44_data_5A4' is either not a global symbol or 
#   doesn't exist.  Ignored.
### build\compilers\GC\3.0a5.2\mwldeppc.exe Linker Warning:
#   FORCEACTIVE symbol 'lbl_44_data_5B8' is either not a global symbol or 
#   doesn't exist.  Ignored.
### build\compilers\GC\3.0a5.2\mwldeppc.exe Linker Warning:
#   FORCEACTIVE symbol 'lbl_44_data_5C0' is either not a global symbol or 
#   doesn't exist.  Ignored.
### build\compilers\GC\3.0a5.2\mwldeppc.exe Linker Warning:
#   FORCEACTIVE symbol 'lbl_44_data_5C8' is either not a global symbol or 
#   doesn't exist.  Ignored.
### build\compilers\GC\3.0a5.2\mwldeppc.exe Linker Warning:
#   FORCEACTIVE symbol 'lbl_44_data_5D8' is either not a global symbol or 
#   doesn't exist.  Ignored.
### build\compilers\GC\3.0a5.2\mwldeppc.exe Linker Warning:
#   FORCEACTIVE symbol 'lbl_44_bss_8' is either not a global symbol or doesn't 
#   exist.  Ignored.
### build\compilers\GC\3.0a5.2\mwldeppc.exe Linker Warning:
#   FORCEACTIVE symbol 'lbl_44_bss_14' is either not a global symbol or 
#   doesn't exist.  Ignored.
[412/540] LINK build\RSBE01_01\sora_adv_menu_telop\sora_adv_menu_telop.plf
### build\compilers\GC\3.0a5.2\mwldeppc.exe Linker Warning:
#   FORCEACTIVE symbol 'lbl_38_rodata_0' is either not a global symbol or 
#   doesn't exist.  Ignored.
### build\compilers\GC\3.0a5.2\mwldeppc.exe Linker Warning:
#   FORCEACTIVE symbol 'lbl_38_data_0' is either not a global symbol or 
#   doesn't exist.  Ignored.
### build\compilers\GC\3.0a5.2\mwldeppc.exe Linker Warning:
#   FORCEACTIVE symbol 'lbl_38_data_8' is either not a global symbol or 
#   doesn't exist.  Ignored.
### build\compilers\GC\3.0a5.2\mwldeppc.exe Linker Warning:
#   FORCEACTIVE symbol 'lbl_38_data_78' is either not a global symbol or 
#   doesn't exist.  Ignored.
### build\compilers\GC\3.0a5.2\mwldeppc.exe Linker Warning:
#   FORCEACTIVE symbol 'lbl_38_data_88' is either not a global symbol or 
#   doesn't exist.  Ignored.
### build\compilers\GC\3.0a5.2\mwldeppc.exe Linker Warning:
#   FORCEACTIVE symbol 'lbl_38_data_A0' is either not a global symbol or 
#   doesn't exist.  Ignored.
[413/540] LINK build\RSBE01_01\st_final\st_final.plf
### build\compilers\GC\3.0a5.2\mwldeppc.exe Linker Warning:
#   FORCEACTIVE symbol '__sinit_\st_final_cpp' is either not a global symbol 
#   or doesn't exist.  Ignored.
### build\compilers\GC\3.0a5.2\mwldeppc.exe Linker Warning:
#   FORCEACTIVE symbol 'lbl_45_rodata_0' is either not a global symbol or 
#   doesn't exist.  Ignored.
### build\compilers\GC\3.0a5.2\mwldeppc.exe Linker Warning:
#   FORCEACTIVE symbol 'lbl_45_rodata_4' is either not a global symbol or 
#   doesn't exist.  Ignored.
### build\compilers\GC\3.0a5.2\mwldeppc.exe Linker Warning:
#   FORCEACTIVE symbol 'lbl_45_rodata_8' is either not a global symbol or 
#   doesn't exist.  Ignored.
### build\compilers\GC\3.0a5.2\mwldeppc.exe Linker Warning:
#   FORCEACTIVE symbol 'lbl_45_data_0' is either not a global symbol or 
#   doesn't exist.  Ignored.
### build\compilers\GC\3.0a5.2\mwldeppc.exe Linker Warning:
#   FORCEACTIVE symbol 'lbl_45_data_3C' is either not a global symbol or 
#   doesn't exist.  Ignored.
### build\compilers\GC\3.0a5.2\mwldeppc.exe Linker Warning:
#   FORCEACTIVE symbol 'lbl_45_data_258' is either not a global symbol or 
#   doesn't exist.  Ignored.
### build\compilers\GC\3.0a5.2\mwldeppc.exe Linker Warning:
#   FORCEACTIVE symbol 'lbl_45_data_260' is either not a global symbol or 
#   doesn't exist.  Ignored.
### build\compilers\GC\3.0a5.2\mwldeppc.exe Linker Warning:
#   FORCEACTIVE symbol 'lbl_45_data_288' is either not a global symbol or 
#   doesn't exist.  Ignored.
### build\compilers\GC\3.0a5.2\mwldeppc.exe Linker Warning:
#   FORCEACTIVE symbol 'lbl_45_data_290' is either not a global symbol or 
#   doesn't exist.  Ignored.
### build\compilers\GC\3.0a5.2\mwldeppc.exe Linker Warning:
#   FORCEACTIVE symbol 'lbl_45_data_298' is either not a global symbol or 
#   doesn't exist.  Ignored.
### build\compilers\GC\3.0a5.2\mwldeppc.exe Linker Warning:
#   FORCEACTIVE symbol 'lbl_45_data_2B8' is either not a global symbol or 
#   doesn't exist.  Ignored.
### build\compilers\GC\3.0a5.2\mwldeppc.exe Linker Warning:
#   FORCEACTIVE symbol 'lbl_45_data_2C0' is either not a global symbol or 
#   doesn't exist.  Ignored.
### build\compilers\GC\3.0a5.2\mwldeppc.exe Linker Warning:
#   FORCEACTIVE symbol 'lbl_45_data_2D0' is either not a global symbol or 
#   doesn't exist.  Ignored.
### build\compilers\GC\3.0a5.2\mwldeppc.exe Linker Warning:
#   FORCEACTIVE symbol 'lbl_45_data_2E8' is either not a global symbol or 
#   doesn't exist.  Ignored.
### build\compilers\GC\3.0a5.2\mwldeppc.exe Linker Warning:
#   FORCEACTIVE symbol 'lbl_45_data_2F0' is either not a global symbol or 
#   doesn't exist.  Ignored.
### build\compilers\GC\3.0a5.2\mwldeppc.exe Linker Warning:
#   FORCEACTIVE symbol 'lbl_45_data_2F8' is either not a global symbol or 
#   doesn't exist.  Ignored.
### build\compilers\GC\3.0a5.2\mwldeppc.exe Linker Warning:
#   FORCEACTIVE symbol 'lbl_45_data_308' is either not a global symbol or 
#   doesn't exist.  Ignored.
### build\compilers\GC\3.0a5.2\mwldeppc.exe Linker Warning:
#   FORCEACTIVE symbol 'lbl_45_data_310' is either not a global symbol or 
#   doesn't exist.  Ignored.
### build\compilers\GC\3.0a5.2\mwldeppc.exe Linker Warning:
#   FORCEACTIVE symbol 'lbl_45_data_320' is either not a global symbol or 
#   doesn't exist.  Ignored.
### build\compilers\GC\3.0a5.2\mwldeppc.exe Linker Warning:
#   FORCEACTIVE symbol 'lbl_45_data_334' is either not a global symbol or 
#   doesn't exist.  Ignored.
### build\compilers\GC\3.0a5.2\mwldeppc.exe Linker Warning:
#   FORCEACTIVE symbol 'lbl_45_data_350' is either not a global symbol or 
#   doesn't exist.  Ignored.
### build\compilers\GC\3.0a5.2\mwldeppc.exe Linker Warning:
#   FORCEACTIVE symbol 'lbl_45_data_360' is either not a global symbol or 
#   doesn't exist.  Ignored.
### build\compilers\GC\3.0a5.2\mwldeppc.exe Linker Warning:
#   FORCEACTIVE symbol 'lbl_45_data_368' is either not a global symbol or 
#   doesn't exist.  Ignored.
### build\compilers\GC\3.0a5.2\mwldeppc.exe Linker Warning:
#   FORCEACTIVE symbol 'lbl_45_data_378' is either not a global symbol or 
#   doesn't exist.  Ignored.
### build\compilers\GC\3.0a5.2\mwldeppc.exe Linker Warning:
#   FORCEACTIVE symbol 'lbl_45_data_380' is either not a global symbol or 
#   doesn't exist.  Ignored.
### build\compilers\GC\3.0a5.2\mwldeppc.exe Linker Warning:
#   FORCEACTIVE symbol 'lbl_45_data_388' is either not a global symbol or 
#   doesn't exist.  Ignored.
### build\compilers\GC\3.0a5.2\mwldeppc.exe Linker Warning:
#   FORCEACTIVE symbol 'lbl_45_data_390' is either not a global symbol or 
#   doesn't exist.  Ignored.
### build\compilers\GC\3.0a5.2\mwldeppc.exe Linker Warning:
#   FORCEACTIVE symbol 'lbl_45_data_560' is either not a global symbol or 
#   doesn't exist.  Ignored.
### build\compilers\GC\3.0a5.2\mwldeppc.exe Linker Warning:
#   FORCEACTIVE symbol 'lbl_45_data_568' is either not a global symbol or 
#   doesn't exist.  Ignored.
### build\compilers\GC\3.0a5.2\mwldeppc.exe Linker Warning:
#   FORCEACTIVE symbol 'lbl_45_data_590' is either not a global symbol or 
#   doesn't exist.  Ignored.
### build\compilers\GC\3.0a5.2\mwldeppc.exe Linker Warning:
#   FORCEACTIVE symbol 'lbl_45_data_598' is either not a global symbol or 
#   doesn't exist.  Ignored.
### build\compilers\GC\3.0a5.2\mwldeppc.exe Linker Warning:
#   FORCEACTIVE symbol 'lbl_45_data_5A4' is either not a global symbol or 
#   doesn't exist.  Ignored.
### build\compilers\GC\3.0a5.2\mwldeppc.exe Linker Warning:
#   FORCEACTIVE symbol 'lbl_45_data_5C0' is either not a global symbol or 
#   doesn't exist.  Ignored.
### build\compilers\GC\3.0a5.2\mwldeppc.exe Linker Warning:
#   FORCEACTIVE symbol 'lbl_45_data_5C8' is either not a global symbol or 
#   doesn't exist.  Ignored.
### build\compilers\GC\3.0a5.2\mwldeppc.exe Linker Warning:
#   FORCEACTIVE symbol 'lbl_45_data_5D4' is either not a global symbol or 
#   doesn't exist.  Ignored.
### build\compilers\GC\3.0a5.2\mwldeppc.exe Linker Warning:
#   FORCEACTIVE symbol 'lbl_45_data_5E8' is either not a global symbol or 
#   doesn't exist.  Ignored.
### build\compilers\GC\3.0a5.2\mwldeppc.exe Linker Warning:
#   FORCEACTIVE symbol 'lbl_45_data_5F0' is either not a global symbol or 
#   doesn't exist.  Ignored.
### build\compilers\GC\3.0a5.2\mwldeppc.exe Linker Warning:
#   FORCEACTIVE symbol 'lbl_45_data_5F8' is either not a global symbol or 
#   doesn't exist.  Ignored.
### build\compilers\GC\3.0a5.2\mwldeppc.exe Linker Warning:
#   FORCEACTIVE symbol 'lbl_45_data_608' is either not a global symbol or 
#   doesn't exist.  Ignored.
### build\compilers\GC\3.0a5.2\mwldeppc.exe Linker Warning:
#   FORCEACTIVE symbol 'lbl_45_bss_8' is either not a global symbol or doesn't 
#   exist.  Ignored.
### build\compilers\GC\3.0a5.2\mwldeppc.exe Linker Warning:
#   FORCEACTIVE symbol 'lbl_45_bss_14' is either not a global symbol or 
#   doesn't exist.  Ignored.
[414/540] LINK build\RSBE01_01\sora_scene\sora_scene.plf
### build\compilers\GC\3.0a5.2\mwldeppc.exe Linker Warning:
#   FORCEACTIVE symbol 'lbl_1_rodata_18' is either not a global symbol or 
#   doesn't exist.  Ignored.
### build\compilers\GC\3.0a5.2\mwldeppc.exe Linker Warning:
#   FORCEACTIVE symbol 'lbl_1_rodata_8C0' is either not a global symbol or 
#   doesn't exist.  Ignored.
### build\compilers\GC\3.0a5.2\mwldeppc.exe Linker Warning:
#   FORCEACTIVE symbol 'lbl_1_data_18D8' is either not a global symbol or 
#   doesn't exist.  Ignored.
### build\compilers\GC\3.0a5.2\mwldeppc.exe Linker Warning:
#   FORCEACTIVE symbol 'lbl_1_data_1900' is either not a global symbol or 
#   doesn't exist.  Ignored.
### build\compilers\GC\3.0a5.2\mwldeppc.exe Linker Warning:
#   FORCEACTIVE symbol 'lbl_1_data_190C' is either not a global symbol or 
#   doesn't exist.  Ignored.
### build\compilers\GC\3.0a5.2\mwldeppc.exe Linker Warning:
#   FORCEACTIVE symbol 'lbl_1_data_5DA0' is either not a global symbol or 
#   doesn't exist.  Ignored.
### build\compilers\GC\3.0a5.2\mwldeppc.exe Linker Warning:
#   FORCEACTIVE symbol 'lbl_1_data_5DAC' is either not a global symbol or 
#   doesn't exist.  Ignored.
### build\compilers\GC\3.0a5.2\mwldeppc.exe Linker Warning:
#   FORCEACTIVE symbol 'lbl_1_data_5DD4' is either not a global symbol or 
#   doesn't exist.  Ignored.
### build\compilers\GC\3.0a5.2\mwldeppc.exe Linker Warning:
#   FORCEACTIVE symbol 'lbl_1_data_5DE0' is either not a global symbol or 
#   doesn't exist.  Ignored.
### build\compilers\GC\3.0a5.2\mwldeppc.exe Linker Warning:
#   FORCEACTIVE symbol 'lbl_1_data_5E1C' is either not a global symbol or 
#   doesn't exist.  Ignored.
### build\compilers\GC\3.0a5.2\mwldeppc.exe Linker Warning:
#   FORCEACTIVE symbol 'lbl_1_data_5E28' is either not a global symbol or 
#   doesn't exist.  Ignored.
### build\compilers\GC\3.0a5.2\mwldeppc.exe Linker Warning:
#   FORCEACTIVE symbol 'lbl_1_data_5E48' is either not a global symbol or 
#   doesn't exist.  Ignored.
### build\compilers\GC\3.0a5.2\mwldeppc.exe Linker Warning:
#   FORCEACTIVE symbol 'lbl_1_data_5E54' is either not a global symbol or 
#   doesn't exist.  Ignored.
### build\compilers\GC\3.0a5.2\mwldeppc.exe Linker Warning:
#   FORCEACTIVE symbol 'lbl_1_data_5E74' is either not a global symbol or 
#   doesn't exist.  Ignored.
### build\compilers\GC\3.0a5.2\mwldeppc.exe Linker Warning:
#   FORCEACTIVE symbol 'lbl_1_data_5E80' is either not a global symbol or 
#   doesn't exist.  Ignored.
### build\compilers\GC\3.0a5.2\mwldeppc.exe Linker Warning:
#   FORCEACTIVE symbol 'lbl_1_data_5E88' is either not a global symbol or 
#   doesn't exist.  Ignored.
### build\compilers\GC\3.0a5.2\mwldeppc.exe Linker Warning:
#   FORCEACTIVE symbol 'lbl_1_data_5E90' is either not a global symbol or 
#   doesn't exist.  Ignored.
### build\compilers\GC\3.0a5.2\mwldeppc.exe Linker Warning:
#   FORCEACTIVE symbol 'lbl_1_data_5E98' is either not a global symbol or 
#   doesn't exist.  Ignored.
### build\compilers\GC\3.0a5.2\mwldeppc.exe Linker Warning:
#   FORCEACTIVE symbol 'lbl_1_data_5F08' is either not a global symbol or 
#   doesn't exist.  Ignored.
### build\compilers\GC\3.0a5.2\mwldeppc.exe Linker Warning:
#   FORCEACTIVE symbol 'lbl_1_data_5F14' is either not a global symbol or 
#   doesn't exist.  Ignored.
### build\compilers\GC\3.0a5.2\mwldeppc.exe Linker Warning:
#   FORCEACTIVE symbol 'lbl_1_data_6488' is either not a global symbol or 
#   doesn't exist.  Ignored.
### build\compilers\GC\3.0a5.2\mwldeppc.exe Linker Warning:
#   FORCEACTIVE symbol 'lbl_1_data_6494' is either not a global symbol or 
#   doesn't exist.  Ignored.
### build\compilers\GC\3.0a5.2\mwldeppc.exe Linker Warning:
#   FORCEACTIVE symbol 'lbl_1_data_64C8' is either not a global symbol or 
#   doesn't exist.  Ignored.
### build\compilers\GC\3.0a5.2\mwldeppc.exe Linker Warning:
#   FORCEACTIVE symbol 'lbl_1_data_64D4' is either not a global symbol or 
#   doesn't exist.  Ignored.
[415/540] LINK build\RSBE01_01\st_battles\st_battles.plf
### build\compilers\GC\3.0a5.2\mwldeppc.exe Linker Warning:
#   FORCEACTIVE symbol '__sinit_\st_battles_cpp' is either not a global symbol 
#   or doesn't exist.  Ignored.
### build\compilers\GC\3.0a5.2\mwldeppc.exe Linker Warning:
#   FORCEACTIVE symbol 'lbl_42_rodata_0' is either not a global symbol or 
#   doesn't exist.  Ignored.
### build\compilers\GC\3.0a5.2\mwldeppc.exe Linker Warning:
#   FORCEACTIVE symbol 'lbl_42_rodata_4' is either not a global symbol or 
#   doesn't exist.  Ignored.
### build\compilers\GC\3.0a5.2\mwldeppc.exe Linker Warning:
#   FORCEACTIVE symbol 'lbl_42_data_0' is either not a global symbol or 
#   doesn't exist.  Ignored.
### build\compilers\GC\3.0a5.2\mwldeppc.exe Linker Warning:
#   FORCEACTIVE symbol 'lbl_42_data_288' is either not a global symbol or 
#   doesn't exist.  Ignored.
### build\compilers\GC\3.0a5.2\mwldeppc.exe Linker Warning:
#   FORCEACTIVE symbol 'lbl_42_data_298' is either not a global symbol or 
#   doesn't exist.  Ignored.
### build\compilers\GC\3.0a5.2\mwldeppc.exe Linker Warning:
#   FORCEACTIVE symbol 'lbl_42_data_2C0' is either not a global symbol or 
#   doesn't exist.  Ignored.
### build\compilers\GC\3.0a5.2\mwldeppc.exe Linker Warning:
#   FORCEACTIVE symbol 'lbl_42_data_2C8' is either not a global symbol or 
#   doesn't exist.  Ignored.
### build\compilers\GC\3.0a5.2\mwldeppc.exe Linker Warning:
#   FORCEACTIVE symbol 'lbl_42_data_2D0' is either not a global symbol or 
#   doesn't exist.  Ignored.
### build\compilers\GC\3.0a5.2\mwldeppc.exe Linker Warning:
#   FORCEACTIVE symbol 'lbl_42_data_2F0' is either not a global symbol or 
#   doesn't exist.  Ignored.
### build\compilers\GC\3.0a5.2\mwldeppc.exe Linker Warning:
#   FORCEACTIVE symbol 'lbl_42_data_2F8' is either not a global symbol or 
#   doesn't exist.  Ignored.
### build\compilers\GC\3.0a5.2\mwldeppc.exe Linker Warning:
#   FORCEACTIVE symbol 'lbl_42_data_308' is either not a global symbol or 
#   doesn't exist.  Ignored.
### build\compilers\GC\3.0a5.2\mwldeppc.exe Linker Warning:
#   FORCEACTIVE symbol 'lbl_42_data_320' is either not a global symbol or 
#   doesn't exist.  Ignored.
### build\compilers\GC\3.0a5.2\mwldeppc.exe Linker Warning:
#   FORCEACTIVE symbol 'lbl_42_data_328' is either not a global symbol or 
#   doesn't exist.  Ignored.
### build\compilers\GC\3.0a5.2\mwldeppc.exe Linker Warning:
#   FORCEACTIVE symbol 'lbl_42_data_330' is either not a global symbol or 
#   doesn't exist.  Ignored.
### build\compilers\GC\3.0a5.2\mwldeppc.exe Linker Warning:
#   FORCEACTIVE symbol 'lbl_42_data_340' is either not a global symbol or 
#   doesn't exist.  Ignored.
### build\compilers\GC\3.0a5.2\mwldeppc.exe Linker Warning:
#   FORCEACTIVE symbol 'lbl_42_data_348' is either not a global symbol or 
#   doesn't exist.  Ignored.
### build\compilers\GC\3.0a5.2\mwldeppc.exe Linker Warning:
#   FORCEACTIVE symbol 'lbl_42_data_350' is either not a global symbol or 
#   doesn't exist.  Ignored.
### build\compilers\GC\3.0a5.2\mwldeppc.exe Linker Warning:
#   FORCEACTIVE symbol 'lbl_42_data_36C' is either not a global symbol or 
#   doesn't exist.  Ignored.
### build\compilers\GC\3.0a5.2\mwldeppc.exe Linker Warning:
#   FORCEACTIVE symbol 'lbl_42_data_390' is either not a global symbol or 
#   doesn't exist.  Ignored.
### build\compilers\GC\3.0a5.2\mwldeppc.exe Linker Warning:
#   FORCEACTIVE symbol 'lbl_42_data_3A0' is either not a global symbol or 
#   doesn't exist.  Ignored.
### build\compilers\GC\3.0a5.2\mwldeppc.exe Linker Warning:
#   FORCEACTIVE symbol 'lbl_42_data_3A8' is either not a global symbol or 
#   doesn't exist.  Ignored.
### build\compilers\GC\3.0a5.2\mwldeppc.exe Linker Warning:
#   FORCEACTIVE symbol 'lbl_42_data_3B8' is either not a global symbol or 
#   doesn't exist.  Ignored.
### build\compilers\GC\3.0a5.2\mwldeppc.exe Linker Warning:
#   FORCEACTIVE symbol 'lbl_42_data_588' is either not a global symbol or 
#   doesn't exist.  Ignored.
### build\compilers\GC\3.0a5.2\mwldeppc.exe Linker Warning:
#   FORCEACTIVE symbol 'lbl_42_data_598' is either not a global symbol or 
#   doesn't exist.  Ignored.
### build\compilers\GC\3.0a5.2\mwldeppc.exe Linker Warning:
#   FORCEACTIVE symbol 'lbl_42_data_5C0' is either not a global symbol or 
#   doesn't exist.  Ignored.
### build\compilers\GC\3.0a5.2\mwldeppc.exe Linker Warning:
#   FORCEACTIVE symbol 'lbl_42_data_5C8' is either not a global symbol or 
#   doesn't exist.  Ignored.
### build\compilers\GC\3.0a5.2\mwldeppc.exe Linker Warning:
#   FORCEACTIVE symbol 'lbl_42_data_5D4' is either not a global symbol or 
#   doesn't exist.  Ignored.
### build\compilers\GC\3.0a5.2\mwldeppc.exe Linker Warning:
#   FORCEACTIVE symbol 'lbl_42_data_5F0' is either not a global symbol or 
#   doesn't exist.  Ignored.
### build\compilers\GC\3.0a5.2\mwldeppc.exe Linker Warning:
#   FORCEACTIVE symbol 'lbl_42_data_5F8' is either not a global symbol or 
#   doesn't exist.  Ignored.
### build\compilers\GC\3.0a5.2\mwldeppc.exe Linker Warning:
#   FORCEACTIVE symbol 'lbl_42_data_604' is either not a global symbol or 
#   doesn't exist.  Ignored.
### build\compilers\GC\3.0a5.2\mwldeppc.exe Linker Warning:
#   FORCEACTIVE symbol 'lbl_42_data_618' is either not a global symbol or 
#   doesn't exist.  Ignored.
### build\compilers\GC\3.0a5.2\mwldeppc.exe Linker Warning:
#   FORCEACTIVE symbol 'lbl_42_data_620' is either not a global symbol or 
#   doesn't exist.  Ignored.
### build\compilers\GC\3.0a5.2\mwldeppc.exe Linker Warning:
#   FORCEACTIVE symbol 'lbl_42_data_628' is either not a global symbol or 
#   doesn't exist.  Ignored.
### build\compilers\GC\3.0a5.2\mwldeppc.exe Linker Warning:
#   FORCEACTIVE symbol 'lbl_42_data_638' is either not a global symbol or 
#   doesn't exist.  Ignored.
### build\compilers\GC\3.0a5.2\mwldeppc.exe Linker Warning:
#   FORCEACTIVE symbol 'lbl_42_bss_8' is either not a global symbol or doesn't 
#   exist.  Ignored.
[416/540] LINK build\RSBE01_01\st_mansion\st_mansion.plf
[417/540] LINK build\RSBE01_01\st_dolpic\st_dolpic.plf
[418/540] LINK build\RSBE01_01\sora_adv_stage\sora_adv_stage.plf
### build\compilers\GC\3.0a5.2\mwldeppc.exe Linker Warning:
#   FORCEACTIVE symbol 'lbl_40_rodata_8E8' is either not a global symbol or 
#   doesn't exist.  Ignored.
### build\compilers\GC\3.0a5.2\mwldeppc.exe Linker Warning:
#   FORCEACTIVE symbol 'lbl_40_data_177D8' is either not a global symbol or 
#   doesn't exist.  Ignored.
### build\compilers\GC\3.0a5.2\mwldeppc.exe Linker Warning:
#   FORCEACTIVE symbol 'lbl_40_data_177E0' is either not a global symbol or 
#   doesn't exist.  Ignored.
### build\compilers\GC\3.0a5.2\mwldeppc.exe Linker Warning:
#   FORCEACTIVE symbol 'lbl_40_data_179B4' is either not a global symbol or 
#   doesn't exist.  Ignored.
### build\compilers\GC\3.0a5.2\mwldeppc.exe Linker Warning:
#   FORCEACTIVE symbol 'lbl_40_data_179C8' is either not a global symbol or 
#   doesn't exist.  Ignored.
[419/540] LINK build\RSBE01_01\st_kart\st_kart.plf
[420/540] LINK build\RSBE01_01\st_donkey\st_donkey.plf
[421/540] LINK build\RSBE01_01\st_pirates\st_pirates.plf
[422/540] LINK build\RSBE01_01\st_jungle\st_jungle.plf
[423/540] LINK build\RSBE01_01\st_oldin\st_oldin.plf
### build\compilers\GC\3.0a5.2\mwldeppc.exe Linker Warning:
#   FORCEACTIVE symbol 'lbl_53_data_888' is either not a global symbol or 
#   doesn't exist.  Ignored.
### build\compilers\GC\3.0a5.2\mwldeppc.exe Linker Warning:
#   FORCEACTIVE symbol 'lbl_53_data_890' is either not a global symbol or 
#   doesn't exist.  Ignored.
### build\compilers\GC\3.0a5.2\mwldeppc.exe Linker Warning:
#   FORCEACTIVE symbol 'lbl_53_data_8C8' is either not a global symbol or 
#   doesn't exist.  Ignored.
### build\compilers\GC\3.0a5.2\mwldeppc.exe Linker Warning:
#   FORCEACTIVE symbol 'lbl_53_data_8D0' is either not a global symbol or 
#   doesn't exist.  Ignored.
### build\compilers\GC\3.0a5.2\mwldeppc.exe Linker Warning:
#   FORCEACTIVE symbol 'lbl_53_data_8DC' is either not a global symbol or 
#   doesn't exist.  Ignored.
### build\compilers\GC\3.0a5.2\mwldeppc.exe Linker Warning:
#   FORCEACTIVE symbol 'lbl_53_data_908' is either not a global symbol or 
#   doesn't exist.  Ignored.
### build\compilers\GC\3.0a5.2\mwldeppc.exe Linker Warning:
#   FORCEACTIVE symbol 'lbl_53_data_910' is either not a global symbol or 
#   doesn't exist.  Ignored.
### build\compilers\GC\3.0a5.2\mwldeppc.exe Linker Warning:
#   FORCEACTIVE symbol 'lbl_53_data_920' is either not a global symbol or 
#   doesn't exist.  Ignored.
### build\compilers\GC\3.0a5.2\mwldeppc.exe Linker Warning:
#   FORCEACTIVE symbol 'lbl_53_data_948' is either not a global symbol or 
#   doesn't exist.  Ignored.
### build\compilers\GC\3.0a5.2\mwldeppc.exe Linker Warning:
#   FORCEACTIVE symbol 'lbl_53_data_950' is either not a global symbol or 
#   doesn't exist.  Ignored.
### build\compilers\GC\3.0a5.2\mwldeppc.exe Linker Warning:
#   FORCEACTIVE symbol 'lbl_53_data_95C' is either not a global symbol or 
#   doesn't exist.  Ignored.
### build\compilers\GC\3.0a5.2\mwldeppc.exe Linker Warning:
#   FORCEACTIVE symbol 'lbl_53_data_978' is either not a global symbol or 
#   doesn't exist.  Ignored.
### build\compilers\GC\3.0a5.2\mwldeppc.exe Linker Warning:
#   FORCEACTIVE symbol 'lbl_53_data_980' is either not a global symbol or 
#   doesn't exist.  Ignored.
### build\compilers\GC\3.0a5.2\mwldeppc.exe Linker Warning:
#   FORCEACTIVE symbol 'lbl_53_data_98C' is either not a global symbol or 
#   doesn't exist.  Ignored.
### build\compilers\GC\3.0a5.2\mwldeppc.exe Linker Warning:
#   FORCEACTIVE symbol 'lbl_53_data_9A0' is either not a global symbol or 
#   doesn't exist.  Ignored.
### build\compilers\GC\3.0a5.2\mwldeppc.exe Linker Warning:
#   FORCEACTIVE symbol 'lbl_53_data_9A8' is either not a global symbol or 
#   doesn't exist.  Ignored.
### build\compilers\GC\3.0a5.2\mwldeppc.exe Linker Warning:
#   FORCEACTIVE symbol 'lbl_53_data_9B0' is either not a global symbol or 
#   doesn't exist.  Ignored.
### build\compilers\GC\3.0a5.2\mwldeppc.exe Linker Warning:
#   FORCEACTIVE symbol 'lbl_53_data_9C0' is either not a global symbol or 
#   doesn't exist.  Ignored.
[424/540] LINK build\RSBE01_01\st_halberd\st_halberd.plf
[425/540] LINK build\RSBE01_01\st_crayon\st_crayon.plf
### build\compilers\GC\3.0a5.2\mwldeppc.exe Linker Warning:
#   FORCEACTIVE symbol '__sinit_\st_crayon_cpp' is either not a global symbol 
#   or doesn't exist.  Ignored.
### build\compilers\GC\3.0a5.2\mwldeppc.exe Linker Warning:
#   FORCEACTIVE symbol 'lbl_56_rodata_0' is either not a global symbol or 
#   doesn't exist.  Ignored.
### build\compilers\GC\3.0a5.2\mwldeppc.exe Linker Warning:
#   FORCEACTIVE symbol 'lbl_56_rodata_4' is either not a global symbol or 
#   doesn't exist.  Ignored.
### build\compilers\GC\3.0a5.2\mwldeppc.exe Linker Warning:
#   FORCEACTIVE symbol 'lbl_56_data_0' is either not a global symbol or 
#   doesn't exist.  Ignored.
### build\compilers\GC\3.0a5.2\mwldeppc.exe Linker Warning:
#   FORCEACTIVE symbol 'lbl_56_data_2C8' is either not a global symbol or 
#   doesn't exist.  Ignored.
### build\compilers\GC\3.0a5.2\mwldeppc.exe Linker Warning:
#   FORCEACTIVE symbol 'lbl_56_data_2D4' is either not a global symbol or 
#   doesn't exist.  Ignored.
### build\compilers\GC\3.0a5.2\mwldeppc.exe Linker Warning:
#   FORCEACTIVE symbol 'lbl_56_data_300' is either not a global symbol or 
#   doesn't exist.  Ignored.
### build\compilers\GC\3.0a5.2\mwldeppc.exe Linker Warning:
#   FORCEACTIVE symbol 'lbl_56_data_308' is either not a global symbol or 
#   doesn't exist.  Ignored.
### build\compilers\GC\3.0a5.2\mwldeppc.exe Linker Warning:
#   FORCEACTIVE symbol 'lbl_56_data_330' is either not a global symbol or 
#   doesn't exist.  Ignored.
### build\compilers\GC\3.0a5.2\mwldeppc.exe Linker Warning:
#   FORCEACTIVE symbol 'lbl_56_data_340' is either not a global symbol or 
#   doesn't exist.  Ignored.
### build\compilers\GC\3.0a5.2\mwldeppc.exe Linker Warning:
#   FORCEACTIVE symbol 'lbl_56_data_360' is either not a global symbol or 
#   doesn't exist.  Ignored.
### build\compilers\GC\3.0a5.2\mwldeppc.exe Linker Warning:
#   FORCEACTIVE symbol 'lbl_56_data_368' is either not a global symbol or 
#   doesn't exist.  Ignored.
### build\compilers\GC\3.0a5.2\mwldeppc.exe Linker Warning:
#   FORCEACTIVE symbol 'lbl_56_data_380' is either not a global symbol or 
#   doesn't exist.  Ignored.
### build\compilers\GC\3.0a5.2\mwldeppc.exe Linker Warning:
#   FORCEACTIVE symbol 'lbl_56_data_3A4' is either not a global symbol or 
#   doesn't exist.  Ignored.
### build\compilers\GC\3.0a5.2\mwldeppc.exe Linker Warning:
#   FORCEACTIVE symbol 'lbl_56_data_3C4' is either not a global symbol or 
#   doesn't exist.  Ignored.
### build\compilers\GC\3.0a5.2\mwldeppc.exe Linker Warning:
#   FORCEACTIVE symbol 'lbl_56_data_3D8' is either not a global symbol or 
#   doesn't exist.  Ignored.
### build\compilers\GC\3.0a5.2\mwldeppc.exe Linker Warning:
#   FORCEACTIVE symbol 'lbl_56_data_10D8' is either not a global symbol or 
#   doesn't exist.  Ignored.
### build\compilers\GC\3.0a5.2\mwldeppc.exe Linker Warning:
#   FORCEACTIVE symbol 'lbl_56_data_10EC' is either not a global symbol or 
#   doesn't exist.  Ignored.
### build\compilers\GC\3.0a5.2\mwldeppc.exe Linker Warning:
#   FORCEACTIVE symbol 'lbl_56_bss_8' is either not a global symbol or doesn't 
#   exist.  Ignored.
### build\compilers\GC\3.0a5.2\mwldeppc.exe Linker Warning:
#   FORCEACTIVE symbol 'lbl_56_bss_14' is either not a global symbol or 
#   doesn't exist.  Ignored.
[426/540] LINK build\RSBE01_01\st_norfair\st_norfair.plf
[427/540] LINK build\RSBE01_01\st_orpheon\st_orpheon.plf
[428/540] LINK build\RSBE01_01\st_mariopast\st_mariopast.plf
[429/540] LINK build\RSBE01_01\st_tengan\st_tengan.plf
### build\compilers\GC\3.0a5.2\mwldeppc.exe Linker Warning:
#   FORCEACTIVE symbol 'lbl_60_rodata_F8' is either not a global symbol or 
#   doesn't exist.  Ignored.
### build\compilers\GC\3.0a5.2\mwldeppc.exe Linker Warning:
#   FORCEACTIVE symbol 'lbl_60_rodata_FC' is either not a global symbol or 
#   doesn't exist.  Ignored.
### build\compilers\GC\3.0a5.2\mwldeppc.exe Linker Warning:
#   FORCEACTIVE symbol 'lbl_60_rodata_100' is either not a global symbol or 
#   doesn't exist.  Ignored.
### build\compilers\GC\3.0a5.2\mwldeppc.exe Linker Warning:
#   FORCEACTIVE symbol 'lbl_60_rodata_108' is either not a global symbol or 
#   doesn't exist.  Ignored.
### build\compilers\GC\3.0a5.2\mwldeppc.exe Linker Warning:
#   FORCEACTIVE symbol 'lbl_60_data_838' is either not a global symbol or 
#   doesn't exist.  Ignored.
### build\compilers\GC\3.0a5.2\mwldeppc.exe Linker Warning:
#   FORCEACTIVE symbol 'lbl_60_data_A08' is either not a global symbol or 
#   doesn't exist.  Ignored.
### build\compilers\GC\3.0a5.2\mwldeppc.exe Linker Warning:
#   FORCEACTIVE symbol 'lbl_60_data_A14' is either not a global symbol or 
#   doesn't exist.  Ignored.
### build\compilers\GC\3.0a5.2\mwldeppc.exe Linker Warning:
#   FORCEACTIVE symbol 'lbl_60_data_A40' is either not a global symbol or 
#   doesn't exist.  Ignored.
### build\compilers\GC\3.0a5.2\mwldeppc.exe Linker Warning:
#   FORCEACTIVE symbol 'lbl_60_data_A4C' is either not a global symbol or 
#   doesn't exist.  Ignored.
### build\compilers\GC\3.0a5.2\mwldeppc.exe Linker Warning:
#   FORCEACTIVE symbol 'lbl_60_data_A70' is either not a global symbol or 
#   doesn't exist.  Ignored.
### build\compilers\GC\3.0a5.2\mwldeppc.exe Linker Warning:
#   FORCEACTIVE symbol 'lbl_60_data_A7C' is either not a global symbol or 
#   doesn't exist.  Ignored.
### build\compilers\GC\3.0a5.2\mwldeppc.exe Linker Warning:
#   FORCEACTIVE symbol 'lbl_60_data_A98' is either not a global symbol or 
#   doesn't exist.  Ignored.
### build\compilers\GC\3.0a5.2\mwldeppc.exe Linker Warning:
#   FORCEACTIVE symbol 'lbl_60_data_AA0' is either not a global symbol or 
#   doesn't exist.  Ignored.
### build\compilers\GC\3.0a5.2\mwldeppc.exe Linker Warning:
#   FORCEACTIVE symbol 'lbl_60_data_AB8' is either not a global symbol or 
#   doesn't exist.  Ignored.
### build\compilers\GC\3.0a5.2\mwldeppc.exe Linker Warning:
#   FORCEACTIVE symbol 'lbl_60_data_CD0' is either not a global symbol or 
#   doesn't exist.  Ignored.
### build\compilers\GC\3.0a5.2\mwldeppc.exe Linker Warning:
#   FORCEACTIVE symbol 'lbl_60_data_CDC' is either not a global symbol or 
#   doesn't exist.  Ignored.
### build\compilers\GC\3.0a5.2\mwldeppc.exe Linker Warning:
#   FORCEACTIVE symbol 'lbl_60_data_FB0' is either not a global symbol or 
#   doesn't exist.  Ignored.
### build\compilers\GC\3.0a5.2\mwldeppc.exe Linker Warning:
#   FORCEACTIVE symbol 'lbl_60_data_FC0' is either not a global symbol or 
#   doesn't exist.  Ignored.
### build\compilers\GC\3.0a5.2\mwldeppc.exe Linker Warning:
#   FORCEACTIVE symbol 'lbl_60_data_11C4' is either not a global symbol or 
#   doesn't exist.  Ignored.
### build\compilers\GC\3.0a5.2\mwldeppc.exe Linker Warning:
#   FORCEACTIVE symbol 'lbl_60_data_11D4' is either not a global symbol or 
#   doesn't exist.  Ignored.
[430/540] LINK build\RSBE01_01\st_starfox\st_starfox.plf
[431/540] LINK build\RSBE01_01\st_ice\st_ice.plf
[432/540] LINK build\RSBE01_01\st_fzero\st_fzero.plf
[433/540] LINK build\RSBE01_01\st_stadium\st_stadium.plf
[434/540] LINK build\RSBE01_01\st_emblem\st_emblem.plf
[435/540] LINK build\RSBE01_01\st_earth\st_earth.plf
[436/540] LINK build\RSBE01_01\st_madein\st_madein.plf
[437/540] LINK build\RSBE01_01\st_gw\st_gw.plf
[438/540] LINK build\RSBE01_01\st_palutena\st_palutena.plf
[439/540] LINK build\RSBE01_01\st_famicom\st_famicom.plf
[440/540] LINK build\RSBE01_01\st_village\st_village.plf
[441/540] LINK build\RSBE01_01\st_metalgear\st_metalgear.plf
[442/540] LINK build\RSBE01_01\st_pictchat\st_pictchat.plf
[443/540] LINK build\RSBE01_01\st_plankton\st_plankton.plf
[444/540] LINK build\RSBE01_01\st_dxshrine\st_dxshrine.plf
### build\compilers\GC\3.0a5.2\mwldeppc.exe Linker Warning:
#   FORCEACTIVE symbol 'grDxShrine::__vtable' is either not a global symbol or 
#   doesn't exist.  Ignored.
### build\compilers\GC\3.0a5.2\mwldeppc.exe Linker Warning:
#   FORCEACTIVE symbol '@7862' is either not a global symbol or doesn't exist. 
#    Ignored.
### build\compilers\GC\3.0a5.2\mwldeppc.exe Linker Warning:
#   FORCEACTIVE symbol 'stDxShrine::bss_loc_14' is either not a global symbol 
#   or doesn't exist.  Ignored.
[445/540] LINK build\RSBE01_01\st_newpork\st_newpork.plf
### build\compilers\GC\3.0a5.2\mwldeppc.exe Linker Warning:
#   FORCEACTIVE symbol 'lbl_69_rodata_88' is either not a global symbol or 
#   doesn't exist.  Ignored.
### build\compilers\GC\3.0a5.2\mwldeppc.exe Linker Warning:
#   FORCEACTIVE symbol 'lbl_69_rodata_8C' is either not a global symbol or 
#   doesn't exist.  Ignored.
### build\compilers\GC\3.0a5.2\mwldeppc.exe Linker Warning:
#   FORCEACTIVE symbol 'lbl_69_data_CD0' is either not a global symbol or 
#   doesn't exist.  Ignored.
### build\compilers\GC\3.0a5.2\mwldeppc.exe Linker Warning:
#   FORCEACTIVE symbol 'lbl_69_data_CDC' is either not a global symbol or 
#   doesn't exist.  Ignored.
### build\compilers\GC\3.0a5.2\mwldeppc.exe Linker Warning:
#   FORCEACTIVE symbol 'lbl_69_data_D18' is either not a global symbol or 
#   doesn't exist.  Ignored.
### build\compilers\GC\3.0a5.2\mwldeppc.exe Linker Warning:
#   FORCEACTIVE symbol 'lbl_69_data_D24' is either not a global symbol or 
#   doesn't exist.  Ignored.
### build\compilers\GC\3.0a5.2\mwldeppc.exe Linker Warning:
#   FORCEACTIVE symbol 'lbl_69_data_D58' is either not a global symbol or 
#   doesn't exist.  Ignored.
### build\compilers\GC\3.0a5.2\mwldeppc.exe Linker Warning:
#   FORCEACTIVE symbol 'lbl_69_data_D68' is either not a global symbol or 
#   doesn't exist.  Ignored.
### build\compilers\GC\3.0a5.2\mwldeppc.exe Linker Warning:
#   FORCEACTIVE symbol 'lbl_69_data_D98' is either not a global symbol or 
#   doesn't exist.  Ignored.
### build\compilers\GC\3.0a5.2\mwldeppc.exe Linker Warning:
#   FORCEACTIVE symbol 'lbl_69_data_DA4' is either not a global symbol or 
#   doesn't exist.  Ignored.
### build\compilers\GC\3.0a5.2\mwldeppc.exe Linker Warning:
#   FORCEACTIVE symbol 'lbl_69_data_DC8' is either not a global symbol or 
#   doesn't exist.  Ignored.
### build\compilers\GC\3.0a5.2\mwldeppc.exe Linker Warning:
#   FORCEACTIVE symbol 'lbl_69_data_DD4' is either not a global symbol or 
#   doesn't exist.  Ignored.
### build\compilers\GC\3.0a5.2\mwldeppc.exe Linker Warning:
#   FORCEACTIVE symbol 'lbl_69_data_DF0' is either not a global symbol or 
#   doesn't exist.  Ignored.
### build\compilers\GC\3.0a5.2\mwldeppc.exe Linker Warning:
#   FORCEACTIVE symbol 'lbl_69_data_DF8' is either not a global symbol or 
#   doesn't exist.  Ignored.
[446/540] LINK build\RSBE01_01\st_greenhill\st_greenhill.plf
### build\compilers\GC\3.0a5.2\mwldeppc.exe Linker Warning:
#   FORCEACTIVE symbol '__sinit_\st_greenhill_cpp' is either not a global 
#   symbol or doesn't exist.  Ignored.
### build\compilers\GC\3.0a5.2\mwldeppc.exe Linker Warning:
#   FORCEACTIVE symbol 'lbl_72_rodata_0' is either not a global symbol or 
#   doesn't exist.  Ignored.
### build\compilers\GC\3.0a5.2\mwldeppc.exe Linker Warning:
#   FORCEACTIVE symbol 'lbl_72_rodata_4' is either not a global symbol or 
#   doesn't exist.  Ignored.
### build\compilers\GC\3.0a5.2\mwldeppc.exe Linker Warning:
#   FORCEACTIVE symbol 'lbl_72_data_0' is either not a global symbol or 
#   doesn't exist.  Ignored.
### build\compilers\GC\3.0a5.2\mwldeppc.exe Linker Warning:
#   FORCEACTIVE symbol 'lbl_72_data_C' is either not a global symbol or 
#   doesn't exist.  Ignored.
### build\compilers\GC\3.0a5.2\mwldeppc.exe Linker Warning:
#   FORCEACTIVE symbol 'lbl_72_data_1C' is either not a global symbol or 
#   doesn't exist.  Ignored.
### build\compilers\GC\3.0a5.2\mwldeppc.exe Linker Warning:
#   FORCEACTIVE symbol 'lbl_72_data_30' is either not a global symbol or 
#   doesn't exist.  Ignored.
### build\compilers\GC\3.0a5.2\mwldeppc.exe Linker Warning:
#   FORCEACTIVE symbol 'lbl_72_data_C8' is either not a global symbol or 
#   doesn't exist.  Ignored.
### build\compilers\GC\3.0a5.2\mwldeppc.exe Linker Warning:
#   FORCEACTIVE symbol 'lbl_72_data_DC' is either not a global symbol or 
#   doesn't exist.  Ignored.
### build\compilers\GC\3.0a5.2\mwldeppc.exe Linker Warning:
#   FORCEACTIVE symbol 'lbl_72_data_408' is either not a global symbol or 
#   doesn't exist.  Ignored.
### build\compilers\GC\3.0a5.2\mwldeppc.exe Linker Warning:
#   FORCEACTIVE symbol 'lbl_72_data_414' is either not a global symbol or 
#   doesn't exist.  Ignored.
### build\compilers\GC\3.0a5.2\mwldeppc.exe Linker Warning:
#   FORCEACTIVE symbol 'lbl_72_data_440' is either not a global symbol or 
#   doesn't exist.  Ignored.
### build\compilers\GC\3.0a5.2\mwldeppc.exe Linker Warning:
#   FORCEACTIVE symbol 'lbl_72_data_448' is either not a global symbol or 
#   doesn't exist.  Ignored.
### build\compilers\GC\3.0a5.2\mwldeppc.exe Linker Warning:
#   FORCEACTIVE symbol 'lbl_72_data_470' is either not a global symbol or 
#   doesn't exist.  Ignored.
### build\compilers\GC\3.0a5.2\mwldeppc.exe Linker Warning:
#   FORCEACTIVE symbol 'lbl_72_data_480' is either not a global symbol or 
#   doesn't exist.  Ignored.
### build\compilers\GC\3.0a5.2\mwldeppc.exe Linker Warning:
#   FORCEACTIVE symbol 'lbl_72_data_4A0' is either not a global symbol or 
#   doesn't exist.  Ignored.
### build\compilers\GC\3.0a5.2\mwldeppc.exe Linker Warning:
#   FORCEACTIVE symbol 'lbl_72_data_4A8' is either not a global symbol or 
#   doesn't exist.  Ignored.
### build\compilers\GC\3.0a5.2\mwldeppc.exe Linker Warning:
#   FORCEACTIVE symbol 'lbl_72_data_4C0' is either not a global symbol or 
#   doesn't exist.  Ignored.
### build\compilers\GC\3.0a5.2\mwldeppc.exe Linker Warning:
#   FORCEACTIVE symbol 'lbl_72_data_4E4' is either not a global symbol or 
#   doesn't exist.  Ignored.
### build\compilers\GC\3.0a5.2\mwldeppc.exe Linker Warning:
#   FORCEACTIVE symbol 'lbl_72_data_508' is either not a global symbol or 
#   doesn't exist.  Ignored.
### build\compilers\GC\3.0a5.2\mwldeppc.exe Linker Warning:
#   FORCEACTIVE symbol 'lbl_72_data_520' is either not a global symbol or 
#   doesn't exist.  Ignored.
### build\compilers\GC\3.0a5.2\mwldeppc.exe Linker Warning:
#   FORCEACTIVE symbol 'lbl_72_bss_8' is either not a global symbol or doesn't 
#   exist.  Ignored.
[447/540] LINK build\RSBE01_01\st_dxonett\st_dxonett.plf
[448/540] LINK build\RSBE01_01\st_dxgarden\st_dxgarden.plf
### build\compilers\GC\3.0a5.2\mwldeppc.exe Linker Warning:
#   FORCEACTIVE symbol '__sinit_\st_dxgarden_cpp' is either not a global 
#   symbol or doesn't exist.  Ignored.
### build\compilers\GC\3.0a5.2\mwldeppc.exe Linker Warning:
#   FORCEACTIVE symbol 'lbl_77_rodata_0' is either not a global symbol or 
#   doesn't exist.  Ignored.
### build\compilers\GC\3.0a5.2\mwldeppc.exe Linker Warning:
#   FORCEACTIVE symbol 'lbl_77_rodata_20' is either not a global symbol or 
#   doesn't exist.  Ignored.
### build\compilers\GC\3.0a5.2\mwldeppc.exe Linker Warning:
#   FORCEACTIVE symbol 'lbl_77_data_0' is either not a global symbol or 
#   doesn't exist.  Ignored.
### build\compilers\GC\3.0a5.2\mwldeppc.exe Linker Warning:
#   FORCEACTIVE symbol 'lbl_77_data_C' is either not a global symbol or 
#   doesn't exist.  Ignored.
### build\compilers\GC\3.0a5.2\mwldeppc.exe Linker Warning:
#   FORCEACTIVE symbol 'lbl_77_data_1C' is either not a global symbol or 
#   doesn't exist.  Ignored.
### build\compilers\GC\3.0a5.2\mwldeppc.exe Linker Warning:
#   FORCEACTIVE symbol 'lbl_77_data_28' is either not a global symbol or 
#   doesn't exist.  Ignored.
### build\compilers\GC\3.0a5.2\mwldeppc.exe Linker Warning:
#   FORCEACTIVE symbol 'lbl_77_data_38' is either not a global symbol or 
#   doesn't exist.  Ignored.
### build\compilers\GC\3.0a5.2\mwldeppc.exe Linker Warning:
#   FORCEACTIVE symbol 'lbl_77_data_40' is either not a global symbol or 
#   doesn't exist.  Ignored.
### build\compilers\GC\3.0a5.2\mwldeppc.exe Linker Warning:
#   FORCEACTIVE symbol 'lbl_77_data_50' is either not a global symbol or 
#   doesn't exist.  Ignored.
### build\compilers\GC\3.0a5.2\mwldeppc.exe Linker Warning:
#   FORCEACTIVE symbol 'lbl_77_data_60' is either not a global symbol or 
#   doesn't exist.  Ignored.
### build\compilers\GC\3.0a5.2\mwldeppc.exe Linker Warning:
#   FORCEACTIVE symbol 'lbl_77_data_B8' is either not a global symbol or 
#   doesn't exist.  Ignored.
### build\compilers\GC\3.0a5.2\mwldeppc.exe Linker Warning:
#   FORCEACTIVE symbol 'lbl_77_data_C8' is either not a global symbol or 
#   doesn't exist.  Ignored.
### build\compilers\GC\3.0a5.2\mwldeppc.exe Linker Warning:
#   FORCEACTIVE symbol 'lbl_77_data_3F8' is either not a global symbol or 
#   doesn't exist.  Ignored.
### build\compilers\GC\3.0a5.2\mwldeppc.exe Linker Warning:
#   FORCEACTIVE symbol 'lbl_77_data_404' is either not a global symbol or 
#   doesn't exist.  Ignored.
### build\compilers\GC\3.0a5.2\mwldeppc.exe Linker Warning:
#   FORCEACTIVE symbol 'lbl_77_data_430' is either not a global symbol or 
#   doesn't exist.  Ignored.
### build\compilers\GC\3.0a5.2\mwldeppc.exe Linker Warning:
#   FORCEACTIVE symbol 'lbl_77_data_438' is either not a global symbol or 
#   doesn't exist.  Ignored.
### build\compilers\GC\3.0a5.2\mwldeppc.exe Linker Warning:
#   FORCEACTIVE symbol 'lbl_77_data_460' is either not a global symbol or 
#   doesn't exist.  Ignored.
### build\compilers\GC\3.0a5.2\mwldeppc.exe Linker Warning:
#   FORCEACTIVE symbol 'lbl_77_data_470' is either not a global symbol or 
#   doesn't exist.  Ignored.
### build\compilers\GC\3.0a5.2\mwldeppc.exe Linker Warning:
#   FORCEACTIVE symbol 'lbl_77_data_490' is either not a global symbol or 
#   doesn't exist.  Ignored.
### build\compilers\GC\3.0a5.2\mwldeppc.exe Linker Warning:
#   FORCEACTIVE symbol 'lbl_77_data_498' is either not a global symbol or 
#   doesn't exist.  Ignored.
### build\compilers\GC\3.0a5.2\mwldeppc.exe Linker Warning:
#   FORCEACTIVE symbol 'lbl_77_data_4B0' is either not a global symbol or 
#   doesn't exist.  Ignored.
### build\compilers\GC\3.0a5.2\mwldeppc.exe Linker Warning:
#   FORCEACTIVE symbol 'lbl_77_data_4D8' is either not a global symbol or 
#   doesn't exist.  Ignored.
### build\compilers\GC\3.0a5.2\mwldeppc.exe Linker Warning:
#   FORCEACTIVE symbol 'lbl_77_data_4F8' is either not a global symbol or 
#   doesn't exist.  Ignored.
### build\compilers\GC\3.0a5.2\mwldeppc.exe Linker Warning:
#   FORCEACTIVE symbol 'lbl_77_data_510' is either not a global symbol or 
#   doesn't exist.  Ignored.
### build\compilers\GC\3.0a5.2\mwldeppc.exe Linker Warning:
#   FORCEACTIVE symbol 'lbl_77_bss_8' is either not a global symbol or doesn't 
#   exist.  Ignored.
[449/540] LINK build\RSBE01_01\st_dxyorster\st_dxyorster.plf
### build\compilers\GC\3.0a5.2\mwldeppc.exe Linker Warning:
#   FORCEACTIVE symbol '__sinit_\st_dxyorster_cpp' is either not a global 
#   symbol or doesn't exist.  Ignored.
### build\compilers\GC\3.0a5.2\mwldeppc.exe Linker Warning:
#   FORCEACTIVE symbol 'lbl_76_rodata_0' is either not a global symbol or 
#   doesn't exist.  Ignored.
### build\compilers\GC\3.0a5.2\mwldeppc.exe Linker Warning:
#   FORCEACTIVE symbol 'lbl_76_rodata_4' is either not a global symbol or 
#   doesn't exist.  Ignored.
### build\compilers\GC\3.0a5.2\mwldeppc.exe Linker Warning:
#   FORCEACTIVE symbol 'lbl_76_data_0' is either not a global symbol or 
#   doesn't exist.  Ignored.
### build\compilers\GC\3.0a5.2\mwldeppc.exe Linker Warning:
#   FORCEACTIVE symbol 'lbl_76_data_C' is either not a global symbol or 
#   doesn't exist.  Ignored.
### build\compilers\GC\3.0a5.2\mwldeppc.exe Linker Warning:
#   FORCEACTIVE symbol 'lbl_76_data_1C' is either not a global symbol or 
#   doesn't exist.  Ignored.
### build\compilers\GC\3.0a5.2\mwldeppc.exe Linker Warning:
#   FORCEACTIVE symbol 'lbl_76_data_2C' is either not a global symbol or 
#   doesn't exist.  Ignored.
### build\compilers\GC\3.0a5.2\mwldeppc.exe Linker Warning:
#   FORCEACTIVE symbol 'lbl_76_data_3C' is either not a global symbol or 
#   doesn't exist.  Ignored.
### build\compilers\GC\3.0a5.2\mwldeppc.exe Linker Warning:
#   FORCEACTIVE symbol 'lbl_76_data_7C' is either not a global symbol or 
#   doesn't exist.  Ignored.
### build\compilers\GC\3.0a5.2\mwldeppc.exe Linker Warning:
#   FORCEACTIVE symbol 'lbl_76_data_94' is either not a global symbol or 
#   doesn't exist.  Ignored.
### build\compilers\GC\3.0a5.2\mwldeppc.exe Linker Warning:
#   FORCEACTIVE symbol 'lbl_76_data_A8' is either not a global symbol or 
#   doesn't exist.  Ignored.
### build\compilers\GC\3.0a5.2\mwldeppc.exe Linker Warning:
#   FORCEACTIVE symbol 'lbl_76_data_C0' is either not a global symbol or 
#   doesn't exist.  Ignored.
### build\compilers\GC\3.0a5.2\mwldeppc.exe Linker Warning:
#   FORCEACTIVE symbol 'lbl_76_data_300' is either not a global symbol or 
#   doesn't exist.  Ignored.
### build\compilers\GC\3.0a5.2\mwldeppc.exe Linker Warning:
#   FORCEACTIVE symbol 'lbl_76_data_30C' is either not a global symbol or 
#   doesn't exist.  Ignored.
### build\compilers\GC\3.0a5.2\mwldeppc.exe Linker Warning:
#   FORCEACTIVE symbol 'lbl_76_data_338' is either not a global symbol or 
#   doesn't exist.  Ignored.
### build\compilers\GC\3.0a5.2\mwldeppc.exe Linker Warning:
#   FORCEACTIVE symbol 'lbl_76_data_340' is either not a global symbol or 
#   doesn't exist.  Ignored.
### build\compilers\GC\3.0a5.2\mwldeppc.exe Linker Warning:
#   FORCEACTIVE symbol 'lbl_76_data_368' is either not a global symbol or 
#   doesn't exist.  Ignored.
### build\compilers\GC\3.0a5.2\mwldeppc.exe Linker Warning:
#   FORCEACTIVE symbol 'lbl_76_data_378' is either not a global symbol or 
#   doesn't exist.  Ignored.
### build\compilers\GC\3.0a5.2\mwldeppc.exe Linker Warning:
#   FORCEACTIVE symbol 'lbl_76_data_398' is either not a global symbol or 
#   doesn't exist.  Ignored.
### build\compilers\GC\3.0a5.2\mwldeppc.exe Linker Warning:
#   FORCEACTIVE symbol 'lbl_76_data_3A0' is either not a global symbol or 
#   doesn't exist.  Ignored.
### build\compilers\GC\3.0a5.2\mwldeppc.exe Linker Warning:
#   FORCEACTIVE symbol 'lbl_76_data_3B8' is either not a global symbol or 
#   doesn't exist.  Ignored.
### build\compilers\GC\3.0a5.2\mwldeppc.exe Linker Warning:
#   FORCEACTIVE symbol 'lbl_76_data_3DC' is either not a global symbol or 
#   doesn't exist.  Ignored.
### build\compilers\GC\3.0a5.2\mwldeppc.exe Linker Warning:
#   FORCEACTIVE symbol 'lbl_76_data_400' is either not a global symbol or 
#   doesn't exist.  Ignored.
### build\compilers\GC\3.0a5.2\mwldeppc.exe Linker Warning:
#   FORCEACTIVE symbol 'lbl_76_data_418' is either not a global symbol or 
#   doesn't exist.  Ignored.
### build\compilers\GC\3.0a5.2\mwldeppc.exe Linker Warning:
#   FORCEACTIVE symbol 'lbl_76_bss_8' is either not a global symbol or doesn't 
#   exist.  Ignored.
[450/540] LINK build\RSBE01_01\st_dxrcruise\st_dxrcruise.plf
[451/540] LINK build\RSBE01_01\st_dxpstadium\st_dxpstadium.plf
[452/540] LINK build\RSBE01_01\st_dxzebes\st_dxzebes.plf
[453/540] LINK build\RSBE01_01\st_dxcorneria\st_dxcorneria.plf
### build\compilers\GC\3.0a5.2\mwldeppc.exe Linker Warning:
#   FORCEACTIVE symbol 'lbl_82_rodata_C0' is either not a global symbol or 
#   doesn't exist.  Ignored.
### build\compilers\GC\3.0a5.2\mwldeppc.exe Linker Warning:
#   FORCEACTIVE symbol 'lbl_82_rodata_C4' is either not a global symbol or 
#   doesn't exist.  Ignored.
### build\compilers\GC\3.0a5.2\mwldeppc.exe Linker Warning:
#   FORCEACTIVE symbol 'lbl_82_rodata_C8' is either not a global symbol or 
#   doesn't exist.  Ignored.
### build\compilers\GC\3.0a5.2\mwldeppc.exe Linker Warning:
#   FORCEACTIVE symbol 'lbl_82_data_6B0' is either not a global symbol or 
#   doesn't exist.  Ignored.
### build\compilers\GC\3.0a5.2\mwldeppc.exe Linker Warning:
#   FORCEACTIVE symbol 'lbl_82_data_8A0' is either not a global symbol or 
#   doesn't exist.  Ignored.
### build\compilers\GC\3.0a5.2\mwldeppc.exe Linker Warning:
#   FORCEACTIVE symbol 'lbl_82_data_8B4' is either not a global symbol or 
#   doesn't exist.  Ignored.
### build\compilers\GC\3.0a5.2\mwldeppc.exe Linker Warning:
#   FORCEACTIVE symbol 'lbl_82_data_AB8' is either not a global symbol or 
#   doesn't exist.  Ignored.
### build\compilers\GC\3.0a5.2\mwldeppc.exe Linker Warning:
#   FORCEACTIVE symbol 'lbl_82_data_AC8' is either not a global symbol or 
#   doesn't exist.  Ignored.
### build\compilers\GC\3.0a5.2\mwldeppc.exe Linker Warning:
#   FORCEACTIVE symbol 'lbl_82_data_B08' is either not a global symbol or 
#   doesn't exist.  Ignored.
### build\compilers\GC\3.0a5.2\mwldeppc.exe Linker Warning:
#   FORCEACTIVE symbol 'lbl_82_data_B14' is either not a global symbol or 
#   doesn't exist.  Ignored.
### build\compilers\GC\3.0a5.2\mwldeppc.exe Linker Warning:
#   FORCEACTIVE symbol 'lbl_82_data_B48' is either not a global symbol or 
#   doesn't exist.  Ignored.
### build\compilers\GC\3.0a5.2\mwldeppc.exe Linker Warning:
#   FORCEACTIVE symbol 'lbl_82_data_B58' is either not a global symbol or 
#   doesn't exist.  Ignored.
### build\compilers\GC\3.0a5.2\mwldeppc.exe Linker Warning:
#   FORCEACTIVE symbol 'lbl_82_data_B88' is either not a global symbol or 
#   doesn't exist.  Ignored.
### build\compilers\GC\3.0a5.2\mwldeppc.exe Linker Warning:
#   FORCEACTIVE symbol 'lbl_82_data_B94' is either not a global symbol or 
#   doesn't exist.  Ignored.
### build\compilers\GC\3.0a5.2\mwldeppc.exe Linker Warning:
#   FORCEACTIVE symbol 'lbl_82_data_BB8' is either not a global symbol or 
#   doesn't exist.  Ignored.
### build\compilers\GC\3.0a5.2\mwldeppc.exe Linker Warning:
#   FORCEACTIVE symbol 'lbl_82_data_BC4' is either not a global symbol or 
#   doesn't exist.  Ignored.
### build\compilers\GC\3.0a5.2\mwldeppc.exe Linker Warning:
#   FORCEACTIVE symbol 'lbl_82_data_BE0' is either not a global symbol or 
#   doesn't exist.  Ignored.
### build\compilers\GC\3.0a5.2\mwldeppc.exe Linker Warning:
#   FORCEACTIVE symbol 'lbl_82_data_BE8' is either not a global symbol or 
#   doesn't exist.  Ignored.
[454/540] LINK build\RSBE01_01\st_dxgreens\st_dxgreens.plf
### build\compilers\GC\3.0a5.2\mwldeppc.exe Linker Warning:
#   FORCEACTIVE symbol 'stDxGreens::create()' is either not a global symbol or 
#   doesn't exist.  Ignored.
[455/540] LINK build\RSBE01_01\st_dxbigblue\st_dxbigblue.plf
### build\compilers\GC\3.0a5.2\mwldeppc.exe Linker Warning:
#   FORCEACTIVE symbol 'lbl_81_rodata_90' is either not a global symbol or 
#   doesn't exist.  Ignored.
### build\compilers\GC\3.0a5.2\mwldeppc.exe Linker Warning:
#   FORCEACTIVE symbol 'lbl_81_data_970' is either not a global symbol or 
#   doesn't exist.  Ignored.
### build\compilers\GC\3.0a5.2\mwldeppc.exe Linker Warning:
#   FORCEACTIVE symbol 'lbl_81_data_97C' is either not a global symbol or 
#   doesn't exist.  Ignored.
### build\compilers\GC\3.0a5.2\mwldeppc.exe Linker Warning:
#   FORCEACTIVE symbol 'lbl_81_data_9A8' is either not a global symbol or 
#   doesn't exist.  Ignored.
### build\compilers\GC\3.0a5.2\mwldeppc.exe Linker Warning:
#   FORCEACTIVE symbol 'lbl_81_data_9B4' is either not a global symbol or 
#   doesn't exist.  Ignored.
### build\compilers\GC\3.0a5.2\mwldeppc.exe Linker Warning:
#   FORCEACTIVE symbol 'lbl_81_data_9D8' is either not a global symbol or 
#   doesn't exist.  Ignored.
### build\compilers\GC\3.0a5.2\mwldeppc.exe Linker Warning:
#   FORCEACTIVE symbol 'lbl_81_data_9E4' is either not a global symbol or 
#   doesn't exist.  Ignored.
### build\compilers\GC\3.0a5.2\mwldeppc.exe Linker Warning:
#   FORCEACTIVE symbol 'lbl_81_data_A00' is either not a global symbol or 
#   doesn't exist.  Ignored.
### build\compilers\GC\3.0a5.2\mwldeppc.exe Linker Warning:
#   FORCEACTIVE symbol 'lbl_81_data_A08' is either not a global symbol or 
#   doesn't exist.  Ignored.
[456/540] LINK build\RSBE01_01\st_stageedit\st_stageedit.plf
[457/540] LINK build\RSBE01_01\st_croll\st_croll.plf
[458/540] LINK build\RSBE01_01\st_otrain\st_otrain.plf
### build\compilers\GC\3.0a5.2\mwldeppc.exe Linker Warning:
#   FORCEACTIVE symbol '__sinit_\st_onlinetrainning_cpp' is either not a 
#   global symbol or doesn't exist.  Ignored.
### build\compilers\GC\3.0a5.2\mwldeppc.exe Linker Warning:
#   FORCEACTIVE symbol 'lbl_86_rodata_0' is either not a global symbol or 
#   doesn't exist.  Ignored.
### build\compilers\GC\3.0a5.2\mwldeppc.exe Linker Warning:
#   FORCEACTIVE symbol 'lbl_86_rodata_4' is either not a global symbol or 
#   doesn't exist.  Ignored.
### build\compilers\GC\3.0a5.2\mwldeppc.exe Linker Warning:
#   FORCEACTIVE symbol 'lbl_86_rodata_8' is either not a global symbol or 
#   doesn't exist.  Ignored.
### build\compilers\GC\3.0a5.2\mwldeppc.exe Linker Warning:
#   FORCEACTIVE symbol 'lbl_86_data_4' is either not a global symbol or 
#   doesn't exist.  Ignored.
### build\compilers\GC\3.0a5.2\mwldeppc.exe Linker Warning:
#   FORCEACTIVE symbol 'lbl_86_data_264' is either not a global symbol or 
#   doesn't exist.  Ignored.
### build\compilers\GC\3.0a5.2\mwldeppc.exe Linker Warning:
#   FORCEACTIVE symbol 'lbl_86_data_278' is either not a global symbol or 
#   doesn't exist.  Ignored.
### build\compilers\GC\3.0a5.2\mwldeppc.exe Linker Warning:
#   FORCEACTIVE symbol 'lbl_86_data_2A8' is either not a global symbol or 
#   doesn't exist.  Ignored.
### build\compilers\GC\3.0a5.2\mwldeppc.exe Linker Warning:
#   FORCEACTIVE symbol 'lbl_86_data_2B0' is either not a global symbol or 
#   doesn't exist.  Ignored.
### build\compilers\GC\3.0a5.2\mwldeppc.exe Linker Warning:
#   FORCEACTIVE symbol 'lbl_86_data_2D8' is either not a global symbol or 
#   doesn't exist.  Ignored.
### build\compilers\GC\3.0a5.2\mwldeppc.exe Linker Warning:
#   FORCEACTIVE symbol 'lbl_86_data_2E8' is either not a global symbol or 
#   doesn't exist.  Ignored.
### build\compilers\GC\3.0a5.2\mwldeppc.exe Linker Warning:
#   FORCEACTIVE symbol 'lbl_86_data_308' is either not a global symbol or 
#   doesn't exist.  Ignored.
### build\compilers\GC\3.0a5.2\mwldeppc.exe Linker Warning:
#   FORCEACTIVE symbol 'lbl_86_data_310' is either not a global symbol or 
#   doesn't exist.  Ignored.
### build\compilers\GC\3.0a5.2\mwldeppc.exe Linker Warning:
#   FORCEACTIVE symbol 'lbl_86_data_328' is either not a global symbol or 
#   doesn't exist.  Ignored.
### build\compilers\GC\3.0a5.2\mwldeppc.exe Linker Warning:
#   FORCEACTIVE symbol 'lbl_86_data_34C' is either not a global symbol or 
#   doesn't exist.  Ignored.
### build\compilers\GC\3.0a5.2\mwldeppc.exe Linker Warning:
#   FORCEACTIVE symbol 'lbl_86_data_374' is either not a global symbol or 
#   doesn't exist.  Ignored.
### build\compilers\GC\3.0a5.2\mwldeppc.exe Linker Warning:
#   FORCEACTIVE symbol 'lbl_86_data_388' is either not a global symbol or 
#   doesn't exist.  Ignored.
### build\compilers\GC\3.0a5.2\mwldeppc.exe Linker Warning:
#   FORCEACTIVE symbol 'lbl_86_bss_8' is either not a global symbol or doesn't 
#   exist.  Ignored.
[459/540] LINK build\RSBE01_01\st_heal\st_heal.plf
### build\compilers\GC\3.0a5.2\mwldeppc.exe Linker Warning:
#   FORCEACTIVE symbol '__sinit_\st_heal_cpp' is either not a global symbol or 
#   doesn't exist.  Ignored.
### build\compilers\GC\3.0a5.2\mwldeppc.exe Linker Warning:
#   FORCEACTIVE symbol 'lbl_87_rodata_0' is either not a global symbol or 
#   doesn't exist.  Ignored.
### build\compilers\GC\3.0a5.2\mwldeppc.exe Linker Warning:
#   FORCEACTIVE symbol 'lbl_87_rodata_8' is either not a global symbol or 
#   doesn't exist.  Ignored.
### build\compilers\GC\3.0a5.2\mwldeppc.exe Linker Warning:
#   FORCEACTIVE symbol 'lbl_87_rodata_10' is either not a global symbol or 
#   doesn't exist.  Ignored.
### build\compilers\GC\3.0a5.2\mwldeppc.exe Linker Warning:
#   FORCEACTIVE symbol 'lbl_87_data_0' is either not a global symbol or 
#   doesn't exist.  Ignored.
### build\compilers\GC\3.0a5.2\mwldeppc.exe Linker Warning:
#   FORCEACTIVE symbol 'lbl_87_data_4' is either not a global symbol or 
#   doesn't exist.  Ignored.
### build\compilers\GC\3.0a5.2\mwldeppc.exe Linker Warning:
#   FORCEACTIVE symbol 'lbl_87_data_32C' is either not a global symbol or 
#   doesn't exist.  Ignored.
### build\compilers\GC\3.0a5.2\mwldeppc.exe Linker Warning:
#   FORCEACTIVE symbol 'lbl_87_data_334' is either not a global symbol or 
#   doesn't exist.  Ignored.
### build\compilers\GC\3.0a5.2\mwldeppc.exe Linker Warning:
#   FORCEACTIVE symbol 'lbl_87_data_360' is either not a global symbol or 
#   doesn't exist.  Ignored.
### build\compilers\GC\3.0a5.2\mwldeppc.exe Linker Warning:
#   FORCEACTIVE symbol 'lbl_87_data_368' is either not a global symbol or 
#   doesn't exist.  Ignored.
### build\compilers\GC\3.0a5.2\mwldeppc.exe Linker Warning:
#   FORCEACTIVE symbol 'lbl_87_data_390' is either not a global symbol or 
#   doesn't exist.  Ignored.
### build\compilers\GC\3.0a5.2\mwldeppc.exe Linker Warning:
#   FORCEACTIVE symbol 'lbl_87_data_3A0' is either not a global symbol or 
#   doesn't exist.  Ignored.
### build\compilers\GC\3.0a5.2\mwldeppc.exe Linker Warning:
#   FORCEACTIVE symbol 'lbl_87_data_3C0' is either not a global symbol or 
#   doesn't exist.  Ignored.
### build\compilers\GC\3.0a5.2\mwldeppc.exe Linker Warning:
#   FORCEACTIVE symbol 'lbl_87_data_3C8' is either not a global symbol or 
#   doesn't exist.  Ignored.
### build\compilers\GC\3.0a5.2\mwldeppc.exe Linker Warning:
#   FORCEACTIVE symbol 'lbl_87_data_3E0' is either not a global symbol or 
#   doesn't exist.  Ignored.
### build\compilers\GC\3.0a5.2\mwldeppc.exe Linker Warning:
#   FORCEACTIVE symbol 'lbl_87_data_404' is either not a global symbol or 
#   doesn't exist.  Ignored.
### build\compilers\GC\3.0a5.2\mwldeppc.exe Linker Warning:
#   FORCEACTIVE symbol 'lbl_87_data_420' is either not a global symbol or 
#   doesn't exist.  Ignored.
### build\compilers\GC\3.0a5.2\mwldeppc.exe Linker Warning:
#   FORCEACTIVE symbol 'lbl_87_data_438' is either not a global symbol or 
#   doesn't exist.  Ignored.
### build\compilers\GC\3.0a5.2\mwldeppc.exe Linker Warning:
#   FORCEACTIVE symbol 'lbl_87_bss_8' is either not a global symbol or doesn't 
#   exist.  Ignored.
[460/540] LINK build\RSBE01_01\st_homerun\st_homerun.plf
[461/540] LINK build\RSBE01_01\st_tbreak\st_tbreak.plf
### build\compilers\GC\3.0a5.2\mwldeppc.exe Linker Warning:
#   FORCEACTIVE symbol 'lbl_89_rodata_A0' is either not a global symbol or 
#   doesn't exist.  Ignored.
### build\compilers\GC\3.0a5.2\mwldeppc.exe Linker Warning:
#   FORCEACTIVE symbol 'lbl_89_data_EB0' is either not a global symbol or 
#   doesn't exist.  Ignored.
### build\compilers\GC\3.0a5.2\mwldeppc.exe Linker Warning:
#   FORCEACTIVE symbol 'lbl_89_data_EC0' is either not a global symbol or 
#   doesn't exist.  Ignored.
### build\compilers\GC\3.0a5.2\mwldeppc.exe Linker Warning:
#   FORCEACTIVE symbol 'lbl_89_data_EF8' is either not a global symbol or 
#   doesn't exist.  Ignored.
### build\compilers\GC\3.0a5.2\mwldeppc.exe Linker Warning:
#   FORCEACTIVE symbol 'lbl_89_data_F00' is either not a global symbol or 
#   doesn't exist.  Ignored.
### build\compilers\GC\3.0a5.2\mwldeppc.exe Linker Warning:
#   FORCEACTIVE symbol 'lbl_89_data_F0C' is either not a global symbol or 
#   doesn't exist.  Ignored.
### build\compilers\GC\3.0a5.2\mwldeppc.exe Linker Warning:
#   FORCEACTIVE symbol 'lbl_89_data_F38' is either not a global symbol or 
#   doesn't exist.  Ignored.
### build\compilers\GC\3.0a5.2\mwldeppc.exe Linker Warning:
#   FORCEACTIVE symbol 'lbl_89_data_F40' is either not a global symbol or 
#   doesn't exist.  Ignored.
### build\compilers\GC\3.0a5.2\mwldeppc.exe Linker Warning:
#   FORCEACTIVE symbol 'lbl_89_data_F50' is either not a global symbol or 
#   doesn't exist.  Ignored.
### build\compilers\GC\3.0a5.2\mwldeppc.exe Linker Warning:
#   FORCEACTIVE symbol 'lbl_89_data_F78' is either not a global symbol or 
#   doesn't exist.  Ignored.
[462/540] LINK build\RSBE01_01\sora_enemy\sora_enemy.plf
### build\compilers\GC\3.0a5.2\mwldeppc.exe Linker Warning:
#   FORCEACTIVE symbol 
#   'emResourceModuleImpl::DeleteExParam<emKuriboParam>(void)' is either not a 
#   global symbol or doesn't exist.  Ignored.
### build\compilers\GC\3.0a5.2\mwldeppc.exe Linker Warning:
#   FORCEACTIVE symbol 
#   'emResourceModuleImpl::DeleteExParam<emPopperamParam>(void)' is either not 
#   a global symbol or doesn't exist.  Ignored.
### build\compilers\GC\3.0a5.2\mwldeppc.exe Linker Warning:
#   FORCEACTIVE symbol 
#   'emResourceModuleImpl::DeleteExParam<emPacciParam>(void)' is either not a 
#   global symbol or doesn't exist.  Ignored.
### build\compilers\GC\3.0a5.2\mwldeppc.exe Linker Warning:
#   FORCEACTIVE symbol 
#   'emResourceModuleImpl::DeleteExParam<emJyakeelParam>(void)' is either not 
#   a global symbol or doesn't exist.  Ignored.
### build\compilers\GC\3.0a5.2\mwldeppc.exe Linker Warning:
#   FORCEACTIVE symbol 
#   'emResourceModuleImpl::DeleteExParam<emAroarosParam>(void)' is either not 
#   a global symbol or doesn't exist.  Ignored.
### build\compilers\GC\3.0a5.2\mwldeppc.exe Linker Warning:
#   FORCEACTIVE symbol 
#   'emResourceModuleImpl::DeleteExParam<emCymalParam>(void)' is either not a 
#   global symbol or doesn't exist.  Ignored.
### build\compilers\GC\3.0a5.2\mwldeppc.exe Linker Warning:
#   FORCEACTIVE symbol 
#   'emResourceModuleImpl::DeleteExParam<emDeathpodParam>(void)' is either not 
#   a global symbol or doesn't exist.  Ignored.
### build\compilers\GC\3.0a5.2\mwldeppc.exe Linker Warning:
#   FORCEACTIVE symbol 
#   'emResourceModuleImpl::DeleteExParam<emBoobasParam>(void)' is either not a 
#   global symbol or doesn't exist.  Ignored.
### build\compilers\GC\3.0a5.2\mwldeppc.exe Linker Warning:
#   FORCEACTIVE symbol 
#   'emResourceModuleImpl::DeleteExParam<emDekakuriboParam>(void)' is either 
#   not a global symbol or doesn't exist.  Ignored.
### build\compilers\GC\3.0a5.2\mwldeppc.exe Linker Warning:
#   FORCEACTIVE symbol 
#   'emResourceModuleImpl::DeleteExParam<emBotronParam>(void)' is either not a 
#   global symbol or doesn't exist.  Ignored.
### build\compilers\GC\3.0a5.2\mwldeppc.exe Linker Warning:
#   FORCEACTIVE symbol 
#   'emResourceModuleImpl::DeleteExParam<emBucyulusParam>(void)' is either not 
#   a global symbol or doesn't exist.  Ignored.
### build\compilers\GC\3.0a5.2\mwldeppc.exe Linker Warning:
#   FORCEACTIVE symbol 
#   'emResourceModuleImpl::DeleteExParam<emGyraanParam>(void)' is either not a 
#   global symbol or doesn't exist.  Ignored.
### build\compilers\GC\3.0a5.2\mwldeppc.exe Linker Warning:
#   FORCEACTIVE symbol 
#   'emResourceModuleImpl::DeleteExParam<emSiralamosParam>(void)' is either 
#   not a global symbol or doesn't exist.  Ignored.
### build\compilers\GC\3.0a5.2\mwldeppc.exe Linker Warning:
#   FORCEACTIVE symbol 
#   'emResourceModuleImpl::DeleteExParam<emKillerParam>(void)' is either not a 
#   global symbol or doesn't exist.  Ignored.
### build\compilers\GC\3.0a5.2\mwldeppc.exe Linker Warning:
#   FORCEACTIVE symbol 
#   'emResourceModuleImpl::DeleteExParam<emRoadaParam>(void)' is either not a 
#   global symbol or doesn't exist.  Ignored.
### build\compilers\GC\3.0a5.2\mwldeppc.exe Linker Warning:
#   FORCEACTIVE symbol 
#   'emResourceModuleImpl::DeleteExParam<emSparParam>(void)' is either not a 
#   global symbol or doesn't exist.  Ignored.
### build\compilers\GC\3.0a5.2\mwldeppc.exe Linker Warning:
#   FORCEACTIVE symbol 
#   'emResourceModuleImpl::DeleteExParam<emMiteParam>(void)' is either not a 
#   global symbol or doesn't exist.  Ignored.
### build\compilers\GC\3.0a5.2\mwldeppc.exe Linker Warning:
#   FORCEACTIVE symbol 
#   'emResourceModuleImpl::DeleteExParam<emTeckinParam>(void)' is either not a 
#   global symbol or doesn't exist.  Ignored.
### build\compilers\GC\3.0a5.2\mwldeppc.exe Linker Warning:
#   FORCEACTIVE symbol 
#   'emResourceModuleImpl::DeleteExParam<emTautauParam>(void)' is either not a 
#   global symbol or doesn't exist.  Ignored.
### build\compilers\GC\3.0a5.2\mwldeppc.exe Linker Warning:
#   FORCEACTIVE symbol 
#   'emResourceModuleImpl::DeleteExParam<emHammerbrosParam>(void)' is either 
#   not a global symbol or doesn't exist.  Ignored.
### build\compilers\GC\3.0a5.2\mwldeppc.exe Linker Warning:
#   FORCEACTIVE symbol 
#   'emResourceModuleImpl::DeleteExParam<emBitanParam>(void)' is either not a 
#   global symbol or doesn't exist.  Ignored.
### build\compilers\GC\3.0a5.2\mwldeppc.exe Linker Warning:
#   FORCEACTIVE symbol 
#   'emResourceModuleImpl::DeleteExParam<emFlowsParam>(void)' is either not a 
#   global symbol or doesn't exist.  Ignored.
### build\compilers\GC\3.0a5.2\mwldeppc.exe Linker Warning:
#   FORCEACTIVE symbol 
#   'emResourceModuleImpl::DeleteExParam<emKokkonParam>(void)' is either not a 
#   global symbol or doesn't exist.  Ignored.
### build\compilers\GC\3.0a5.2\mwldeppc.exe Linker Warning:
#   FORCEACTIVE symbol 
#   'emResourceModuleImpl::DeleteExParam<emPrimParam>(void)' is either not a 
#   global symbol or doesn't exist.  Ignored.
### build\compilers\GC\3.0a5.2\mwldeppc.exe Linker Warning:
#   FORCEACTIVE symbol 
#   'emResourceModuleImpl::DeleteExParam<emShellyParam>(void)' is either not a 
#   global symbol or doesn't exist.  Ignored.
### build\compilers\GC\3.0a5.2\mwldeppc.exe Linker Warning:
#   FORCEACTIVE symbol 
#   'emResourceModuleImpl::DeleteExParam<emPatapataParam>(void)' is either not 
#   a global symbol or doesn't exist.  Ignored.
### build\compilers\GC\3.0a5.2\mwldeppc.exe Linker Warning:
#   FORCEACTIVE symbol 
#   'emResourceModuleImpl::DeleteExParam<emJdusParam>(void)' is either not a 
#   global symbol or doesn't exist.  Ignored.
### build\compilers\GC\3.0a5.2\mwldeppc.exe Linker Warning:
#   FORCEACTIVE symbol 
#   'emResourceModuleImpl::DeleteExParam<emBombheadParam>(void)' is either not 
#   a global symbol or doesn't exist.  Ignored.
### build\compilers\GC\3.0a5.2\mwldeppc.exe Linker Warning:
#   FORCEACTIVE symbol 
#   'emResourceModuleImpl::DeleteExParam<emNgagogParam>(void)' is either not a 
#   global symbol or doesn't exist.  Ignored.
### build\compilers\GC\3.0a5.2\mwldeppc.exe Linker Warning:
#   FORCEACTIVE symbol 
#   'emResourceModuleImpl::DeleteExParam<emFaulongParam>(void)' is either not 
#   a global symbol or doesn't exist.  Ignored.
### build\compilers\GC\3.0a5.2\mwldeppc.exe Linker Warning:
#   FORCEACTIVE symbol 
#   'emResourceModuleImpl::DeleteExParam<emGhamghaParam>(void)' is either not 
#   a global symbol or doesn't exist.  Ignored.
### build\compilers\GC\3.0a5.2\mwldeppc.exe Linker Warning:
#   FORCEACTIVE symbol 
#   'emResourceModuleImpl::DeleteExParam<emRobobeamParam>(void)' is either not 
#   a global symbol or doesn't exist.  Ignored.
### build\compilers\GC\3.0a5.2\mwldeppc.exe Linker Warning:
#   FORCEACTIVE symbol 
#   'emResourceModuleImpl::DeleteExParam<emRobodistanceParam>(void)' is either 
#   not a global symbol or doesn't exist.  Ignored.
### build\compilers\GC\3.0a5.2\mwldeppc.exe Linker Warning:
#   FORCEACTIVE symbol 
#   'emResourceModuleImpl::DeleteExParam<emRobohomingParam>(void)' is either 
#   not a global symbol or doesn't exist.  Ignored.
### build\compilers\GC\3.0a5.2\mwldeppc.exe Linker Warning:
#   FORCEACTIVE symbol 
#   'emResourceModuleImpl::DeleteExParam<emRobopunchParam>(void)' is either 
#   not a global symbol or doesn't exist.  Ignored.
### build\compilers\GC\3.0a5.2\mwldeppc.exe Linker Warning:
#   FORCEACTIVE symbol 
#   'emResourceModuleImpl::DeleteExParam<emCataguardParam>(void)' is either 
#   not a global symbol or doesn't exist.  Ignored.
### build\compilers\GC\3.0a5.2\mwldeppc.exe Linker Warning:
#   FORCEACTIVE symbol 
#   'emResourceModuleImpl::DeleteExParam<emArmanParam>(void)' is either not a 
#   global symbol or doesn't exist.  Ignored.
### build\compilers\GC\3.0a5.2\mwldeppc.exe Linker Warning:
#   FORCEACTIVE symbol 
#   'emResourceModuleImpl::DeleteExParam<emGalfireParam>(void)' is either not 
#   a global symbol or doesn't exist.  Ignored.
### build\compilers\GC\3.0a5.2\mwldeppc.exe Linker Warning:
#   FORCEACTIVE symbol 
#   'emResourceModuleImpl::DeleteExParam<emBosspackunParam>(void)' is either 
#   not a global symbol or doesn't exist.  Ignored.
### build\compilers\GC\3.0a5.2\mwldeppc.exe Linker Warning:
#   FORCEACTIVE symbol 
#   'emResourceModuleImpl::DeleteExParam<emGhamghabaseParam>(void)' is either 
#   not a global symbol or doesn't exist.  Ignored.
### build\compilers\GC\3.0a5.2\mwldeppc.exe Linker Warning:
#   FORCEACTIVE symbol 
#   'emResourceModuleImpl::DeleteExParam<emGalleomParam>(void)' is either not 
#   a global symbol or doesn't exist.  Ignored.
### build\compilers\GC\3.0a5.2\mwldeppc.exe Linker Warning:
#   FORCEACTIVE symbol 
#   'emResourceModuleImpl::DeleteExParam<emRidleyParam>(void)' is either not a 
#   global symbol or doesn't exist.  Ignored.
### build\compilers\GC\3.0a5.2\mwldeppc.exe Linker Warning:
#   FORCEACTIVE symbol 
#   'emResourceModuleImpl::DeleteExParam<emRayquazaParam>(void)' is either not 
#   a global symbol or doesn't exist.  Ignored.
### build\compilers\GC\3.0a5.2\mwldeppc.exe Linker Warning:
#   FORCEACTIVE symbol 
#   'emResourceModuleImpl::DeleteExParam<emDuonParam>(void)' is either not a 
#   global symbol or doesn't exist.  Ignored.
### build\compilers\GC\3.0a5.2\mwldeppc.exe Linker Warning:
#   FORCEACTIVE symbol 
#   'emResourceModuleImpl::DeleteExParam<emPorkyParam>(void)' is either not a 
#   global symbol or doesn't exist.  Ignored.
### build\compilers\GC\3.0a5.2\mwldeppc.exe Linker Warning:
#   FORCEACTIVE symbol 
#   'emResourceModuleImpl::DeleteExParam<emMetaridleyParam>(void)' is either 
#   not a global symbol or doesn't exist.  Ignored.
### build\compilers\GC\3.0a5.2\mwldeppc.exe Linker Warning:
#   FORCEACTIVE symbol 
#   'emResourceModuleImpl::DeleteExParam<emFalconflyerParam>(void)' is either 
#   not a global symbol or doesn't exist.  Ignored.
### build\compilers\GC\3.0a5.2\mwldeppc.exe Linker Warning:
#   FORCEACTIVE symbol 
#   'emResourceModuleImpl::DeleteExParam<emTabooParam>(void)' is either not a 
#   global symbol or doesn't exist.  Ignored.
### build\compilers\GC\3.0a5.2\mwldeppc.exe Linker Warning:
#   FORCEACTIVE symbol 
#   'emResourceModuleImpl::DeleteExParam<emMasterhandParam>(void)' is either 
#   not a global symbol or doesn't exist.  Ignored.
### build\compilers\GC\3.0a5.2\mwldeppc.exe Linker Warning:
#   FORCEACTIVE symbol 
#   'emResourceModuleImpl::DeleteExParam<emCrazyhandParam>(void)' is either 
#   not a global symbol or doesn't exist.  Ignored.
### build\compilers\GC\3.0a5.2\mwldeppc.exe Linker Warning:
#   FORCEACTIVE symbol 'emInfo::isInvalidKind(emKind)' is either not a global 
#   symbol or doesn't exist.  Ignored.
### build\compilers\GC\3.0a5.2\mwldeppc.exe Linker Warning:
#   FORCEACTIVE symbol 'emInfo::getMotionNum(emKind)' is either not a global 
#   symbol or doesn't exist.  Ignored.
### build\compilers\GC\3.0a5.2\mwldeppc.exe Linker Warning:
#   FORCEACTIVE symbol 'emInfo::getStatusNum(emKind)' is either not a global 
#   symbol or doesn't exist.  Ignored.
### build\compilers\GC\3.0a5.2\mwldeppc.exe Linker Warning:
#   FORCEACTIVE symbol 'emInfo::getNamePtr()' is either not a global symbol or 
#   doesn't exist.  Ignored.
### build\compilers\GC\3.0a5.2\mwldeppc.exe Linker Warning:
#   FORCEACTIVE symbol '__sinit_\em_info_cpp' is either not a global symbol or 
#   doesn't exist.  Ignored.
### build\compilers\GC\3.0a5.2\mwldeppc.exe Linker Warning:
#   FORCEACTIVE symbol '__sinit_\em_robopunch_param_accesser_cpp' is either 
#   not a global symbol or doesn't exist.  Ignored.
### build\compilers\GC\3.0a5.2\mwldeppc.exe Linker Warning:
#   FORCEACTIVE symbol 'lbl_41_rodata_BD8' is either not a global symbol or 
#   doesn't exist.  Ignored.
### build\compilers\GC\3.0a5.2\mwldeppc.exe Linker Warning:
#   FORCEACTIVE symbol 'lbl_41_rodata_D88' is either not a global symbol or 
#   doesn't exist.  Ignored.
### build\compilers\GC\3.0a5.2\mwldeppc.exe Linker Warning:
#   FORCEACTIVE symbol 'lbl_41_rodata_D90' is either not a global symbol or 
#   doesn't exist.  Ignored.
### build\compilers\GC\3.0a5.2\mwldeppc.exe Linker Warning:
#   FORCEACTIVE symbol 'lbl_41_rodata_E88' is either not a global symbol or 
#   doesn't exist.  Ignored.
### build\compilers\GC\3.0a5.2\mwldeppc.exe Linker Warning:
#   FORCEACTIVE symbol 'lbl_41_rodata_E90' is either not a global symbol or 
#   doesn't exist.  Ignored.
### build\compilers\GC\3.0a5.2\mwldeppc.exe Linker Warning:
#   FORCEACTIVE symbol 'lbl_41_rodata_E98' is either not a global symbol or 
#   doesn't exist.  Ignored.
### build\compilers\GC\3.0a5.2\mwldeppc.exe Linker Warning:
#   FORCEACTIVE symbol 'lbl_41_rodata_EA0' is either not a global symbol or 
#   doesn't exist.  Ignored.
### build\compilers\GC\3.0a5.2\mwldeppc.exe Linker Warning:
#   FORCEACTIVE symbol 'lbl_41_rodata_EB0' is either not a global symbol or 
#   doesn't exist.  Ignored.
### build\compilers\GC\3.0a5.2\mwldeppc.exe Linker Warning:
#   FORCEACTIVE symbol 'lbl_41_rodata_EB8' is either not a global symbol or 
#   doesn't exist.  Ignored.
### build\compilers\GC\3.0a5.2\mwldeppc.exe Linker Warning:
#   FORCEACTIVE symbol 'lbl_41_rodata_EC0' is either not a global symbol or 
#   doesn't exist.  Ignored.
### build\compilers\GC\3.0a5.2\mwldeppc.exe Linker Warning:
#   FORCEACTIVE symbol 'lbl_41_rodata_ED0' is either not a global symbol or 
#   doesn't exist.  Ignored.
### build\compilers\GC\3.0a5.2\mwldeppc.exe Linker Warning:
#   FORCEACTIVE symbol 'lbl_41_rodata_ED8' is either not a global symbol or 
#   doesn't exist.  Ignored.
### build\compilers\GC\3.0a5.2\mwldeppc.exe Linker Warning:
#   FORCEACTIVE symbol 'lbl_41_rodata_EE0' is either not a global symbol or 
#   doesn't exist.  Ignored.
### build\compilers\GC\3.0a5.2\mwldeppc.exe Linker Warning:
#   FORCEACTIVE symbol 'lbl_41_rodata_EE8' is either not a global symbol or 
#   doesn't exist.  Ignored.
### build\compilers\GC\3.0a5.2\mwldeppc.exe Linker Warning:
#   FORCEACTIVE symbol 'lbl_41_rodata_EF8' is either not a global symbol or 
#   doesn't exist.  Ignored.
### build\compilers\GC\3.0a5.2\mwldeppc.exe Linker Warning:
#   FORCEACTIVE symbol 'lbl_41_rodata_F08' is either not a global symbol or 
#   doesn't exist.  Ignored.
### build\compilers\GC\3.0a5.2\mwldeppc.exe Linker Warning:
#   FORCEACTIVE symbol 'lbl_41_rodata_F20' is either not a global symbol or 
#   doesn't exist.  Ignored.
### build\compilers\GC\3.0a5.2\mwldeppc.exe Linker Warning:
#   FORCEACTIVE symbol 'lbl_41_rodata_F28' is either not a global symbol or 
#   doesn't exist.  Ignored.
### build\compilers\GC\3.0a5.2\mwldeppc.exe Linker Warning:
#   FORCEACTIVE symbol 'lbl_41_rodata_F30' is either not a global symbol or 
#   doesn't exist.  Ignored.
### build\compilers\GC\3.0a5.2\mwldeppc.exe Linker Warning:
#   FORCEACTIVE symbol 'lbl_41_rodata_F70' is either not a global symbol or 
#   doesn't exist.  Ignored.
### build\compilers\GC\3.0a5.2\mwldeppc.exe Linker Warning:
#   FORCEACTIVE symbol 'lbl_41_rodata_1038' is either not a global symbol or 
#   doesn't exist.  Ignored.
### build\compilers\GC\3.0a5.2\mwldeppc.exe Linker Warning:
#   FORCEACTIVE symbol 'lbl_41_rodata_1040' is either not a global symbol or 
#   doesn't exist.  Ignored.
### build\compilers\GC\3.0a5.2\mwldeppc.exe Linker Warning:
#   FORCEACTIVE symbol 'lbl_41_rodata_1048' is either not a global symbol or 
#   doesn't exist.  Ignored.
### build\compilers\GC\3.0a5.2\mwldeppc.exe Linker Warning:
#   FORCEACTIVE symbol 'lbl_41_rodata_1050' is either not a global symbol or 
#   doesn't exist.  Ignored.
### build\compilers\GC\3.0a5.2\mwldeppc.exe Linker Warning:
#   FORCEACTIVE symbol 'lbl_41_rodata_1058' is either not a global symbol or 
#   doesn't exist.  Ignored.
### build\compilers\GC\3.0a5.2\mwldeppc.exe Linker Warning:
#   FORCEACTIVE symbol 'lbl_41_rodata_1060' is either not a global symbol or 
#   doesn't exist.  Ignored.
### build\compilers\GC\3.0a5.2\mwldeppc.exe Linker Warning:
#   FORCEACTIVE symbol 'lbl_41_rodata_1070' is either not a global symbol or 
#   doesn't exist.  Ignored.
### build\compilers\GC\3.0a5.2\mwldeppc.exe Linker Warning:
#   FORCEACTIVE symbol 'lbl_41_rodata_1078' is either not a global symbol or 
#   doesn't exist.  Ignored.
### build\compilers\GC\3.0a5.2\mwldeppc.exe Linker Warning:
#   FORCEACTIVE symbol 'lbl_41_rodata_1090' is either not a global symbol or 
#   doesn't exist.  Ignored.
### build\compilers\GC\3.0a5.2\mwldeppc.exe Linker Warning:
#   FORCEACTIVE symbol 'lbl_41_rodata_1098' is either not a global symbol or 
#   doesn't exist.  Ignored.
### build\compilers\GC\3.0a5.2\mwldeppc.exe Linker Warning:
#   FORCEACTIVE symbol 'lbl_41_rodata_10A0' is either not a global symbol or 
#   doesn't exist.  Ignored.
### build\compilers\GC\3.0a5.2\mwldeppc.exe Linker Warning:
#   FORCEACTIVE symbol 'lbl_41_rodata_10A8' is either not a global symbol or 
#   doesn't exist.  Ignored.
### build\compilers\GC\3.0a5.2\mwldeppc.exe Linker Warning:
#   FORCEACTIVE symbol 'lbl_41_rodata_10B0' is either not a global symbol or 
#   doesn't exist.  Ignored.
### build\compilers\GC\3.0a5.2\mwldeppc.exe Linker Warning:
#   FORCEACTIVE symbol 'lbl_41_rodata_10C0' is either not a global symbol or 
#   doesn't exist.  Ignored.
### build\compilers\GC\3.0a5.2\mwldeppc.exe Linker Warning:
#   FORCEACTIVE symbol 'lbl_41_rodata_10C8' is either not a global symbol or 
#   doesn't exist.  Ignored.
### build\compilers\GC\3.0a5.2\mwldeppc.exe Linker Warning:
#   FORCEACTIVE symbol 'lbl_41_rodata_10D8' is either not a global symbol or 
#   doesn't exist.  Ignored.
### build\compilers\GC\3.0a5.2\mwldeppc.exe Linker Warning:
#   FORCEACTIVE symbol 'lbl_41_rodata_10E0' is either not a global symbol or 
#   doesn't exist.  Ignored.
### build\compilers\GC\3.0a5.2\mwldeppc.exe Linker Warning:
#   FORCEACTIVE symbol 'lbl_41_rodata_10E8' is either not a global symbol or 
#   doesn't exist.  Ignored.
### build\compilers\GC\3.0a5.2\mwldeppc.exe Linker Warning:
#   FORCEACTIVE symbol 'lbl_41_rodata_10F0' is either not a global symbol or 
#   doesn't exist.  Ignored.
### build\compilers\GC\3.0a5.2\mwldeppc.exe Linker Warning:
#   FORCEACTIVE symbol 'lbl_41_rodata_10F8' is either not a global symbol or 
#   doesn't exist.  Ignored.
### build\compilers\GC\3.0a5.2\mwldeppc.exe Linker Warning:
#   FORCEACTIVE symbol 'lbl_41_rodata_1108' is either not a global symbol or 
#   doesn't exist.  Ignored.
### build\compilers\GC\3.0a5.2\mwldeppc.exe Linker Warning:
#   FORCEACTIVE symbol 'lbl_41_rodata_1110' is either not a global symbol or 
#   doesn't exist.  Ignored.
### build\compilers\GC\3.0a5.2\mwldeppc.exe Linker Warning:
#   FORCEACTIVE symbol 'lbl_41_rodata_1118' is either not a global symbol or 
#   doesn't exist.  Ignored.
### build\compilers\GC\3.0a5.2\mwldeppc.exe Linker Warning:
#   FORCEACTIVE symbol 'lbl_41_rodata_1128' is either not a global symbol or 
#   doesn't exist.  Ignored.
### build\compilers\GC\3.0a5.2\mwldeppc.exe Linker Warning:
#   FORCEACTIVE symbol 'lbl_41_rodata_1130' is either not a global symbol or 
#   doesn't exist.  Ignored.
### build\compilers\GC\3.0a5.2\mwldeppc.exe Linker Warning:
#   FORCEACTIVE symbol 'lbl_41_rodata_1140' is either not a global symbol or 
#   doesn't exist.  Ignored.
### build\compilers\GC\3.0a5.2\mwldeppc.exe Linker Warning:
#   FORCEACTIVE symbol 'lbl_41_rodata_1148' is either not a global symbol or 
#   doesn't exist.  Ignored.
### build\compilers\GC\3.0a5.2\mwldeppc.exe Linker Warning:
#   FORCEACTIVE symbol 'lbl_41_rodata_1150' is either not a global symbol or 
#   doesn't exist.  Ignored.
### build\compilers\GC\3.0a5.2\mwldeppc.exe Linker Warning:
#   FORCEACTIVE symbol 'lbl_41_rodata_1160' is either not a global symbol or 
#   doesn't exist.  Ignored.
### build\compilers\GC\3.0a5.2\mwldeppc.exe Linker Warning:
#   FORCEACTIVE symbol 'lbl_41_rodata_1178' is either not a global symbol or 
#   doesn't exist.  Ignored.
### build\compilers\GC\3.0a5.2\mwldeppc.exe Linker Warning:
#   FORCEACTIVE symbol 'lbl_41_rodata_1180' is either not a global symbol or 
#   doesn't exist.  Ignored.
### build\compilers\GC\3.0a5.2\mwldeppc.exe Linker Warning:
#   FORCEACTIVE symbol 'lbl_41_rodata_1190' is either not a global symbol or 
#   doesn't exist.  Ignored.
### build\compilers\GC\3.0a5.2\mwldeppc.exe Linker Warning:
#   FORCEACTIVE symbol 'lbl_41_rodata_11A0' is either not a global symbol or 
#   doesn't exist.  Ignored.
### build\compilers\GC\3.0a5.2\mwldeppc.exe Linker Warning:
#   FORCEACTIVE symbol 'lbl_41_rodata_11A8' is either not a global symbol or 
#   doesn't exist.  Ignored.
### build\compilers\GC\3.0a5.2\mwldeppc.exe Linker Warning:
#   FORCEACTIVE symbol 'lbl_41_rodata_11B8' is either not a global symbol or 
#   doesn't exist.  Ignored.
### build\compilers\GC\3.0a5.2\mwldeppc.exe Linker Warning:
#   FORCEACTIVE symbol 'lbl_41_rodata_11C8' is either not a global symbol or 
#   doesn't exist.  Ignored.
### build\compilers\GC\3.0a5.2\mwldeppc.exe Linker Warning:
#   FORCEACTIVE symbol 'lbl_41_data_1954' is either not a global symbol or 
#   doesn't exist.  Ignored.
### build\compilers\GC\3.0a5.2\mwldeppc.exe Linker Warning:
#   FORCEACTIVE symbol 'lbl_41_data_195C' is either not a global symbol or 
#   doesn't exist.  Ignored.
### build\compilers\GC\3.0a5.2\mwldeppc.exe Linker Warning:
#   FORCEACTIVE symbol 'lbl_41_data_1970' is either not a global symbol or 
#   doesn't exist.  Ignored.
### build\compilers\GC\3.0a5.2\mwldeppc.exe Linker Warning:
#   FORCEACTIVE symbol 'lbl_41_data_198C' is either not a global symbol or 
#   doesn't exist.  Ignored.
### build\compilers\GC\3.0a5.2\mwldeppc.exe Linker Warning:
#   FORCEACTIVE symbol 'lbl_41_data_2C18' is either not a global symbol or 
#   doesn't exist.  Ignored.
### build\compilers\GC\3.0a5.2\mwldeppc.exe Linker Warning:
#   FORCEACTIVE symbol 'lbl_41_data_2C23' is either not a global symbol or 
#   doesn't exist.  Ignored.
### build\compilers\GC\3.0a5.2\mwldeppc.exe Linker Warning:
#   FORCEACTIVE symbol 'lbl_41_data_2C60' is either not a global symbol or 
#   doesn't exist.  Ignored.
### build\compilers\GC\3.0a5.2\mwldeppc.exe Linker Warning:
#   FORCEACTIVE symbol 'lbl_41_data_2C78' is either not a global symbol or 
#   doesn't exist.  Ignored.
### build\compilers\GC\3.0a5.2\mwldeppc.exe Linker Warning:
#   FORCEACTIVE symbol 'lbl_41_data_2C9C' is either not a global symbol or 
#   doesn't exist.  Ignored.
### build\compilers\GC\3.0a5.2\mwldeppc.exe Linker Warning:
#   FORCEACTIVE symbol 'lbl_41_data_2CB4' is either not a global symbol or 
#   doesn't exist.  Ignored.
### build\compilers\GC\3.0a5.2\mwldeppc.exe Linker Warning:
#   FORCEACTIVE symbol 'lbl_41_data_2CD0' is either not a global symbol or 
#   doesn't exist.  Ignored.
### build\compilers\GC\3.0a5.2\mwldeppc.exe Linker Warning:
#   FORCEACTIVE symbol 'lbl_41_data_2CE4' is either not a global symbol or 
#   doesn't exist.  Ignored.
### build\compilers\GC\3.0a5.2\mwldeppc.exe Linker Warning:
#   FORCEACTIVE symbol 'lbl_41_data_3224' is either not a global symbol or 
#   doesn't exist.  Ignored.
### build\compilers\GC\3.0a5.2\mwldeppc.exe Linker Warning:
#   FORCEACTIVE symbol 'lbl_41_data_323C' is either not a global symbol or 
#   doesn't exist.  Ignored.
### build\compilers\GC\3.0a5.2\mwldeppc.exe Linker Warning:
#   FORCEACTIVE symbol 'lbl_41_data_3258' is either not a global symbol or 
#   doesn't exist.  Ignored.
### build\compilers\GC\3.0a5.2\mwldeppc.exe Linker Warning:
#   FORCEACTIVE symbol 'lbl_41_data_3268' is either not a global symbol or 
#   doesn't exist.  Ignored.
### build\compilers\GC\3.0a5.2\mwldeppc.exe Linker Warning:
#   FORCEACTIVE symbol 'lbl_41_data_36CC' is either not a global symbol or 
#   doesn't exist.  Ignored.
### build\compilers\GC\3.0a5.2\mwldeppc.exe Linker Warning:
#   FORCEACTIVE symbol 'lbl_41_data_36E0' is either not a global symbol or 
#   doesn't exist.  Ignored.
### build\compilers\GC\3.0a5.2\mwldeppc.exe Linker Warning:
#   FORCEACTIVE symbol 'lbl_41_data_36F4' is either not a global symbol or 
#   doesn't exist.  Ignored.
### build\compilers\GC\3.0a5.2\mwldeppc.exe Linker Warning:
#   FORCEACTIVE symbol 'lbl_41_data_3EE0' is either not a global symbol or 
#   doesn't exist.  Ignored.
### build\compilers\GC\3.0a5.2\mwldeppc.exe Linker Warning:
#   FORCEACTIVE symbol 'lbl_41_data_3EF8' is either not a global symbol or 
#   doesn't exist.  Ignored.
### build\compilers\GC\3.0a5.2\mwldeppc.exe Linker Warning:
#   FORCEACTIVE symbol 'lbl_41_data_6CFC' is either not a global symbol or 
#   doesn't exist.  Ignored.
### build\compilers\GC\3.0a5.2\mwldeppc.exe Linker Warning:
#   FORCEACTIVE symbol 'lbl_41_data_6D10' is either not a global symbol or 
#   doesn't exist.  Ignored.
### build\compilers\GC\3.0a5.2\mwldeppc.exe Linker Warning:
#   FORCEACTIVE symbol 'lbl_41_data_6D2C' is either not a global symbol or 
#   doesn't exist.  Ignored.
### build\compilers\GC\3.0a5.2\mwldeppc.exe Linker Warning:
#   FORCEACTIVE symbol 'lbl_41_data_6D3C' is either not a global symbol or 
#   doesn't exist.  Ignored.
### build\compilers\GC\3.0a5.2\mwldeppc.exe Linker Warning:
#   FORCEACTIVE symbol 'lbl_41_data_7194' is either not a global symbol or 
#   doesn't exist.  Ignored.
### build\compilers\GC\3.0a5.2\mwldeppc.exe Linker Warning:
#   FORCEACTIVE symbol 'lbl_41_data_71AC' is either not a global symbol or 
#   doesn't exist.  Ignored.
### build\compilers\GC\3.0a5.2\mwldeppc.exe Linker Warning:
#   FORCEACTIVE symbol 'lbl_41_data_7F54' is either not a global symbol or 
#   doesn't exist.  Ignored.
### build\compilers\GC\3.0a5.2\mwldeppc.exe Linker Warning:
#   FORCEACTIVE symbol 'lbl_41_data_7F70' is either not a global symbol or 
#   doesn't exist.  Ignored.
### build\compilers\GC\3.0a5.2\mwldeppc.exe Linker Warning:
#   FORCEACTIVE symbol 'lbl_41_data_8228' is either not a global symbol or 
#   doesn't exist.  Ignored.
### build\compilers\GC\3.0a5.2\mwldeppc.exe Linker Warning:
#   FORCEACTIVE symbol 'lbl_41_data_8240' is either not a global symbol or 
#   doesn't exist.  Ignored.
### build\compilers\GC\3.0a5.2\mwldeppc.exe Linker Warning:
#   FORCEACTIVE symbol 'lbl_41_data_84DC' is either not a global symbol or 
#   doesn't exist.  Ignored.
### build\compilers\GC\3.0a5.2\mwldeppc.exe Linker Warning:
#   FORCEACTIVE symbol 'lbl_41_data_84F4' is either not a global symbol or 
#   doesn't exist.  Ignored.
### build\compilers\GC\3.0a5.2\mwldeppc.exe Linker Warning:
#   FORCEACTIVE symbol 'lbl_41_data_8F7C' is either not a global symbol or 
#   doesn't exist.  Ignored.
### build\compilers\GC\3.0a5.2\mwldeppc.exe Linker Warning:
#   FORCEACTIVE symbol 'lbl_41_data_8F94' is either not a global symbol or 
#   doesn't exist.  Ignored.
### build\compilers\GC\3.0a5.2\mwldeppc.exe Linker Warning:
#   FORCEACTIVE symbol 'lbl_41_data_922C' is either not a global symbol or 
#   doesn't exist.  Ignored.
### build\compilers\GC\3.0a5.2\mwldeppc.exe Linker Warning:
#   FORCEACTIVE symbol 'lbl_41_data_9244' is either not a global symbol or 
#   doesn't exist.  Ignored.
### build\compilers\GC\3.0a5.2\mwldeppc.exe Linker Warning:
#   FORCEACTIVE symbol 'lbl_41_data_94DC' is either not a global symbol or 
#   doesn't exist.  Ignored.
### build\compilers\GC\3.0a5.2\mwldeppc.exe Linker Warning:
#   FORCEACTIVE symbol 'lbl_41_data_94F4' is either not a global symbol or 
#   doesn't exist.  Ignored.
### build\compilers\GC\3.0a5.2\mwldeppc.exe Linker Warning:
#   FORCEACTIVE symbol 'lbl_41_data_978C' is either not a global symbol or 
#   doesn't exist.  Ignored.
### build\compilers\GC\3.0a5.2\mwldeppc.exe Linker Warning:
#   FORCEACTIVE symbol 'lbl_41_data_97A4' is either not a global symbol or 
#   doesn't exist.  Ignored.
### build\compilers\GC\3.0a5.2\mwldeppc.exe Linker Warning:
#   FORCEACTIVE symbol 'lbl_41_data_9A3C' is either not a global symbol or 
#   doesn't exist.  Ignored.
### build\compilers\GC\3.0a5.2\mwldeppc.exe Linker Warning:
#   FORCEACTIVE symbol 'lbl_41_data_9A54' is either not a global symbol or 
#   doesn't exist.  Ignored.
### build\compilers\GC\3.0a5.2\mwldeppc.exe Linker Warning:
#   FORCEACTIVE symbol 'lbl_41_data_A53C' is either not a global symbol or 
#   doesn't exist.  Ignored.
### build\compilers\GC\3.0a5.2\mwldeppc.exe Linker Warning:
#   FORCEACTIVE symbol 'lbl_41_data_A554' is either not a global symbol or 
#   doesn't exist.  Ignored.
### build\compilers\GC\3.0a5.2\mwldeppc.exe Linker Warning:
#   FORCEACTIVE symbol 'lbl_41_data_A7F4' is either not a global symbol or 
#   doesn't exist.  Ignored.
### build\compilers\GC\3.0a5.2\mwldeppc.exe Linker Warning:
#   FORCEACTIVE symbol 'lbl_41_data_A810' is either not a global symbol or 
#   doesn't exist.  Ignored.
### build\compilers\GC\3.0a5.2\mwldeppc.exe Linker Warning:
#   FORCEACTIVE symbol 'lbl_41_data_AACC' is either not a global symbol or 
#   doesn't exist.  Ignored.
### build\compilers\GC\3.0a5.2\mwldeppc.exe Linker Warning:
#   FORCEACTIVE symbol 'lbl_41_data_AAE4' is either not a global symbol or 
#   doesn't exist.  Ignored.
### build\compilers\GC\3.0a5.2\mwldeppc.exe Linker Warning:
#   FORCEACTIVE symbol 'lbl_41_data_B424' is either not a global symbol or 
#   doesn't exist.  Ignored.
### build\compilers\GC\3.0a5.2\mwldeppc.exe Linker Warning:
#   FORCEACTIVE symbol 'lbl_41_data_B43C' is either not a global symbol or 
#   doesn't exist.  Ignored.
### build\compilers\GC\3.0a5.2\mwldeppc.exe Linker Warning:
#   FORCEACTIVE symbol 'lbl_41_data_BD60' is either not a global symbol or 
#   doesn't exist.  Ignored.
### build\compilers\GC\3.0a5.2\mwldeppc.exe Linker Warning:
#   FORCEACTIVE symbol 'lbl_41_data_BD78' is either not a global symbol or 
#   doesn't exist.  Ignored.
### build\compilers\GC\3.0a5.2\mwldeppc.exe Linker Warning:
#   FORCEACTIVE symbol 'lbl_41_data_C050' is either not a global symbol or 
#   doesn't exist.  Ignored.
### build\compilers\GC\3.0a5.2\mwldeppc.exe Linker Warning:
#   FORCEACTIVE symbol 'lbl_41_data_C064' is either not a global symbol or 
#   doesn't exist.  Ignored.
### build\compilers\GC\3.0a5.2\mwldeppc.exe Linker Warning:
#   FORCEACTIVE symbol 'lbl_41_data_D0A8' is either not a global symbol or 
#   doesn't exist.  Ignored.
### build\compilers\GC\3.0a5.2\mwldeppc.exe Linker Warning:
#   FORCEACTIVE symbol 'lbl_41_data_D0BC' is either not a global symbol or 
#   doesn't exist.  Ignored.
### build\compilers\GC\3.0a5.2\mwldeppc.exe Linker Warning:
#   FORCEACTIVE symbol 'lbl_41_data_E498' is either not a global symbol or 
#   doesn't exist.  Ignored.
### build\compilers\GC\3.0a5.2\mwldeppc.exe Linker Warning:
#   FORCEACTIVE symbol 'lbl_41_data_E4B4' is either not a global symbol or 
#   doesn't exist.  Ignored.
### build\compilers\GC\3.0a5.2\mwldeppc.exe Linker Warning:
#   FORCEACTIVE symbol 'lbl_41_data_EFAC' is either not a global symbol or 
#   doesn't exist.  Ignored.
### build\compilers\GC\3.0a5.2\mwldeppc.exe Linker Warning:
#   FORCEACTIVE symbol 'lbl_41_data_EFC4' is either not a global symbol or 
#   doesn't exist.  Ignored.
### build\compilers\GC\3.0a5.2\mwldeppc.exe Linker Warning:
#   FORCEACTIVE symbol 'lbl_41_data_F278' is either not a global symbol or 
#   doesn't exist.  Ignored.
### build\compilers\GC\3.0a5.2\mwldeppc.exe Linker Warning:
#   FORCEACTIVE symbol 'lbl_41_data_F290' is either not a global symbol or 
#   doesn't exist.  Ignored.
### build\compilers\GC\3.0a5.2\mwldeppc.exe Linker Warning:
#   FORCEACTIVE symbol 'lbl_41_data_F54C' is either not a global symbol or 
#   doesn't exist.  Ignored.
### build\compilers\GC\3.0a5.2\mwldeppc.exe Linker Warning:
#   FORCEACTIVE symbol 'lbl_41_data_F564' is either not a global symbol or 
#   doesn't exist.  Ignored.
### build\compilers\GC\3.0a5.2\mwldeppc.exe Linker Warning:
#   FORCEACTIVE symbol 'lbl_41_data_F7FC' is either not a global symbol or 
#   doesn't exist.  Ignored.
### build\compilers\GC\3.0a5.2\mwldeppc.exe Linker Warning:
#   FORCEACTIVE symbol 'lbl_41_data_F814' is either not a global symbol or 
#   doesn't exist.  Ignored.
### build\compilers\GC\3.0a5.2\mwldeppc.exe Linker Warning:
#   FORCEACTIVE symbol 'lbl_41_data_FAAC' is either not a global symbol or 
#   doesn't exist.  Ignored.
### build\compilers\GC\3.0a5.2\mwldeppc.exe Linker Warning:
#   FORCEACTIVE symbol 'lbl_41_data_FAC4' is either not a global symbol or 
#   doesn't exist.  Ignored.
### build\compilers\GC\3.0a5.2\mwldeppc.exe Linker Warning:
#   FORCEACTIVE symbol 'lbl_41_data_10400' is either not a global symbol or 
#   doesn't exist.  Ignored.
### build\compilers\GC\3.0a5.2\mwldeppc.exe Linker Warning:
#   FORCEACTIVE symbol 'lbl_41_data_10414' is either not a global symbol or 
#   doesn't exist.  Ignored.
### build\compilers\GC\3.0a5.2\mwldeppc.exe Linker Warning:
#   FORCEACTIVE symbol 'lbl_41_data_11140' is either not a global symbol or 
#   doesn't exist.  Ignored.
### build\compilers\GC\3.0a5.2\mwldeppc.exe Linker Warning:
#   FORCEACTIVE symbol 'lbl_41_data_1115C' is either not a global symbol or 
#   doesn't exist.  Ignored.
### build\compilers\GC\3.0a5.2\mwldeppc.exe Linker Warning:
#   FORCEACTIVE symbol 'lbl_41_data_11BBC' is either not a global symbol or 
#   doesn't exist.  Ignored.
### build\compilers\GC\3.0a5.2\mwldeppc.exe Linker Warning:
#   FORCEACTIVE symbol 'lbl_41_data_11BD4' is either not a global symbol or 
#   doesn't exist.  Ignored.
### build\compilers\GC\3.0a5.2\mwldeppc.exe Linker Warning:
#   FORCEACTIVE symbol 'lbl_41_data_12838' is either not a global symbol or 
#   doesn't exist.  Ignored.
### build\compilers\GC\3.0a5.2\mwldeppc.exe Linker Warning:
#   FORCEACTIVE symbol 'lbl_41_data_12850' is either not a global symbol or 
#   doesn't exist.  Ignored.
### build\compilers\GC\3.0a5.2\mwldeppc.exe Linker Warning:
#   FORCEACTIVE symbol 'lbl_41_data_12B30' is either not a global symbol or 
#   doesn't exist.  Ignored.
### build\compilers\GC\3.0a5.2\mwldeppc.exe Linker Warning:
#   FORCEACTIVE symbol 'lbl_41_data_12B48' is either not a global symbol or 
#   doesn't exist.  Ignored.
### build\compilers\GC\3.0a5.2\mwldeppc.exe Linker Warning:
#   FORCEACTIVE symbol 'lbl_41_data_12DE4' is either not a global symbol or 
#   doesn't exist.  Ignored.
### build\compilers\GC\3.0a5.2\mwldeppc.exe Linker Warning:
#   FORCEACTIVE symbol 'lbl_41_data_12DFC' is either not a global symbol or 
#   doesn't exist.  Ignored.
### build\compilers\GC\3.0a5.2\mwldeppc.exe Linker Warning:
#   FORCEACTIVE symbol 'lbl_41_data_130C0' is either not a global symbol or 
#   doesn't exist.  Ignored.
### build\compilers\GC\3.0a5.2\mwldeppc.exe Linker Warning:
#   FORCEACTIVE symbol 'lbl_41_data_130D8' is either not a global symbol or 
#   doesn't exist.  Ignored.
### build\compilers\GC\3.0a5.2\mwldeppc.exe Linker Warning:
#   FORCEACTIVE symbol 'lbl_41_data_13390' is either not a global symbol or 
#   doesn't exist.  Ignored.
### build\compilers\GC\3.0a5.2\mwldeppc.exe Linker Warning:
#   FORCEACTIVE symbol 'lbl_41_data_133A8' is either not a global symbol or 
#   doesn't exist.  Ignored.
### build\compilers\GC\3.0a5.2\mwldeppc.exe Linker Warning:
#   FORCEACTIVE symbol 'lbl_41_data_1366C' is either not a global symbol or 
#   doesn't exist.  Ignored.
### build\compilers\GC\3.0a5.2\mwldeppc.exe Linker Warning:
#   FORCEACTIVE symbol 'lbl_41_data_13680' is either not a global symbol or 
#   doesn't exist.  Ignored.
### build\compilers\GC\3.0a5.2\mwldeppc.exe Linker Warning:
#   FORCEACTIVE symbol 'lbl_41_data_140D8' is either not a global symbol or 
#   doesn't exist.  Ignored.
### build\compilers\GC\3.0a5.2\mwldeppc.exe Linker Warning:
#   FORCEACTIVE symbol 'lbl_41_data_140F0' is either not a global symbol or 
#   doesn't exist.  Ignored.
### build\compilers\GC\3.0a5.2\mwldeppc.exe Linker Warning:
#   FORCEACTIVE symbol 'lbl_41_data_14B48' is either not a global symbol or 
#   doesn't exist.  Ignored.
### build\compilers\GC\3.0a5.2\mwldeppc.exe Linker Warning:
#   FORCEACTIVE symbol 'lbl_41_data_14B60' is either not a global symbol or 
#   doesn't exist.  Ignored.
### build\compilers\GC\3.0a5.2\mwldeppc.exe Linker Warning:
#   FORCEACTIVE symbol 'lbl_41_data_15364' is either not a global symbol or 
#   doesn't exist.  Ignored.
### build\compilers\GC\3.0a5.2\mwldeppc.exe Linker Warning:
#   FORCEACTIVE symbol 'lbl_41_data_15380' is either not a global symbol or 
#   doesn't exist.  Ignored.
### build\compilers\GC\3.0a5.2\mwldeppc.exe Linker Warning:
#   FORCEACTIVE symbol 'lbl_41_data_15DC4' is either not a global symbol or 
#   doesn't exist.  Ignored.
### build\compilers\GC\3.0a5.2\mwldeppc.exe Linker Warning:
#   FORCEACTIVE symbol 'lbl_41_data_15DE0' is either not a global symbol or 
#   doesn't exist.  Ignored.
### build\compilers\GC\3.0a5.2\mwldeppc.exe Linker Warning:
#   FORCEACTIVE symbol 'lbl_41_data_16098' is either not a global symbol or 
#   doesn't exist.  Ignored.
### build\compilers\GC\3.0a5.2\mwldeppc.exe Linker Warning:
#   FORCEACTIVE symbol 'lbl_41_data_160B4' is either not a global symbol or 
#   doesn't exist.  Ignored.
### build\compilers\GC\3.0a5.2\mwldeppc.exe Linker Warning:
#   FORCEACTIVE symbol 'lbl_41_data_16FF4' is either not a global symbol or 
#   doesn't exist.  Ignored.
### build\compilers\GC\3.0a5.2\mwldeppc.exe Linker Warning:
#   FORCEACTIVE symbol 'lbl_41_data_1700C' is either not a global symbol or 
#   doesn't exist.  Ignored.
### build\compilers\GC\3.0a5.2\mwldeppc.exe Linker Warning:
#   FORCEACTIVE symbol 'lbl_41_data_17030' is either not a global symbol or 
#   doesn't exist.  Ignored.
### build\compilers\GC\3.0a5.2\mwldeppc.exe Linker Warning:
#   FORCEACTIVE symbol 'lbl_41_data_17050' is either not a global symbol or 
#   doesn't exist.  Ignored.
### build\compilers\GC\3.0a5.2\mwldeppc.exe Linker Warning:
#   FORCEACTIVE symbol 'lbl_41_data_17073' is either not a global symbol or 
#   doesn't exist.  Ignored.
### build\compilers\GC\3.0a5.2\mwldeppc.exe Linker Warning:
#   FORCEACTIVE symbol 'lbl_41_data_17092' is either not a global symbol or 
#   doesn't exist.  Ignored.
### build\compilers\GC\3.0a5.2\mwldeppc.exe Linker Warning:
#   FORCEACTIVE symbol 'lbl_41_data_1732C' is either not a global symbol or 
#   doesn't exist.  Ignored.
### build\compilers\GC\3.0a5.2\mwldeppc.exe Linker Warning:
#   FORCEACTIVE symbol 'lbl_41_data_17344' is either not a global symbol or 
#   doesn't exist.  Ignored.
### build\compilers\GC\3.0a5.2\mwldeppc.exe Linker Warning:
#   FORCEACTIVE symbol 'lbl_41_data_17C04' is either not a global symbol or 
#   doesn't exist.  Ignored.
### build\compilers\GC\3.0a5.2\mwldeppc.exe Linker Warning:
#   FORCEACTIVE symbol 'lbl_41_data_17C20' is either not a global symbol or 
#   doesn't exist.  Ignored.
### build\compilers\GC\3.0a5.2\mwldeppc.exe Linker Warning:
#   FORCEACTIVE symbol 'lbl_41_data_17EC4' is either not a global symbol or 
#   doesn't exist.  Ignored.
### build\compilers\GC\3.0a5.2\mwldeppc.exe Linker Warning:
#   FORCEACTIVE symbol 'lbl_41_data_17EE0' is either not a global symbol or 
#   doesn't exist.  Ignored.
### build\compilers\GC\3.0a5.2\mwldeppc.exe Linker Warning:
#   FORCEACTIVE symbol 'lbl_41_data_18984' is either not a global symbol or 
#   doesn't exist.  Ignored.
### build\compilers\GC\3.0a5.2\mwldeppc.exe Linker Warning:
#   FORCEACTIVE symbol 'lbl_41_data_1899C' is either not a global symbol or 
#   doesn't exist.  Ignored.
### build\compilers\GC\3.0a5.2\mwldeppc.exe Linker Warning:
#   FORCEACTIVE symbol 'lbl_41_data_18D14' is either not a global symbol or 
#   doesn't exist.  Ignored.
### build\compilers\GC\3.0a5.2\mwldeppc.exe Linker Warning:
#   FORCEACTIVE symbol 'lbl_41_data_18D2C' is either not a global symbol or 
#   doesn't exist.  Ignored.
### build\compilers\GC\3.0a5.2\mwldeppc.exe Linker Warning:
#   FORCEACTIVE symbol 'lbl_41_data_197D4' is either not a global symbol or 
#   doesn't exist.  Ignored.
### build\compilers\GC\3.0a5.2\mwldeppc.exe Linker Warning:
#   FORCEACTIVE symbol 'lbl_41_data_197EC' is either not a global symbol or 
#   doesn't exist.  Ignored.
### build\compilers\GC\3.0a5.2\mwldeppc.exe Linker Warning:
#   FORCEACTIVE symbol 'lbl_41_data_19810' is either not a global symbol or 
#   doesn't exist.  Ignored.
### build\compilers\GC\3.0a5.2\mwldeppc.exe Linker Warning:
#   FORCEACTIVE symbol 'lbl_41_data_19837' is either not a global symbol or 
#   doesn't exist.  Ignored.
### build\compilers\GC\3.0a5.2\mwldeppc.exe Linker Warning:
#   FORCEACTIVE symbol 'lbl_41_data_19862' is either not a global symbol or 
#   doesn't exist.  Ignored.
### build\compilers\GC\3.0a5.2\mwldeppc.exe Linker Warning:
#   FORCEACTIVE symbol 'lbl_41_data_1A7FC' is either not a global symbol or 
#   doesn't exist.  Ignored.
### build\compilers\GC\3.0a5.2\mwldeppc.exe Linker Warning:
#   FORCEACTIVE symbol 'lbl_41_data_1A810' is either not a global symbol or 
#   doesn't exist.  Ignored.
### build\compilers\GC\3.0a5.2\mwldeppc.exe Linker Warning:
#   FORCEACTIVE symbol 'lbl_41_data_1B3F0' is either not a global symbol or 
#   doesn't exist.  Ignored.
### build\compilers\GC\3.0a5.2\mwldeppc.exe Linker Warning:
#   FORCEACTIVE symbol 'lbl_41_data_1B408' is either not a global symbol or 
#   doesn't exist.  Ignored.
### build\compilers\GC\3.0a5.2\mwldeppc.exe Linker Warning:
#   FORCEACTIVE symbol 'lbl_41_data_1C71C' is either not a global symbol or 
#   doesn't exist.  Ignored.
### build\compilers\GC\3.0a5.2\mwldeppc.exe Linker Warning:
#   FORCEACTIVE symbol 'lbl_41_data_1C738' is either not a global symbol or 
#   doesn't exist.  Ignored.
### build\compilers\GC\3.0a5.2\mwldeppc.exe Linker Warning:
#   FORCEACTIVE symbol 'lbl_41_data_1CA9C' is either not a global symbol or 
#   doesn't exist.  Ignored.
### build\compilers\GC\3.0a5.2\mwldeppc.exe Linker Warning:
#   FORCEACTIVE symbol 'lbl_41_data_1CAB8' is either not a global symbol or 
#   doesn't exist.  Ignored.
### build\compilers\GC\3.0a5.2\mwldeppc.exe Linker Warning:
#   FORCEACTIVE symbol 'lbl_41_data_1DE9C' is either not a global symbol or 
#   doesn't exist.  Ignored.
### build\compilers\GC\3.0a5.2\mwldeppc.exe Linker Warning:
#   FORCEACTIVE symbol 'lbl_41_data_1DEB4' is either not a global symbol or 
#   doesn't exist.  Ignored.
### build\compilers\GC\3.0a5.2\mwldeppc.exe Linker Warning:
#   FORCEACTIVE symbol 'lbl_41_data_1DED8' is either not a global symbol or 
#   doesn't exist.  Ignored.
### build\compilers\GC\3.0a5.2\mwldeppc.exe Linker Warning:
#   FORCEACTIVE symbol 'lbl_41_data_1DF02' is either not a global symbol or 
#   doesn't exist.  Ignored.
### build\compilers\GC\3.0a5.2\mwldeppc.exe Linker Warning:
#   FORCEACTIVE symbol 'lbl_41_data_1DF32' is either not a global symbol or 
#   doesn't exist.  Ignored.
### build\compilers\GC\3.0a5.2\mwldeppc.exe Linker Warning:
#   FORCEACTIVE symbol 'lbl_41_data_1DF58' is either not a global symbol or 
#   doesn't exist.  Ignored.
### build\compilers\GC\3.0a5.2\mwldeppc.exe Linker Warning:
#   FORCEACTIVE symbol 'lbl_41_data_1EAC0' is either not a global symbol or 
#   doesn't exist.  Ignored.
### build\compilers\GC\3.0a5.2\mwldeppc.exe Linker Warning:
#   FORCEACTIVE symbol 'lbl_41_data_1EADC' is either not a global symbol or 
#   doesn't exist.  Ignored.
### build\compilers\GC\3.0a5.2\mwldeppc.exe Linker Warning:
#   FORCEACTIVE symbol 'lbl_41_data_1FE04' is either not a global symbol or 
#   doesn't exist.  Ignored.
### build\compilers\GC\3.0a5.2\mwldeppc.exe Linker Warning:
#   FORCEACTIVE symbol 'lbl_41_data_1FE20' is either not a global symbol or 
#   doesn't exist.  Ignored.
### build\compilers\GC\3.0a5.2\mwldeppc.exe Linker Warning:
#   FORCEACTIVE symbol 'lbl_41_bss_38' is either not a global symbol or 
#   doesn't exist.  Ignored.
### build\compilers\GC\3.0a5.2\mwldeppc.exe Linker Warning:
#   FORCEACTIVE symbol 'lbl_41_bss_260' is either not a global symbol or 
#   doesn't exist.  Ignored.
### build\compilers\GC\3.0a5.2\mwldeppc.exe Linker Warning:
#   FORCEACTIVE symbol 'lbl_41_bss_2A8' is either not a global symbol or 
#   doesn't exist.  Ignored.
### build\compilers\GC\3.0a5.2\mwldeppc.exe Linker Warning:
#   FORCEACTIVE symbol 'lbl_41_bss_2C0' is either not a global symbol or 
#   doesn't exist.  Ignored.
### build\compilers\GC\3.0a5.2\mwldeppc.exe Linker Warning:
#   FORCEACTIVE symbol 'lbl_41_bss_2D8' is either not a global symbol or 
#   doesn't exist.  Ignored.
### build\compilers\GC\3.0a5.2\mwldeppc.exe Linker Warning:
#   FORCEACTIVE symbol 'lbl_41_bss_2F0' is either not a global symbol or 
#   doesn't exist.  Ignored.
### build\compilers\GC\3.0a5.2\mwldeppc.exe Linker Warning:
#   FORCEACTIVE symbol 'lbl_41_bss_2FC' is either not a global symbol or 
#   doesn't exist.  Ignored.
### build\compilers\GC\3.0a5.2\mwldeppc.exe Linker Warning:
#   FORCEACTIVE symbol 'lbl_41_bss_318' is either not a global symbol or 
#   doesn't exist.  Ignored.
### build\compilers\GC\3.0a5.2\mwldeppc.exe Linker Warning:
#   FORCEACTIVE symbol 'lbl_41_bss_330' is either not a global symbol or 
#   doesn't exist.  Ignored.
### build\compilers\GC\3.0a5.2\mwldeppc.exe Linker Warning:
#   FORCEACTIVE symbol 'lbl_41_bss_348' is either not a global symbol or 
#   doesn't exist.  Ignored.
### build\compilers\GC\3.0a5.2\mwldeppc.exe Linker Warning:
#   FORCEACTIVE symbol 'lbl_41_bss_370' is either not a global symbol or 
#   doesn't exist.  Ignored.
### build\compilers\GC\3.0a5.2\mwldeppc.exe Linker Warning:
#   FORCEACTIVE symbol 'lbl_41_bss_388' is either not a global symbol or 
#   doesn't exist.  Ignored.
### build\compilers\GC\3.0a5.2\mwldeppc.exe Linker Warning:
#   FORCEACTIVE symbol 'lbl_41_bss_3A0' is either not a global symbol or 
#   doesn't exist.  Ignored.
### build\compilers\GC\3.0a5.2\mwldeppc.exe Linker Warning:
#   FORCEACTIVE symbol 'lbl_41_bss_3B8' is either not a global symbol or 
#   doesn't exist.  Ignored.
### build\compilers\GC\3.0a5.2\mwldeppc.exe Linker Warning:
#   FORCEACTIVE symbol 'lbl_41_bss_3D0' is either not a global symbol or 
#   doesn't exist.  Ignored.
### build\compilers\GC\3.0a5.2\mwldeppc.exe Linker Warning:
#   FORCEACTIVE symbol 'lbl_41_bss_3E8' is either not a global symbol or 
#   doesn't exist.  Ignored.
### build\compilers\GC\3.0a5.2\mwldeppc.exe Linker Warning:
#   FORCEACTIVE symbol 'lbl_41_bss_410' is either not a global symbol or 
#   doesn't exist.  Ignored.
### build\compilers\GC\3.0a5.2\mwldeppc.exe Linker Warning:
#   FORCEACTIVE symbol 'lbl_41_bss_428' is either not a global symbol or 
#   doesn't exist.  Ignored.
### build\compilers\GC\3.0a5.2\mwldeppc.exe Linker Warning:
#   FORCEACTIVE symbol 'lbl_41_bss_440' is either not a global symbol or 
#   doesn't exist.  Ignored.
### build\compilers\GC\3.0a5.2\mwldeppc.exe Linker Warning:
#   FORCEACTIVE symbol 'lbl_41_bss_458' is either not a global symbol or 
#   doesn't exist.  Ignored.
### build\compilers\GC\3.0a5.2\mwldeppc.exe Linker Warning:
#   FORCEACTIVE symbol 'lbl_41_bss_538' is either not a global symbol or 
#   doesn't exist.  Ignored.
### build\compilers\GC\3.0a5.2\mwldeppc.exe Linker Warning:
#   FORCEACTIVE symbol 'lbl_41_bss_550' is either not a global symbol or 
#   doesn't exist.  Ignored.
### build\compilers\GC\3.0a5.2\mwldeppc.exe Linker Warning:
#   FORCEACTIVE symbol 'lbl_41_bss_568' is either not a global symbol or 
#   doesn't exist.  Ignored.
### build\compilers\GC\3.0a5.2\mwldeppc.exe Linker Warning:
#   FORCEACTIVE symbol 'lbl_41_bss_580' is either not a global symbol or 
#   doesn't exist.  Ignored.
### build\compilers\GC\3.0a5.2\mwldeppc.exe Linker Warning:
#   FORCEACTIVE symbol 'lbl_41_bss_598' is either not a global symbol or 
#   doesn't exist.  Ignored.
### build\compilers\GC\3.0a5.2\mwldeppc.exe Linker Warning:
#   FORCEACTIVE symbol 'lbl_41_bss_5B0' is either not a global symbol or 
#   doesn't exist.  Ignored.
### build\compilers\GC\3.0a5.2\mwldeppc.exe Linker Warning:
#   FORCEACTIVE symbol 'lbl_41_bss_5C8' is either not a global symbol or 
#   doesn't exist.  Ignored.
### build\compilers\GC\3.0a5.2\mwldeppc.exe Linker Warning:
#   FORCEACTIVE symbol 'lbl_41_bss_5E0' is either not a global symbol or 
#   doesn't exist.  Ignored.
### build\compilers\GC\3.0a5.2\mwldeppc.exe Linker Warning:
#   FORCEACTIVE symbol 'lbl_41_bss_5F8' is either not a global symbol or 
#   doesn't exist.  Ignored.
### build\compilers\GC\3.0a5.2\mwldeppc.exe Linker Warning:
#   FORCEACTIVE symbol 'lbl_41_bss_610' is either not a global symbol or 
#   doesn't exist.  Ignored.
### build\compilers\GC\3.0a5.2\mwldeppc.exe Linker Warning:
#   FORCEACTIVE symbol 'lbl_41_bss_628' is either not a global symbol or 
#   doesn't exist.  Ignored.
### build\compilers\GC\3.0a5.2\mwldeppc.exe Linker Warning:
#   FORCEACTIVE symbol 'lbl_41_bss_634' is either not a global symbol or 
#   doesn't exist.  Ignored.
### build\compilers\GC\3.0a5.2\mwldeppc.exe Linker Warning:
#   FORCEACTIVE symbol 'lbl_41_bss_640' is either not a global symbol or 
#   doesn't exist.  Ignored.
### build\compilers\GC\3.0a5.2\mwldeppc.exe Linker Warning:
#   FORCEACTIVE symbol 'lbl_41_bss_668' is either not a global symbol or 
#   doesn't exist.  Ignored.
### build\compilers\GC\3.0a5.2\mwldeppc.exe Linker Warning:
#   FORCEACTIVE symbol 'lbl_41_bss_680' is either not a global symbol or 
#   doesn't exist.  Ignored.
### build\compilers\GC\3.0a5.2\mwldeppc.exe Linker Warning:
#   FORCEACTIVE symbol 'lbl_41_bss_698' is either not a global symbol or 
#   doesn't exist.  Ignored.
### build\compilers\GC\3.0a5.2\mwldeppc.exe Linker Warning:
#   FORCEACTIVE symbol 'lbl_41_bss_6B0' is either not a global symbol or 
#   doesn't exist.  Ignored.
### build\compilers\GC\3.0a5.2\mwldeppc.exe Linker Warning:
#   FORCEACTIVE symbol 'lbl_41_bss_6C8' is either not a global symbol or 
#   doesn't exist.  Ignored.
### build\compilers\GC\3.0a5.2\mwldeppc.exe Linker Warning:
#   FORCEACTIVE symbol 'lbl_41_bss_6E0' is either not a global symbol or 
#   doesn't exist.  Ignored.
### build\compilers\GC\3.0a5.2\mwldeppc.exe Linker Warning:
#   FORCEACTIVE symbol 'lbl_41_bss_6F8' is either not a global symbol or 
#   doesn't exist.  Ignored.
### build\compilers\GC\3.0a5.2\mwldeppc.exe Linker Warning:
#   FORCEACTIVE symbol 'lbl_41_bss_710' is either not a global symbol or 
#   doesn't exist.  Ignored.
### build\compilers\GC\3.0a5.2\mwldeppc.exe Linker Warning:
#   FORCEACTIVE symbol 'lbl_41_bss_728' is either not a global symbol or 
#   doesn't exist.  Ignored.
### build\compilers\GC\3.0a5.2\mwldeppc.exe Linker Warning:
#   FORCEACTIVE symbol 'lbl_41_bss_740' is either not a global symbol or 
#   doesn't exist.  Ignored.
### build\compilers\GC\3.0a5.2\mwldeppc.exe Linker Warning:
#   FORCEACTIVE symbol 'lbl_41_bss_758' is either not a global symbol or 
#   doesn't exist.  Ignored.
### build\compilers\GC\3.0a5.2\mwldeppc.exe Linker Warning:
#   FORCEACTIVE symbol 'lbl_41_bss_770' is either not a global symbol or 
#   doesn't exist.  Ignored.
### build\compilers\GC\3.0a5.2\mwldeppc.exe Linker Warning:
#   FORCEACTIVE symbol 'lbl_41_bss_788' is either not a global symbol or 
#   doesn't exist.  Ignored.
### build\compilers\GC\3.0a5.2\mwldeppc.exe Linker Warning:
#   FORCEACTIVE symbol 'lbl_41_bss_7A0' is either not a global symbol or 
#   doesn't exist.  Ignored.
### build\compilers\GC\3.0a5.2\mwldeppc.exe Linker Warning:
#   FORCEACTIVE symbol 'lbl_41_bss_7B8' is either not a global symbol or 
#   doesn't exist.  Ignored.
### build\compilers\GC\3.0a5.2\mwldeppc.exe Linker Warning:
#   FORCEACTIVE symbol 'lbl_41_bss_7D0' is either not a global symbol or 
#   doesn't exist.  Ignored.
### build\compilers\GC\3.0a5.2\mwldeppc.exe Linker Warning:
#   FORCEACTIVE symbol 'lbl_41_bss_7E8' is either not a global symbol or 
#   doesn't exist.  Ignored.
### build\compilers\GC\3.0a5.2\mwldeppc.exe Linker Warning:
#   FORCEACTIVE symbol 'lbl_41_bss_800' is either not a global symbol or 
#   doesn't exist.  Ignored.
### build\compilers\GC\3.0a5.2\mwldeppc.exe Linker Warning:
#   FORCEACTIVE symbol 'lbl_41_bss_818' is either not a global symbol or 
#   doesn't exist.  Ignored.
### build\compilers\GC\3.0a5.2\mwldeppc.exe Linker Warning:
#   FORCEACTIVE symbol 'lbl_41_bss_830' is either not a global symbol or 
#   doesn't exist.  Ignored.
### build\compilers\GC\3.0a5.2\mwldeppc.exe Linker Warning:
#   FORCEACTIVE symbol 'lbl_41_bss_848' is either not a global symbol or 
#   doesn't exist.  Ignored.
[463/540] LINK build\RSBE01_01\ft_link\ft_link.plf
[464/540] LINK build\RSBE01_01\ft_donkey\ft_donkey.plf
[465/540] LINK build\RSBE01_01\ft_pikachu\ft_pikachu.plf
[466/540] LINK build\RSBE01_01\ft_yoshi\ft_yoshi.plf
[467/540] LINK build\RSBE01_01\ft_kirby\ft_kirby.plf
[468/540] LINK build\RSBE01_01\ft_luigi\ft_luigi.plf
### build\compilers\GC\3.0a5.2\mwldeppc.exe Linker Warning:
#   FORCEACTIVE symbol '__sinit_\ft_luigi_status_uniq_process_special_lw_cpp' 
#   is either not a global symbol or doesn't exist.  Ignored.
### build\compilers\GC\3.0a5.2\mwldeppc.exe Linker Warning:
#   FORCEACTIVE symbol 
#   '__sinit_\ft_luigi_status_uniq_process_special_s_ram_cpp' is either not a 
#   global symbol or doesn't exist.  Ignored.
### build\compilers\GC\3.0a5.2\mwldeppc.exe Linker Warning:
#   FORCEACTIVE symbol 
#   '__sinit_\ft_luigi_status_uniq_process_special_s_wall_cpp' is either not a 
#   global symbol or doesn't exist.  Ignored.
### build\compilers\GC\3.0a5.2\mwldeppc.exe Linker Warning:
#   FORCEACTIVE symbol 'lbl_99_rodata_28' is either not a global symbol or 
#   doesn't exist.  Ignored.
### build\compilers\GC\3.0a5.2\mwldeppc.exe Linker Warning:
#   FORCEACTIVE symbol 'lbl_99_rodata_30' is either not a global symbol or 
#   doesn't exist.  Ignored.
### build\compilers\GC\3.0a5.2\mwldeppc.exe Linker Warning:
#   FORCEACTIVE symbol 'lbl_99_rodata_34' is either not a global symbol or 
#   doesn't exist.  Ignored.
### build\compilers\GC\3.0a5.2\mwldeppc.exe Linker Warning:
#   FORCEACTIVE symbol 'lbl_99_rodata_38' is either not a global symbol or 
#   doesn't exist.  Ignored.
### build\compilers\GC\3.0a5.2\mwldeppc.exe Linker Warning:
#   FORCEACTIVE symbol 'lbl_99_rodata_40' is either not a global symbol or 
#   doesn't exist.  Ignored.
### build\compilers\GC\3.0a5.2\mwldeppc.exe Linker Warning:
#   FORCEACTIVE symbol 'lbl_99_data_63E8' is either not a global symbol or 
#   doesn't exist.  Ignored.
### build\compilers\GC\3.0a5.2\mwldeppc.exe Linker Warning:
#   FORCEACTIVE symbol 'lbl_99_data_640C' is either not a global symbol or 
#   doesn't exist.  Ignored.
### build\compilers\GC\3.0a5.2\mwldeppc.exe Linker Warning:
#   FORCEACTIVE symbol 'lbl_99_data_6420' is either not a global symbol or 
#   doesn't exist.  Ignored.
### build\compilers\GC\3.0a5.2\mwldeppc.exe Linker Warning:
#   FORCEACTIVE symbol 'lbl_99_data_6480' is either not a global symbol or 
#   doesn't exist.  Ignored.
### build\compilers\GC\3.0a5.2\mwldeppc.exe Linker Warning:
#   FORCEACTIVE symbol 'lbl_99_data_64A4' is either not a global symbol or 
#   doesn't exist.  Ignored.
### build\compilers\GC\3.0a5.2\mwldeppc.exe Linker Warning:
#   FORCEACTIVE symbol 'lbl_99_data_64B8' is either not a global symbol or 
#   doesn't exist.  Ignored.
### build\compilers\GC\3.0a5.2\mwldeppc.exe Linker Warning:
#   FORCEACTIVE symbol 'lbl_99_data_64D8' is either not a global symbol or 
#   doesn't exist.  Ignored.
### build\compilers\GC\3.0a5.2\mwldeppc.exe Linker Warning:
#   FORCEACTIVE symbol 'lbl_99_data_6544' is either not a global symbol or 
#   doesn't exist.  Ignored.
### build\compilers\GC\3.0a5.2\mwldeppc.exe Linker Warning:
#   FORCEACTIVE symbol 'lbl_99_data_656C' is either not a global symbol or 
#   doesn't exist.  Ignored.
### build\compilers\GC\3.0a5.2\mwldeppc.exe Linker Warning:
#   FORCEACTIVE symbol 'lbl_99_bss_1C0' is either not a global symbol or 
#   doesn't exist.  Ignored.
### build\compilers\GC\3.0a5.2\mwldeppc.exe Linker Warning:
#   FORCEACTIVE symbol 'lbl_99_bss_1D0' is either not a global symbol or 
#   doesn't exist.  Ignored.
### build\compilers\GC\3.0a5.2\mwldeppc.exe Linker Warning:
#   FORCEACTIVE symbol 'lbl_99_bss_1E0' is either not a global symbol or 
#   doesn't exist.  Ignored.
[469/540] LINK build\RSBE01_01\ft_mario\ft_mario.plf
### build\compilers\GC\3.0a5.2\mwldeppc.exe Linker Warning:
#   FORCEACTIVE symbol '__sinit_\ft_mario_status_uniq_process_special_n_cpp' 
#   is either not a global symbol or doesn't exist.  Ignored.
### build\compilers\GC\3.0a5.2\mwldeppc.exe Linker Warning:
#   FORCEACTIVE symbol 
#   '__sinit_\ft_mario_status_uniq_process_special_lw_shoot_cpp' is either not 
#   a global symbol or doesn't exist.  Ignored.
### build\compilers\GC\3.0a5.2\mwldeppc.exe Linker Warning:
#   FORCEACTIVE symbol '__sinit_\ft_mario_status_uniq_process_special_s_cpp' 
#   is either not a global symbol or doesn't exist.  Ignored.
### build\compilers\GC\3.0a5.2\mwldeppc.exe Linker Warning:
#   FORCEACTIVE symbol 'lbl_91_rodata_18' is either not a global symbol or 
#   doesn't exist.  Ignored.
### build\compilers\GC\3.0a5.2\mwldeppc.exe Linker Warning:
#   FORCEACTIVE symbol 'lbl_91_rodata_20' is either not a global symbol or 
#   doesn't exist.  Ignored.
### build\compilers\GC\3.0a5.2\mwldeppc.exe Linker Warning:
#   FORCEACTIVE symbol 'lbl_91_rodata_28' is either not a global symbol or 
#   doesn't exist.  Ignored.
### build\compilers\GC\3.0a5.2\mwldeppc.exe Linker Warning:
#   FORCEACTIVE symbol 'lbl_91_data_7750' is either not a global symbol or 
#   doesn't exist.  Ignored.
### build\compilers\GC\3.0a5.2\mwldeppc.exe Linker Warning:
#   FORCEACTIVE symbol 'lbl_91_data_7774' is either not a global symbol or 
#   doesn't exist.  Ignored.
### build\compilers\GC\3.0a5.2\mwldeppc.exe Linker Warning:
#   FORCEACTIVE symbol 'lbl_91_data_7788' is either not a global symbol or 
#   doesn't exist.  Ignored.
### build\compilers\GC\3.0a5.2\mwldeppc.exe Linker Warning:
#   FORCEACTIVE symbol 'lbl_91_data_77E8' is either not a global symbol or 
#   doesn't exist.  Ignored.
### build\compilers\GC\3.0a5.2\mwldeppc.exe Linker Warning:
#   FORCEACTIVE symbol 'lbl_91_data_7810' is either not a global symbol or 
#   doesn't exist.  Ignored.
### build\compilers\GC\3.0a5.2\mwldeppc.exe Linker Warning:
#   FORCEACTIVE symbol 'lbl_91_data_7828' is either not a global symbol or 
#   doesn't exist.  Ignored.
### build\compilers\GC\3.0a5.2\mwldeppc.exe Linker Warning:
#   FORCEACTIVE symbol 'lbl_91_data_7840' is either not a global symbol or 
#   doesn't exist.  Ignored.
### build\compilers\GC\3.0a5.2\mwldeppc.exe Linker Warning:
#   FORCEACTIVE symbol 'lbl_91_data_78AC' is either not a global symbol or 
#   doesn't exist.  Ignored.
### build\compilers\GC\3.0a5.2\mwldeppc.exe Linker Warning:
#   FORCEACTIVE symbol 'lbl_91_data_78D0' is either not a global symbol or 
#   doesn't exist.  Ignored.
### build\compilers\GC\3.0a5.2\mwldeppc.exe Linker Warning:
#   FORCEACTIVE symbol 'lbl_91_bss_1D8' is either not a global symbol or 
#   doesn't exist.  Ignored.
### build\compilers\GC\3.0a5.2\mwldeppc.exe Linker Warning:
#   FORCEACTIVE symbol 'lbl_91_bss_1E8' is either not a global symbol or 
#   doesn't exist.  Ignored.
### build\compilers\GC\3.0a5.2\mwldeppc.exe Linker Warning:
#   FORCEACTIVE symbol 'lbl_91_bss_1F8' is either not a global symbol or 
#   doesn't exist.  Ignored.
[470/540] LINK build\RSBE01_01\ft_peach\ft_peach.plf
[471/540] LINK build\RSBE01_01\ft_fox\ft_fox.plf
[472/540] LINK build\RSBE01_01\ft_samus\ft_samus.plf
[473/540] LINK build\RSBE01_01\ft_koopa\ft_koopa.plf
[474/540] LINK build\RSBE01_01\ft_ness\ft_ness.plf
### build\compilers\GC\3.0a5.2\mwldeppc.exe Linker Warning:
#   FORCEACTIVE symbol 
#   '__sinit_\ft_ness_status_uniq_process_attack_hi4_start_cpp' is either not 
#   a global symbol or doesn't exist.  Ignored.
### build\compilers\GC\3.0a5.2\mwldeppc.exe Linker Warning:
#   FORCEACTIVE symbol '__sinit_\ft_ness_status_uniq_process_attack_hi4_cpp' 
#   is either not a global symbol or doesn't exist.  Ignored.
### build\compilers\GC\3.0a5.2\mwldeppc.exe Linker Warning:
#   FORCEACTIVE symbol '__sinit_\ft_ness_status_uniq_process_attack_s4_cpp' is 
#   either not a global symbol or doesn't exist.  Ignored.
### build\compilers\GC\3.0a5.2\mwldeppc.exe Linker Warning:
#   FORCEACTIVE symbol '__sinit_\ft_ness_status_uniq_process_special_s_cpp' is 
#   either not a global symbol or doesn't exist.  Ignored.
### build\compilers\GC\3.0a5.2\mwldeppc.exe Linker Warning:
#   FORCEACTIVE symbol '__sinit_\ft_ness_status_uniq_process_special_hi_cpp' 
#   is either not a global symbol or doesn't exist.  Ignored.
### build\compilers\GC\3.0a5.2\mwldeppc.exe Linker Warning:
#   FORCEACTIVE symbol 
#   '__sinit_\ft_ness_status_uniq_process_special_hi_reflect_cpp' is either 
#   not a global symbol or doesn't exist.  Ignored.
### build\compilers\GC\3.0a5.2\mwldeppc.exe Linker Warning:
#   FORCEACTIVE symbol '__sinit_\ft_ness_status_uniq_process_special_lw_cpp' 
#   is either not a global symbol or doesn't exist.  Ignored.
### build\compilers\GC\3.0a5.2\mwldeppc.exe Linker Warning:
#   FORCEACTIVE symbol 
#   '__sinit_\ft_ness_status_uniq_process_special_lw_hold_cpp' is either not a 
#   global symbol or doesn't exist.  Ignored.
### build\compilers\GC\3.0a5.2\mwldeppc.exe Linker Warning:
#   FORCEACTIVE symbol 'lbl_101_rodata_28' is either not a global symbol or 
#   doesn't exist.  Ignored.
### build\compilers\GC\3.0a5.2\mwldeppc.exe Linker Warning:
#   FORCEACTIVE symbol 'lbl_101_rodata_30' is either not a global symbol or 
#   doesn't exist.  Ignored.
### build\compilers\GC\3.0a5.2\mwldeppc.exe Linker Warning:
#   FORCEACTIVE symbol 'lbl_101_rodata_88' is either not a global symbol or 
#   doesn't exist.  Ignored.
### build\compilers\GC\3.0a5.2\mwldeppc.exe Linker Warning:
#   FORCEACTIVE symbol 'lbl_101_rodata_90' is either not a global symbol or 
#   doesn't exist.  Ignored.
### build\compilers\GC\3.0a5.2\mwldeppc.exe Linker Warning:
#   FORCEACTIVE symbol 'lbl_101_data_8930' is either not a global symbol or 
#   doesn't exist.  Ignored.
### build\compilers\GC\3.0a5.2\mwldeppc.exe Linker Warning:
#   FORCEACTIVE symbol 'lbl_101_data_8958' is either not a global symbol or 
#   doesn't exist.  Ignored.
### build\compilers\GC\3.0a5.2\mwldeppc.exe Linker Warning:
#   FORCEACTIVE symbol 'lbl_101_data_896C' is either not a global symbol or 
#   doesn't exist.  Ignored.
### build\compilers\GC\3.0a5.2\mwldeppc.exe Linker Warning:
#   FORCEACTIVE symbol 'lbl_101_data_89C8' is either not a global symbol or 
#   doesn't exist.  Ignored.
### build\compilers\GC\3.0a5.2\mwldeppc.exe Linker Warning:
#   FORCEACTIVE symbol 'lbl_101_data_89EC' is either not a global symbol or 
#   doesn't exist.  Ignored.
### build\compilers\GC\3.0a5.2\mwldeppc.exe Linker Warning:
#   FORCEACTIVE symbol 'lbl_101_data_8A08' is either not a global symbol or 
#   doesn't exist.  Ignored.
### build\compilers\GC\3.0a5.2\mwldeppc.exe Linker Warning:
#   FORCEACTIVE symbol 'lbl_101_data_8A28' is either not a global symbol or 
#   doesn't exist.  Ignored.
### build\compilers\GC\3.0a5.2\mwldeppc.exe Linker Warning:
#   FORCEACTIVE symbol 'lbl_101_data_8A80' is either not a global symbol or 
#   doesn't exist.  Ignored.
### build\compilers\GC\3.0a5.2\mwldeppc.exe Linker Warning:
#   FORCEACTIVE symbol 'lbl_101_data_8AA0' is either not a global symbol or 
#   doesn't exist.  Ignored.
### build\compilers\GC\3.0a5.2\mwldeppc.exe Linker Warning:
#   FORCEACTIVE symbol 'lbl_101_data_8B00' is either not a global symbol or 
#   doesn't exist.  Ignored.
### build\compilers\GC\3.0a5.2\mwldeppc.exe Linker Warning:
#   FORCEACTIVE symbol 'lbl_101_data_8B20' is either not a global symbol or 
#   doesn't exist.  Ignored.
### build\compilers\GC\3.0a5.2\mwldeppc.exe Linker Warning:
#   FORCEACTIVE symbol 'lbl_101_data_8B78' is either not a global symbol or 
#   doesn't exist.  Ignored.
### build\compilers\GC\3.0a5.2\mwldeppc.exe Linker Warning:
#   FORCEACTIVE symbol 'lbl_101_data_8B9C' is either not a global symbol or 
#   doesn't exist.  Ignored.
### build\compilers\GC\3.0a5.2\mwldeppc.exe Linker Warning:
#   FORCEACTIVE symbol 'lbl_101_data_8CB0' is either not a global symbol or 
#   doesn't exist.  Ignored.
### build\compilers\GC\3.0a5.2\mwldeppc.exe Linker Warning:
#   FORCEACTIVE symbol 'lbl_101_data_8CD8' is either not a global symbol or 
#   doesn't exist.  Ignored.
### build\compilers\GC\3.0a5.2\mwldeppc.exe Linker Warning:
#   FORCEACTIVE symbol 'lbl_101_data_8D30' is either not a global symbol or 
#   doesn't exist.  Ignored.
### build\compilers\GC\3.0a5.2\mwldeppc.exe Linker Warning:
#   FORCEACTIVE symbol 'lbl_101_data_8D54' is either not a global symbol or 
#   doesn't exist.  Ignored.
### build\compilers\GC\3.0a5.2\mwldeppc.exe Linker Warning:
#   FORCEACTIVE symbol 'lbl_101_data_8DA8' is either not a global symbol or 
#   doesn't exist.  Ignored.
### build\compilers\GC\3.0a5.2\mwldeppc.exe Linker Warning:
#   FORCEACTIVE symbol 'lbl_101_data_8DD0' is either not a global symbol or 
#   doesn't exist.  Ignored.
### build\compilers\GC\3.0a5.2\mwldeppc.exe Linker Warning:
#   FORCEACTIVE symbol 'lbl_101_bss_1D0' is either not a global symbol or 
#   doesn't exist.  Ignored.
### build\compilers\GC\3.0a5.2\mwldeppc.exe Linker Warning:
#   FORCEACTIVE symbol 'lbl_101_bss_1E0' is either not a global symbol or 
#   doesn't exist.  Ignored.
### build\compilers\GC\3.0a5.2\mwldeppc.exe Linker Warning:
#   FORCEACTIVE symbol 'lbl_101_bss_1F0' is either not a global symbol or 
#   doesn't exist.  Ignored.
### build\compilers\GC\3.0a5.2\mwldeppc.exe Linker Warning:
#   FORCEACTIVE symbol 'lbl_101_bss_200' is either not a global symbol or 
#   doesn't exist.  Ignored.
### build\compilers\GC\3.0a5.2\mwldeppc.exe Linker Warning:
#   FORCEACTIVE symbol 'lbl_101_bss_210' is either not a global symbol or 
#   doesn't exist.  Ignored.
### build\compilers\GC\3.0a5.2\mwldeppc.exe Linker Warning:
#   FORCEACTIVE symbol 'lbl_101_bss_230' is either not a global symbol or 
#   doesn't exist.  Ignored.
### build\compilers\GC\3.0a5.2\mwldeppc.exe Linker Warning:
#   FORCEACTIVE symbol 'lbl_101_bss_240' is either not a global symbol or 
#   doesn't exist.  Ignored.
### build\compilers\GC\3.0a5.2\mwldeppc.exe Linker Warning:
#   FORCEACTIVE symbol 'lbl_101_bss_250' is either not a global symbol or 
#   doesn't exist.  Ignored.
[475/540] LINK build\RSBE01_01\ft_marth\ft_marth.plf
### build\compilers\GC\3.0a5.2\mwldeppc.exe Linker Warning:
#   FORCEACTIVE symbol '__sinit_\ft_marth_status_uniq_process_special_s_cpp' 
#   is either not a global symbol or doesn't exist.  Ignored.
### build\compilers\GC\3.0a5.2\mwldeppc.exe Linker Warning:
#   FORCEACTIVE symbol '__sinit_\ft_marth_status_uniq_process_special_lw_cpp' 
#   is either not a global symbol or doesn't exist.  Ignored.
### build\compilers\GC\3.0a5.2\mwldeppc.exe Linker Warning:
#   FORCEACTIVE symbol 'lbl_106_rodata_20' is either not a global symbol or 
#   doesn't exist.  Ignored.
### build\compilers\GC\3.0a5.2\mwldeppc.exe Linker Warning:
#   FORCEACTIVE symbol 'lbl_106_rodata_38' is either not a global symbol or 
#   doesn't exist.  Ignored.
### build\compilers\GC\3.0a5.2\mwldeppc.exe Linker Warning:
#   FORCEACTIVE symbol 'lbl_106_data_5410' is either not a global symbol or 
#   doesn't exist.  Ignored.
### build\compilers\GC\3.0a5.2\mwldeppc.exe Linker Warning:
#   FORCEACTIVE symbol 'lbl_106_data_5428' is either not a global symbol or 
#   doesn't exist.  Ignored.
### build\compilers\GC\3.0a5.2\mwldeppc.exe Linker Warning:
#   FORCEACTIVE symbol 'lbl_106_data_5494' is either not a global symbol or 
#   doesn't exist.  Ignored.
### build\compilers\GC\3.0a5.2\mwldeppc.exe Linker Warning:
#   FORCEACTIVE symbol 'lbl_106_data_54B8' is either not a global symbol or 
#   doesn't exist.  Ignored.
### build\compilers\GC\3.0a5.2\mwldeppc.exe Linker Warning:
#   FORCEACTIVE symbol 'lbl_106_data_54CC' is either not a global symbol or 
#   doesn't exist.  Ignored.
### build\compilers\GC\3.0a5.2\mwldeppc.exe Linker Warning:
#   FORCEACTIVE symbol 'lbl_106_data_5640' is either not a global symbol or 
#   doesn't exist.  Ignored.
### build\compilers\GC\3.0a5.2\mwldeppc.exe Linker Warning:
#   FORCEACTIVE symbol 'lbl_106_data_5664' is either not a global symbol or 
#   doesn't exist.  Ignored.
### build\compilers\GC\3.0a5.2\mwldeppc.exe Linker Warning:
#   FORCEACTIVE symbol 'lbl_106_bss_198' is either not a global symbol or 
#   doesn't exist.  Ignored.
### build\compilers\GC\3.0a5.2\mwldeppc.exe Linker Warning:
#   FORCEACTIVE symbol 'lbl_106_bss_1B8' is either not a global symbol or 
#   doesn't exist.  Ignored.
[476/540] LINK build\RSBE01_01\ft_captain\ft_captain.plf
[477/540] LINK build\RSBE01_01\ft_falco\ft_falco.plf
[478/540] LINK build\RSBE01_01\ft_iceclimber\ft_iceclimber.plf
[479/540] LINK build\RSBE01_01\ft_gamewatch\ft_gamewatch.plf
[480/540] LINK build\RSBE01_01\ft_ganon\ft_ganon.plf
[481/540] LINK build\RSBE01_01\ft_pikmin\ft_pikmin.plf
[482/540] LINK build\RSBE01_01\ft_lucario\ft_lucario.plf
[483/540] LINK build\RSBE01_01\ft_poke\ft_poke.plf
[484/540] LINK build\RSBE01_01\ft_wario\ft_wario.plf
[485/540] LINK build\RSBE01_01\ft_diddy\ft_diddy.plf
[486/540] LINK build\RSBE01_01\ft_ike\ft_ike.plf
[487/540] LINK build\RSBE01_01\ft_dedede\ft_dedede.plf
[488/540] LINK build\RSBE01_01\ft_robot\ft_robot.plf
[489/540] LINK build\RSBE01_01\ft_pit\ft_pit.plf
### build\compilers\GC\3.0a5.2\mwldeppc.exe Linker Warning:
#   FORCEACTIVE symbol 
#   '__sinit_\ft_pit_status_uniq_process_special_s_revolve_cpp' is either not 
#   a global symbol or doesn't exist.  Ignored.
### build\compilers\GC\3.0a5.2\mwldeppc.exe Linker Warning:
#   FORCEACTIVE symbol 
#   '__sinit_\ft_pit_status_uniq_process_special_hi_fly_cpp' is either not a 
#   global symbol or doesn't exist.  Ignored.
### build\compilers\GC\3.0a5.2\mwldeppc.exe Linker Warning:
#   FORCEACTIVE symbol 
#   '__sinit_\ft_pit_status_uniq_process_special_lw_hold_cpp' is either not a 
#   global symbol or doesn't exist.  Ignored.
### build\compilers\GC\3.0a5.2\mwldeppc.exe Linker Warning:
#   FORCEACTIVE symbol 'lbl_112_rodata_20' is either not a global symbol or 
#   doesn't exist.  Ignored.
### build\compilers\GC\3.0a5.2\mwldeppc.exe Linker Warning:
#   FORCEACTIVE symbol 'lbl_112_rodata_24' is either not a global symbol or 
#   doesn't exist.  Ignored.
### build\compilers\GC\3.0a5.2\mwldeppc.exe Linker Warning:
#   FORCEACTIVE symbol 'lbl_112_data_6978' is either not a global symbol or 
#   doesn't exist.  Ignored.
### build\compilers\GC\3.0a5.2\mwldeppc.exe Linker Warning:
#   FORCEACTIVE symbol 'lbl_112_data_69A0' is either not a global symbol or 
#   doesn't exist.  Ignored.
### build\compilers\GC\3.0a5.2\mwldeppc.exe Linker Warning:
#   FORCEACTIVE symbol 'lbl_112_data_69B4' is either not a global symbol or 
#   doesn't exist.  Ignored.
### build\compilers\GC\3.0a5.2\mwldeppc.exe Linker Warning:
#   FORCEACTIVE symbol 'lbl_112_data_6A10' is either not a global symbol or 
#   doesn't exist.  Ignored.
### build\compilers\GC\3.0a5.2\mwldeppc.exe Linker Warning:
#   FORCEACTIVE symbol 'lbl_112_data_6A34' is either not a global symbol or 
#   doesn't exist.  Ignored.
### build\compilers\GC\3.0a5.2\mwldeppc.exe Linker Warning:
#   FORCEACTIVE symbol 'lbl_112_data_6A8C' is either not a global symbol or 
#   doesn't exist.  Ignored.
### build\compilers\GC\3.0a5.2\mwldeppc.exe Linker Warning:
#   FORCEACTIVE symbol 'lbl_112_data_6AB0' is either not a global symbol or 
#   doesn't exist.  Ignored.
### build\compilers\GC\3.0a5.2\mwldeppc.exe Linker Warning:
#   FORCEACTIVE symbol 'lbl_112_bss_1A0' is either not a global symbol or 
#   doesn't exist.  Ignored.
### build\compilers\GC\3.0a5.2\mwldeppc.exe Linker Warning:
#   FORCEACTIVE symbol 'lbl_112_bss_1B0' is either not a global symbol or 
#   doesn't exist.  Ignored.
### build\compilers\GC\3.0a5.2\mwldeppc.exe Linker Warning:
#   FORCEACTIVE symbol 'lbl_112_bss_1C0' is either not a global symbol or 
#   doesn't exist.  Ignored.
[490/540] LINK build\RSBE01_01\ft_metaknight\ft_metaknight.plf
### build\compilers\GC\3.0a5.2\mwldeppc.exe Linker Warning:
#   FORCEACTIVE symbol 
#   '__sinit_\ft_metaknight_status_uniq_process_special_s_rush_cpp' is either 
#   not a global symbol or doesn't exist.  Ignored.
### build\compilers\GC\3.0a5.2\mwldeppc.exe Linker Warning:
#   FORCEACTIVE symbol 
#   '__sinit_\ft_metaknight_status_uniq_process_special_s_end_cpp' is either 
#   not a global symbol or doesn't exist.  Ignored.
### build\compilers\GC\3.0a5.2\mwldeppc.exe Linker Warning:
#   FORCEACTIVE symbol 'lbl_111_rodata_10' is either not a global symbol or 
#   doesn't exist.  Ignored.
### build\compilers\GC\3.0a5.2\mwldeppc.exe Linker Warning:
#   FORCEACTIVE symbol 'lbl_111_rodata_20' is either not a global symbol or 
#   doesn't exist.  Ignored.
### build\compilers\GC\3.0a5.2\mwldeppc.exe Linker Warning:
#   FORCEACTIVE symbol 'lbl_111_rodata_24' is either not a global symbol or 
#   doesn't exist.  Ignored.
### build\compilers\GC\3.0a5.2\mwldeppc.exe Linker Warning:
#   FORCEACTIVE symbol 'lbl_111_rodata_28' is either not a global symbol or 
#   doesn't exist.  Ignored.
### build\compilers\GC\3.0a5.2\mwldeppc.exe Linker Warning:
#   FORCEACTIVE symbol 'lbl_111_data_5D70' is either not a global symbol or 
#   doesn't exist.  Ignored.
### build\compilers\GC\3.0a5.2\mwldeppc.exe Linker Warning:
#   FORCEACTIVE symbol 'lbl_111_data_5D9C' is either not a global symbol or 
#   doesn't exist.  Ignored.
### build\compilers\GC\3.0a5.2\mwldeppc.exe Linker Warning:
#   FORCEACTIVE symbol 'lbl_111_data_5DB0' is either not a global symbol or 
#   doesn't exist.  Ignored.
### build\compilers\GC\3.0a5.2\mwldeppc.exe Linker Warning:
#   FORCEACTIVE symbol 'lbl_111_data_5E10' is either not a global symbol or 
#   doesn't exist.  Ignored.
### build\compilers\GC\3.0a5.2\mwldeppc.exe Linker Warning:
#   FORCEACTIVE symbol 'lbl_111_data_5E3C' is either not a global symbol or 
#   doesn't exist.  Ignored.
### build\compilers\GC\3.0a5.2\mwldeppc.exe Linker Warning:
#   FORCEACTIVE symbol 'lbl_111_bss_178' is either not a global symbol or 
#   doesn't exist.  Ignored.
### build\compilers\GC\3.0a5.2\mwldeppc.exe Linker Warning:
#   FORCEACTIVE symbol 'lbl_111_bss_188' is either not a global symbol or 
#   doesn't exist.  Ignored.
[491/540] LINK build\RSBE01_01\ft_lucas\ft_lucas.plf
### build\compilers\GC\3.0a5.2\mwldeppc.exe Linker Warning:
#   FORCEACTIVE symbol '__sinit_\ft_lucas_status_uniq_process_attack_s4_cpp' 
#   is either not a global symbol or doesn't exist.  Ignored.
### build\compilers\GC\3.0a5.2\mwldeppc.exe Linker Warning:
#   FORCEACTIVE symbol '__sinit_\ft_lucas_status_uniq_process_air_lasso_cpp' 
#   is either not a global symbol or doesn't exist.  Ignored.
### build\compilers\GC\3.0a5.2\mwldeppc.exe Linker Warning:
#   FORCEACTIVE symbol '__sinit_\ft_lucas_status_uniq_process_special_s_cpp' 
#   is either not a global symbol or doesn't exist.  Ignored.
### build\compilers\GC\3.0a5.2\mwldeppc.exe Linker Warning:
#   FORCEACTIVE symbol '__sinit_\ft_lucas_status_uniq_process_special_hi_cpp' 
#   is either not a global symbol or doesn't exist.  Ignored.
### build\compilers\GC\3.0a5.2\mwldeppc.exe Linker Warning:
#   FORCEACTIVE symbol 
#   '__sinit_\ft_lucas_status_uniq_process_special_hi_attack_end_cpp' is 
#   either not a global symbol or doesn't exist.  Ignored.
### build\compilers\GC\3.0a5.2\mwldeppc.exe Linker Warning:
#   FORCEACTIVE symbol 
#   '__sinit_\ft_lucas_status_uniq_process_special_hi_reflect_cpp' is either 
#   not a global symbol or doesn't exist.  Ignored.
### build\compilers\GC\3.0a5.2\mwldeppc.exe Linker Warning:
#   FORCEACTIVE symbol '__sinit_\ft_lucas_status_uniq_process_special_lw_cpp' 
#   is either not a global symbol or doesn't exist.  Ignored.
### build\compilers\GC\3.0a5.2\mwldeppc.exe Linker Warning:
#   FORCEACTIVE symbol 
#   '__sinit_\ft_lucas_status_uniq_process_special_lw_hold_cpp' is either not 
#   a global symbol or doesn't exist.  Ignored.
### build\compilers\GC\3.0a5.2\mwldeppc.exe Linker Warning:
#   FORCEACTIVE symbol 'lbl_114_rodata_28' is either not a global symbol or 
#   doesn't exist.  Ignored.
### build\compilers\GC\3.0a5.2\mwldeppc.exe Linker Warning:
#   FORCEACTIVE symbol 'lbl_114_rodata_2C' is either not a global symbol or 
#   doesn't exist.  Ignored.
### build\compilers\GC\3.0a5.2\mwldeppc.exe Linker Warning:
#   FORCEACTIVE symbol 'lbl_114_rodata_30' is either not a global symbol or 
#   doesn't exist.  Ignored.
### build\compilers\GC\3.0a5.2\mwldeppc.exe Linker Warning:
#   FORCEACTIVE symbol 'lbl_114_rodata_38' is either not a global symbol or 
#   doesn't exist.  Ignored.
### build\compilers\GC\3.0a5.2\mwldeppc.exe Linker Warning:
#   FORCEACTIVE symbol 'lbl_114_rodata_98' is either not a global symbol or 
#   doesn't exist.  Ignored.
### build\compilers\GC\3.0a5.2\mwldeppc.exe Linker Warning:
#   FORCEACTIVE symbol 'lbl_114_rodata_9C' is either not a global symbol or 
#   doesn't exist.  Ignored.
### build\compilers\GC\3.0a5.2\mwldeppc.exe Linker Warning:
#   FORCEACTIVE symbol 'lbl_114_rodata_A0' is either not a global symbol or 
#   doesn't exist.  Ignored.
### build\compilers\GC\3.0a5.2\mwldeppc.exe Linker Warning:
#   FORCEACTIVE symbol 'lbl_114_rodata_A8' is either not a global symbol or 
#   doesn't exist.  Ignored.
### build\compilers\GC\3.0a5.2\mwldeppc.exe Linker Warning:
#   FORCEACTIVE symbol 'lbl_114_rodata_B0' is either not a global symbol or 
#   doesn't exist.  Ignored.
### build\compilers\GC\3.0a5.2\mwldeppc.exe Linker Warning:
#   FORCEACTIVE symbol 'lbl_114_data_8128' is either not a global symbol or 
#   doesn't exist.  Ignored.
### build\compilers\GC\3.0a5.2\mwldeppc.exe Linker Warning:
#   FORCEACTIVE symbol 'lbl_114_data_814C' is either not a global symbol or 
#   doesn't exist.  Ignored.
### build\compilers\GC\3.0a5.2\mwldeppc.exe Linker Warning:
#   FORCEACTIVE symbol 'lbl_114_data_8168' is either not a global symbol or 
#   doesn't exist.  Ignored.
### build\compilers\GC\3.0a5.2\mwldeppc.exe Linker Warning:
#   FORCEACTIVE symbol 'lbl_114_data_8188' is either not a global symbol or 
#   doesn't exist.  Ignored.
### build\compilers\GC\3.0a5.2\mwldeppc.exe Linker Warning:
#   FORCEACTIVE symbol 'lbl_114_data_819C' is either not a global symbol or 
#   doesn't exist.  Ignored.
### build\compilers\GC\3.0a5.2\mwldeppc.exe Linker Warning:
#   FORCEACTIVE symbol 'lbl_114_data_81F8' is either not a global symbol or 
#   doesn't exist.  Ignored.
### build\compilers\GC\3.0a5.2\mwldeppc.exe Linker Warning:
#   FORCEACTIVE symbol 'lbl_114_data_821C' is either not a global symbol or 
#   doesn't exist.  Ignored.
### build\compilers\GC\3.0a5.2\mwldeppc.exe Linker Warning:
#   FORCEACTIVE symbol 'lbl_114_data_8238' is either not a global symbol or 
#   doesn't exist.  Ignored.
### build\compilers\GC\3.0a5.2\mwldeppc.exe Linker Warning:
#   FORCEACTIVE symbol 'lbl_114_data_8254' is either not a global symbol or 
#   doesn't exist.  Ignored.
### build\compilers\GC\3.0a5.2\mwldeppc.exe Linker Warning:
#   FORCEACTIVE symbol 'lbl_114_data_82A8' is either not a global symbol or 
#   doesn't exist.  Ignored.
### build\compilers\GC\3.0a5.2\mwldeppc.exe Linker Warning:
#   FORCEACTIVE symbol 'lbl_114_data_82CC' is either not a global symbol or 
#   doesn't exist.  Ignored.
### build\compilers\GC\3.0a5.2\mwldeppc.exe Linker Warning:
#   FORCEACTIVE symbol 'lbl_114_data_8320' is either not a global symbol or 
#   doesn't exist.  Ignored.
### build\compilers\GC\3.0a5.2\mwldeppc.exe Linker Warning:
#   FORCEACTIVE symbol 'lbl_114_data_8344' is either not a global symbol or 
#   doesn't exist.  Ignored.
### build\compilers\GC\3.0a5.2\mwldeppc.exe Linker Warning:
#   FORCEACTIVE symbol 'lbl_114_data_8418' is either not a global symbol or 
#   doesn't exist.  Ignored.
### build\compilers\GC\3.0a5.2\mwldeppc.exe Linker Warning:
#   FORCEACTIVE symbol 'lbl_114_data_842C' is either not a global symbol or 
#   doesn't exist.  Ignored.
### build\compilers\GC\3.0a5.2\mwldeppc.exe Linker Warning:
#   FORCEACTIVE symbol 'lbl_114_data_8468' is either not a global symbol or 
#   doesn't exist.  Ignored.
### build\compilers\GC\3.0a5.2\mwldeppc.exe Linker Warning:
#   FORCEACTIVE symbol 'lbl_114_data_8498' is either not a global symbol or 
#   doesn't exist.  Ignored.
### build\compilers\GC\3.0a5.2\mwldeppc.exe Linker Warning:
#   FORCEACTIVE symbol 'lbl_114_data_84AC' is either not a global symbol or 
#   doesn't exist.  Ignored.
### build\compilers\GC\3.0a5.2\mwldeppc.exe Linker Warning:
#   FORCEACTIVE symbol 'lbl_114_data_84C8' is either not a global symbol or 
#   doesn't exist.  Ignored.
### build\compilers\GC\3.0a5.2\mwldeppc.exe Linker Warning:
#   FORCEACTIVE symbol 'lbl_114_data_84D8' is either not a global symbol or 
#   doesn't exist.  Ignored.
### build\compilers\GC\3.0a5.2\mwldeppc.exe Linker Warning:
#   FORCEACTIVE symbol 'lbl_114_data_852C' is either not a global symbol or 
#   doesn't exist.  Ignored.
### build\compilers\GC\3.0a5.2\mwldeppc.exe Linker Warning:
#   FORCEACTIVE symbol 'lbl_114_data_8558' is either not a global symbol or 
#   doesn't exist.  Ignored.
### build\compilers\GC\3.0a5.2\mwldeppc.exe Linker Warning:
#   FORCEACTIVE symbol 'lbl_114_data_85B0' is either not a global symbol or 
#   doesn't exist.  Ignored.
### build\compilers\GC\3.0a5.2\mwldeppc.exe Linker Warning:
#   FORCEACTIVE symbol 'lbl_114_data_85DC' is either not a global symbol or 
#   doesn't exist.  Ignored.
### build\compilers\GC\3.0a5.2\mwldeppc.exe Linker Warning:
#   FORCEACTIVE symbol 'lbl_114_data_8630' is either not a global symbol or 
#   doesn't exist.  Ignored.
### build\compilers\GC\3.0a5.2\mwldeppc.exe Linker Warning:
#   FORCEACTIVE symbol 'lbl_114_data_8654' is either not a global symbol or 
#   doesn't exist.  Ignored.
### build\compilers\GC\3.0a5.2\mwldeppc.exe Linker Warning:
#   FORCEACTIVE symbol 'lbl_114_data_86A8' is either not a global symbol or 
#   doesn't exist.  Ignored.
### build\compilers\GC\3.0a5.2\mwldeppc.exe Linker Warning:
#   FORCEACTIVE symbol 'lbl_114_data_86D0' is either not a global symbol or 
#   doesn't exist.  Ignored.
### build\compilers\GC\3.0a5.2\mwldeppc.exe Linker Warning:
#   FORCEACTIVE symbol 'lbl_114_bss_1D0' is either not a global symbol or 
#   doesn't exist.  Ignored.
### build\compilers\GC\3.0a5.2\mwldeppc.exe Linker Warning:
#   FORCEACTIVE symbol 'lbl_114_bss_1E0' is either not a global symbol or 
#   doesn't exist.  Ignored.
### build\compilers\GC\3.0a5.2\mwldeppc.exe Linker Warning:
#   FORCEACTIVE symbol 'lbl_114_bss_1F0' is either not a global symbol or 
#   doesn't exist.  Ignored.
### build\compilers\GC\3.0a5.2\mwldeppc.exe Linker Warning:
#   FORCEACTIVE symbol 'lbl_114_bss_200' is either not a global symbol or 
#   doesn't exist.  Ignored.
### build\compilers\GC\3.0a5.2\mwldeppc.exe Linker Warning:
#   FORCEACTIVE symbol 'lbl_114_bss_220' is either not a global symbol or 
#   doesn't exist.  Ignored.
### build\compilers\GC\3.0a5.2\mwldeppc.exe Linker Warning:
#   FORCEACTIVE symbol 'lbl_114_bss_230' is either not a global symbol or 
#   doesn't exist.  Ignored.
### build\compilers\GC\3.0a5.2\mwldeppc.exe Linker Warning:
#   FORCEACTIVE symbol 'lbl_114_bss_240' is either not a global symbol or 
#   doesn't exist.  Ignored.
### build\compilers\GC\3.0a5.2\mwldeppc.exe Linker Warning:
#   FORCEACTIVE symbol 'lbl_114_bss_250' is either not a global symbol or 
#   doesn't exist.  Ignored.
[492/540] LINK build\RSBE01_01\ft_zelda\ft_zelda.plf
### build\compilers\GC\3.0a5.2\mwldeppc.exe Linker Warning:
#   FORCEACTIVE symbol '__sinit_\ft_zelda_status_uniq_process_special_s_cpp' 
#   is either not a global symbol or doesn't exist.  Ignored.
### build\compilers\GC\3.0a5.2\mwldeppc.exe Linker Warning:
#   FORCEACTIVE symbol '__sinit_\ft_zelda_status_uniq_process_special_hi_cpp' 
#   is either not a global symbol or doesn't exist.  Ignored.
### build\compilers\GC\3.0a5.2\mwldeppc.exe Linker Warning:
#   FORCEACTIVE symbol '__sinit_\ft_zelda_status_uniq_process_special_hi2_cpp' 
#   is either not a global symbol or doesn't exist.  Ignored.
### build\compilers\GC\3.0a5.2\mwldeppc.exe Linker Warning:
#   FORCEACTIVE symbol '__sinit_\ft_zelda_status_uniq_process_special_hi3_cpp' 
#   is either not a global symbol or doesn't exist.  Ignored.
### build\compilers\GC\3.0a5.2\mwldeppc.exe Linker Warning:
#   FORCEACTIVE symbol '__sinit_\ft_zelda_status_uniq_process_special_lw_cpp' 
#   is either not a global symbol or doesn't exist.  Ignored.
### build\compilers\GC\3.0a5.2\mwldeppc.exe Linker Warning:
#   FORCEACTIVE symbol '__sinit_\ft_zelda_status_uniq_process_final_cpp' is 
#   either not a global symbol or doesn't exist.  Ignored.
### build\compilers\GC\3.0a5.2\mwldeppc.exe Linker Warning:
#   FORCEACTIVE symbol 'lbl_104_rodata_18' is either not a global symbol or 
#   doesn't exist.  Ignored.
### build\compilers\GC\3.0a5.2\mwldeppc.exe Linker Warning:
#   FORCEACTIVE symbol 'lbl_104_rodata_20' is either not a global symbol or 
#   doesn't exist.  Ignored.
### build\compilers\GC\3.0a5.2\mwldeppc.exe Linker Warning:
#   FORCEACTIVE symbol 'lbl_104_rodata_3C' is either not a global symbol or 
#   doesn't exist.  Ignored.
### build\compilers\GC\3.0a5.2\mwldeppc.exe Linker Warning:
#   FORCEACTIVE symbol 'lbl_104_rodata_40' is either not a global symbol or 
#   doesn't exist.  Ignored.
### build\compilers\GC\3.0a5.2\mwldeppc.exe Linker Warning:
#   FORCEACTIVE symbol 'lbl_104_rodata_48' is either not a global symbol or 
#   doesn't exist.  Ignored.
### build\compilers\GC\3.0a5.2\mwldeppc.exe Linker Warning:
#   FORCEACTIVE symbol 'lbl_104_rodata_50' is either not a global symbol or 
#   doesn't exist.  Ignored.
### build\compilers\GC\3.0a5.2\mwldeppc.exe Linker Warning:
#   FORCEACTIVE symbol 'lbl_104_rodata_54' is either not a global symbol or 
#   doesn't exist.  Ignored.
### build\compilers\GC\3.0a5.2\mwldeppc.exe Linker Warning:
#   FORCEACTIVE symbol 'lbl_104_rodata_58' is either not a global symbol or 
#   doesn't exist.  Ignored.
### build\compilers\GC\3.0a5.2\mwldeppc.exe Linker Warning:
#   FORCEACTIVE symbol 'lbl_104_rodata_60' is either not a global symbol or 
#   doesn't exist.  Ignored.
### build\compilers\GC\3.0a5.2\mwldeppc.exe Linker Warning:
#   FORCEACTIVE symbol 'lbl_104_rodata_64' is either not a global symbol or 
#   doesn't exist.  Ignored.
### build\compilers\GC\3.0a5.2\mwldeppc.exe Linker Warning:
#   FORCEACTIVE symbol 'lbl_104_rodata_68' is either not a global symbol or 
#   doesn't exist.  Ignored.
### build\compilers\GC\3.0a5.2\mwldeppc.exe Linker Warning:
#   FORCEACTIVE symbol 'lbl_104_data_7220' is either not a global symbol or 
#   doesn't exist.  Ignored.
### build\compilers\GC\3.0a5.2\mwldeppc.exe Linker Warning:
#   FORCEACTIVE symbol 'lbl_104_data_7244' is either not a global symbol or 
#   doesn't exist.  Ignored.
### build\compilers\GC\3.0a5.2\mwldeppc.exe Linker Warning:
#   FORCEACTIVE symbol 'lbl_104_data_7258' is either not a global symbol or 
#   doesn't exist.  Ignored.
### build\compilers\GC\3.0a5.2\mwldeppc.exe Linker Warning:
#   FORCEACTIVE symbol 'lbl_104_data_7278' is either not a global symbol or 
#   doesn't exist.  Ignored.
### build\compilers\GC\3.0a5.2\mwldeppc.exe Linker Warning:
#   FORCEACTIVE symbol 'lbl_104_data_7290' is either not a global symbol or 
#   doesn't exist.  Ignored.
### build\compilers\GC\3.0a5.2\mwldeppc.exe Linker Warning:
#   FORCEACTIVE symbol 'lbl_104_data_72FC' is either not a global symbol or 
#   doesn't exist.  Ignored.
### build\compilers\GC\3.0a5.2\mwldeppc.exe Linker Warning:
#   FORCEACTIVE symbol 'lbl_104_data_7320' is either not a global symbol or 
#   doesn't exist.  Ignored.
### build\compilers\GC\3.0a5.2\mwldeppc.exe Linker Warning:
#   FORCEACTIVE symbol 'lbl_104_data_7378' is either not a global symbol or 
#   doesn't exist.  Ignored.
### build\compilers\GC\3.0a5.2\mwldeppc.exe Linker Warning:
#   FORCEACTIVE symbol 'lbl_104_data_739C' is either not a global symbol or 
#   doesn't exist.  Ignored.
### build\compilers\GC\3.0a5.2\mwldeppc.exe Linker Warning:
#   FORCEACTIVE symbol 'lbl_104_data_73F0' is either not a global symbol or 
#   doesn't exist.  Ignored.
### build\compilers\GC\3.0a5.2\mwldeppc.exe Linker Warning:
#   FORCEACTIVE symbol 'lbl_104_data_7414' is either not a global symbol or 
#   doesn't exist.  Ignored.
### build\compilers\GC\3.0a5.2\mwldeppc.exe Linker Warning:
#   FORCEACTIVE symbol 'lbl_104_data_7468' is either not a global symbol or 
#   doesn't exist.  Ignored.
### build\compilers\GC\3.0a5.2\mwldeppc.exe Linker Warning:
#   FORCEACTIVE symbol 'lbl_104_data_748C' is either not a global symbol or 
#   doesn't exist.  Ignored.
### build\compilers\GC\3.0a5.2\mwldeppc.exe Linker Warning:
#   FORCEACTIVE symbol 'lbl_104_data_74E0' is either not a global symbol or 
#   doesn't exist.  Ignored.
### build\compilers\GC\3.0a5.2\mwldeppc.exe Linker Warning:
#   FORCEACTIVE symbol 'lbl_104_data_7500' is either not a global symbol or 
#   doesn't exist.  Ignored.
### build\compilers\GC\3.0a5.2\mwldeppc.exe Linker Warning:
#   FORCEACTIVE symbol 'lbl_104_bss_188' is either not a global symbol or 
#   doesn't exist.  Ignored.
### build\compilers\GC\3.0a5.2\mwldeppc.exe Linker Warning:
#   FORCEACTIVE symbol 'lbl_104_bss_198' is either not a global symbol or 
#   doesn't exist.  Ignored.
### build\compilers\GC\3.0a5.2\mwldeppc.exe Linker Warning:
#   FORCEACTIVE symbol 'lbl_104_bss_1A8' is either not a global symbol or 
#   doesn't exist.  Ignored.
### build\compilers\GC\3.0a5.2\mwldeppc.exe Linker Warning:
#   FORCEACTIVE symbol 'lbl_104_bss_1B8' is either not a global symbol or 
#   doesn't exist.  Ignored.
### build\compilers\GC\3.0a5.2\mwldeppc.exe Linker Warning:
#   FORCEACTIVE symbol 'lbl_104_bss_1C8' is either not a global symbol or 
#   doesn't exist.  Ignored.
### build\compilers\GC\3.0a5.2\mwldeppc.exe Linker Warning:
#   FORCEACTIVE symbol 'lbl_104_bss_1D8' is either not a global symbol or 
#   doesn't exist.  Ignored.
[493/540] LINK build\RSBE01_01\ft_sonic\ft_sonic.plf
### build\compilers\GC\3.0a5.2\mwldeppc.exe Linker Warning:
#   FORCEACTIVE symbol 
#   '__sinit_\ft_sonic_status_uniq_process_special_lw_hold_cpp' is either not 
#   a global symbol or doesn't exist.  Ignored.
### build\compilers\GC\3.0a5.2\mwldeppc.exe Linker Warning:
#   FORCEACTIVE symbol '__sinit_\ft_sonic_status_uniq_process_final_end_cpp' 
#   is either not a global symbol or doesn't exist.  Ignored.
### build\compilers\GC\3.0a5.2\mwldeppc.exe Linker Warning:
#   FORCEACTIVE symbol 
#   '__sinit_\ft_sonic_status_uniq_process_special_s_wall_end_cpp' is either 
#   not a global symbol or doesn't exist.  Ignored.
### build\compilers\GC\3.0a5.2\mwldeppc.exe Linker Warning:
#   FORCEACTIVE symbol 'lbl_123_rodata_50' is either not a global symbol or 
#   doesn't exist.  Ignored.
### build\compilers\GC\3.0a5.2\mwldeppc.exe Linker Warning:
#   FORCEACTIVE symbol 'lbl_123_rodata_54' is either not a global symbol or 
#   doesn't exist.  Ignored.
### build\compilers\GC\3.0a5.2\mwldeppc.exe Linker Warning:
#   FORCEACTIVE symbol 'lbl_123_rodata_58' is either not a global symbol or 
#   doesn't exist.  Ignored.
### build\compilers\GC\3.0a5.2\mwldeppc.exe Linker Warning:
#   FORCEACTIVE symbol 'lbl_123_rodata_60' is either not a global symbol or 
#   doesn't exist.  Ignored.
### build\compilers\GC\3.0a5.2\mwldeppc.exe Linker Warning:
#   FORCEACTIVE symbol 'lbl_123_rodata_64' is either not a global symbol or 
#   doesn't exist.  Ignored.
### build\compilers\GC\3.0a5.2\mwldeppc.exe Linker Warning:
#   FORCEACTIVE symbol 'lbl_123_data_6708' is either not a global symbol or 
#   doesn't exist.  Ignored.
### build\compilers\GC\3.0a5.2\mwldeppc.exe Linker Warning:
#   FORCEACTIVE symbol 'lbl_123_data_6730' is either not a global symbol or 
#   doesn't exist.  Ignored.
### build\compilers\GC\3.0a5.2\mwldeppc.exe Linker Warning:
#   FORCEACTIVE symbol 'lbl_123_data_6788' is either not a global symbol or 
#   doesn't exist.  Ignored.
### build\compilers\GC\3.0a5.2\mwldeppc.exe Linker Warning:
#   FORCEACTIVE symbol 'lbl_123_data_67AC' is either not a global symbol or 
#   doesn't exist.  Ignored.
### build\compilers\GC\3.0a5.2\mwldeppc.exe Linker Warning:
#   FORCEACTIVE symbol 'lbl_123_data_6800' is either not a global symbol or 
#   doesn't exist.  Ignored.
### build\compilers\GC\3.0a5.2\mwldeppc.exe Linker Warning:
#   FORCEACTIVE symbol 'lbl_123_data_6828' is either not a global symbol or 
#   doesn't exist.  Ignored.
### build\compilers\GC\3.0a5.2\mwldeppc.exe Linker Warning:
#   FORCEACTIVE symbol 'lbl_123_bss_308' is either not a global symbol or 
#   doesn't exist.  Ignored.
### build\compilers\GC\3.0a5.2\mwldeppc.exe Linker Warning:
#   FORCEACTIVE symbol 'lbl_123_bss_318' is either not a global symbol or 
#   doesn't exist.  Ignored.
### build\compilers\GC\3.0a5.2\mwldeppc.exe Linker Warning:
#   FORCEACTIVE symbol 'lbl_123_bss_328' is either not a global symbol or 
#   doesn't exist.  Ignored.
[494/540] LINK build\RSBE01_01\ft_toonlink\ft_toonlink.plf
[495/540] LINK build\RSBE01_01\ft_purin\ft_purin.plf
[496/540] LINK build\RSBE01_01\ft_snake\ft_snake.plf
[497/540] LINK build\RSBE01_01\ft_zako\ft_zako.plf
[498/540] LINK build\RSBE01_01\ft_wolf\ft_wolf.plf
[499/540] MWCC build\RSBE01_01\src\sora\mt\mt_vector_old.o
[500/540] MWCC build\RSBE01_01\src\sora\mt\mt_trig.o
[501/540] MWCC build\RSBE01_01\src\sora\gf\gf_task_scheduler.o
[502/540] MWCC build\RSBE01_01\src\sora\cm\cm_controller_menu_pad.o
[503/540] MWCC build\RSBE01_01\src\sora\ip\ip_network_producer.o
[504/540] MWCC build\RSBE01_01\src\sora\ut\ut_relocate.o
[505/540] MWCC build\RSBE01_01\src\mo_scene\sora_scene\sc_adv_gameover.o
[506/540] MWCC build\RSBE01_01\src\sora\nt\nt_report.o
[507/540] MWCC build\RSBE01_01\src\mo_fighter\ft_marth\ft_marth.o
[508/540] MWCC build\RSBE01_01\src\sora\ac\ac_cmd_interpreter.o
[509/540] MWCC build\RSBE01_01\src\mo_fighter\ft_marth\ft_marth_status_uniq_process_special_final.o
[510/540] MWCC build\RSBE01_01\src\sora\ty\ty_fig_listmng.o
[511/540] MWCC build\RSBE01_01\src\mo_fighter\ft_marth\if_marth_final.o
[512/540] LINK build\RSBE01_01\sora_melee\sora_melee.plf
### build\compilers\GC\3.0a5.2\mwldeppc.exe Linker Warning:
#   FORCEACTIVE symbol '__sinit_\so_general_work_cpp' is either not a global 
#   symbol or doesn't exist.  Ignored.
### build\compilers\GC\3.0a5.2\mwldeppc.exe Linker Warning:
#   FORCEACTIVE symbol '__sinit_\so_general_work_abstract_cpp' is either not a 
#   global symbol or doesn't exist.  Ignored.
### build\compilers\GC\3.0a5.2\mwldeppc.exe Linker Warning:
#   FORCEACTIVE symbol '__sinit_\so_general_work_simple_cpp' is either not a 
#   global symbol or doesn't exist.  Ignored.
### build\compilers\GC\3.0a5.2\mwldeppc.exe Linker Warning:
#   FORCEACTIVE symbol '__sinit_\so_common_data_accesser_cpp' is either not a 
#   global symbol or doesn't exist.  Ignored.
### build\compilers\GC\3.0a5.2\mwldeppc.exe Linker Warning:
#   FORCEACTIVE symbol '__sinit_\mo_melee_cpp' is either not a global symbol 
#   or doesn't exist.  Ignored.
### build\compilers\GC\3.0a5.2\mwldeppc.exe Linker Warning:
#   FORCEACTIVE symbol 'lbl_27_rodata_318' is either not a global symbol or 
#   doesn't exist.  Ignored.
### build\compilers\GC\3.0a5.2\mwldeppc.exe Linker Warning:
#   FORCEACTIVE symbol 'lbl_27_rodata_31C' is either not a global symbol or 
#   doesn't exist.  Ignored.
### build\compilers\GC\3.0a5.2\mwldeppc.exe Linker Warning:
#   FORCEACTIVE symbol 'lbl_27_rodata_360' is either not a global symbol or 
#   doesn't exist.  Ignored.
### build\compilers\GC\3.0a5.2\mwldeppc.exe Linker Warning:
#   FORCEACTIVE symbol 'lbl_27_rodata_364' is either not a global symbol or 
#   doesn't exist.  Ignored.
### build\compilers\GC\3.0a5.2\mwldeppc.exe Linker Warning:
#   FORCEACTIVE symbol 'lbl_27_rodata_368' is either not a global symbol or 
#   doesn't exist.  Ignored.
### build\compilers\GC\3.0a5.2\mwldeppc.exe Linker Warning:
#   FORCEACTIVE symbol 'lbl_27_rodata_748' is either not a global symbol or 
#   doesn't exist.  Ignored.
### build\compilers\GC\3.0a5.2\mwldeppc.exe Linker Warning:
#   FORCEACTIVE symbol 'lbl_27_rodata_74C' is either not a global symbol or 
#   doesn't exist.  Ignored.
### build\compilers\GC\3.0a5.2\mwldeppc.exe Linker Warning:
#   FORCEACTIVE symbol 'lbl_27_rodata_C10' is either not a global symbol or 
#   doesn't exist.  Ignored.
### build\compilers\GC\3.0a5.2\mwldeppc.exe Linker Warning:
#   FORCEACTIVE symbol 'lbl_27_rodata_C18' is either not a global symbol or 
#   doesn't exist.  Ignored.
### build\compilers\GC\3.0a5.2\mwldeppc.exe Linker Warning:
#   FORCEACTIVE symbol 'lbl_27_rodata_C20' is either not a global symbol or 
#   doesn't exist.  Ignored.
### build\compilers\GC\3.0a5.2\mwldeppc.exe Linker Warning:
#   FORCEACTIVE symbol 'lbl_27_rodata_26A8' is either not a global symbol or 
#   doesn't exist.  Ignored.
### build\compilers\GC\3.0a5.2\mwldeppc.exe Linker Warning:
#   FORCEACTIVE symbol 'lbl_27_rodata_26AC' is either not a global symbol or 
#   doesn't exist.  Ignored.
### build\compilers\GC\3.0a5.2\mwldeppc.exe Linker Warning:
#   FORCEACTIVE symbol 'lbl_27_data_7D0' is either not a global symbol or 
#   doesn't exist.  Ignored.
### build\compilers\GC\3.0a5.2\mwldeppc.exe Linker Warning:
#   FORCEACTIVE symbol 'lbl_27_data_C14' is either not a global symbol or 
#   doesn't exist.  Ignored.
### build\compilers\GC\3.0a5.2\mwldeppc.exe Linker Warning:
#   FORCEACTIVE symbol 'lbl_27_data_C30' is either not a global symbol or 
#   doesn't exist.  Ignored.
### build\compilers\GC\3.0a5.2\mwldeppc.exe Linker Warning:
#   FORCEACTIVE symbol 'lbl_27_data_6004' is either not a global symbol or 
#   doesn't exist.  Ignored.
### build\compilers\GC\3.0a5.2\mwldeppc.exe Linker Warning:
#   FORCEACTIVE symbol 'lbl_27_data_6020' is either not a global symbol or 
#   doesn't exist.  Ignored.
### build\compilers\GC\3.0a5.2\mwldeppc.exe Linker Warning:
#   FORCEACTIVE symbol 'lbl_27_data_734C' is either not a global symbol or 
#   doesn't exist.  Ignored.
### build\compilers\GC\3.0a5.2\mwldeppc.exe Linker Warning:
#   FORCEACTIVE symbol 'lbl_27_data_7360' is either not a global symbol or 
#   doesn't exist.  Ignored.
### build\compilers\GC\3.0a5.2\mwldeppc.exe Linker Warning:
#   FORCEACTIVE symbol 'lbl_27_data_7380' is either not a global symbol or 
#   doesn't exist.  Ignored.
### build\compilers\GC\3.0a5.2\mwldeppc.exe Linker Warning:
#   FORCEACTIVE symbol 'lbl_27_data_7390' is either not a global symbol or 
#   doesn't exist.  Ignored.
### build\compilers\GC\3.0a5.2\mwldeppc.exe Linker Warning:
#   FORCEACTIVE symbol 'lbl_27_data_78B0' is either not a global symbol or 
#   doesn't exist.  Ignored.
### build\compilers\GC\3.0a5.2\mwldeppc.exe Linker Warning:
#   FORCEACTIVE symbol 'lbl_27_data_8060' is either not a global symbol or 
#   doesn't exist.  Ignored.
### build\compilers\GC\3.0a5.2\mwldeppc.exe Linker Warning:
#   FORCEACTIVE symbol 'lbl_27_data_8078' is either not a global symbol or 
#   doesn't exist.  Ignored.
### build\compilers\GC\3.0a5.2\mwldeppc.exe Linker Warning:
#   FORCEACTIVE symbol 'lbl_27_data_80D0' is either not a global symbol or 
#   doesn't exist.  Ignored.
### build\compilers\GC\3.0a5.2\mwldeppc.exe Linker Warning:
#   FORCEACTIVE symbol 'lbl_27_data_80E4' is either not a global symbol or 
#   doesn't exist.  Ignored.
### build\compilers\GC\3.0a5.2\mwldeppc.exe Linker Warning:
#   FORCEACTIVE symbol 'lbl_27_data_13B08' is either not a global symbol or 
#   doesn't exist.  Ignored.
### build\compilers\GC\3.0a5.2\mwldeppc.exe Linker Warning:
#   FORCEACTIVE symbol 'lbl_27_data_13B0C' is either not a global symbol or 
#   doesn't exist.  Ignored.
### build\compilers\GC\3.0a5.2\mwldeppc.exe Linker Warning:
#   FORCEACTIVE symbol 'lbl_27_data_13B80' is either not a global symbol or 
#   doesn't exist.  Ignored.
### build\compilers\GC\3.0a5.2\mwldeppc.exe Linker Warning:
#   FORCEACTIVE symbol 'lbl_27_data_13B90' is either not a global symbol or 
#   doesn't exist.  Ignored.
### build\compilers\GC\3.0a5.2\mwldeppc.exe Linker Warning:
#   FORCEACTIVE symbol 'lbl_27_data_13BB0' is either not a global symbol or 
#   doesn't exist.  Ignored.
### build\compilers\GC\3.0a5.2\mwldeppc.exe Linker Warning:
#   FORCEACTIVE symbol 'lbl_27_data_13BC8' is either not a global symbol or 
#   doesn't exist.  Ignored.
### build\compilers\GC\3.0a5.2\mwldeppc.exe Linker Warning:
#   FORCEACTIVE symbol 'lbl_27_data_13CC0' is either not a global symbol or 
#   doesn't exist.  Ignored.
### build\compilers\GC\3.0a5.2\mwldeppc.exe Linker Warning:
#   FORCEACTIVE symbol 'lbl_27_data_13CD4' is either not a global symbol or 
#   doesn't exist.  Ignored.
### build\compilers\GC\3.0a5.2\mwldeppc.exe Linker Warning:
#   FORCEACTIVE symbol 'lbl_27_data_15470' is either not a global symbol or 
#   doesn't exist.  Ignored.
### build\compilers\GC\3.0a5.2\mwldeppc.exe Linker Warning:
#   FORCEACTIVE symbol 'lbl_27_data_1548C' is either not a global symbol or 
#   doesn't exist.  Ignored.
### build\compilers\GC\3.0a5.2\mwldeppc.exe Linker Warning:
#   FORCEACTIVE symbol 'lbl_27_data_154A0' is either not a global symbol or 
#   doesn't exist.  Ignored.
### build\compilers\GC\3.0a5.2\mwldeppc.exe Linker Warning:
#   FORCEACTIVE symbol 'lbl_27_data_29230' is either not a global symbol or 
#   doesn't exist.  Ignored.
### build\compilers\GC\3.0a5.2\mwldeppc.exe Linker Warning:
#   FORCEACTIVE symbol 'lbl_27_data_29240' is either not a global symbol or 
#   doesn't exist.  Ignored.
### build\compilers\GC\3.0a5.2\mwldeppc.exe Linker Warning:
#   FORCEACTIVE symbol 'lbl_27_data_2927C' is either not a global symbol or 
#   doesn't exist.  Ignored.
### build\compilers\GC\3.0a5.2\mwldeppc.exe Linker Warning:
#   FORCEACTIVE symbol 'lbl_27_data_29288' is either not a global symbol or 
#   doesn't exist.  Ignored.
### build\compilers\GC\3.0a5.2\mwldeppc.exe Linker Warning:
#   FORCEACTIVE symbol 'lbl_27_data_2BC00' is either not a global symbol or 
#   doesn't exist.  Ignored.
### build\compilers\GC\3.0a5.2\mwldeppc.exe Linker Warning:
#   FORCEACTIVE symbol 'lbl_27_data_2BC20' is either not a global symbol or 
#   doesn't exist.  Ignored.
### build\compilers\GC\3.0a5.2\mwldeppc.exe Linker Warning:
#   FORCEACTIVE symbol 'lbl_27_data_2BC68' is either not a global symbol or 
#   doesn't exist.  Ignored.
### build\compilers\GC\3.0a5.2\mwldeppc.exe Linker Warning:
#   FORCEACTIVE symbol 'lbl_27_data_2BC80' is either not a global symbol or 
#   doesn't exist.  Ignored.
### build\compilers\GC\3.0a5.2\mwldeppc.exe Linker Warning:
#   FORCEACTIVE symbol 'lbl_27_data_32AD8' is either not a global symbol or 
#   doesn't exist.  Ignored.
### build\compilers\GC\3.0a5.2\mwldeppc.exe Linker Warning:
#   FORCEACTIVE symbol 'lbl_27_data_32AF8' is either not a global symbol or 
#   doesn't exist.  Ignored.
### build\compilers\GC\3.0a5.2\mwldeppc.exe Linker Warning:
#   FORCEACTIVE symbol 'lbl_27_data_32BA4' is either not a global symbol or 
#   doesn't exist.  Ignored.
### build\compilers\GC\3.0a5.2\mwldeppc.exe Linker Warning:
#   FORCEACTIVE symbol 'lbl_27_data_32BB8' is either not a global symbol or 
#   doesn't exist.  Ignored.
### build\compilers\GC\3.0a5.2\mwldeppc.exe Linker Warning:
#   FORCEACTIVE symbol 'lbl_27_data_32BD0' is either not a global symbol or 
#   doesn't exist.  Ignored.
### build\compilers\GC\3.0a5.2\mwldeppc.exe Linker Warning:
#   FORCEACTIVE symbol 'lbl_27_data_4C748' is either not a global symbol or 
#   doesn't exist.  Ignored.
### build\compilers\GC\3.0a5.2\mwldeppc.exe Linker Warning:
#   FORCEACTIVE symbol 'lbl_27_data_4C758' is either not a global symbol or 
#   doesn't exist.  Ignored.
### build\compilers\GC\3.0a5.2\mwldeppc.exe Linker Warning:
#   FORCEACTIVE symbol 'lbl_27_bss_1B30' is either not a global symbol or 
#   doesn't exist.  Ignored.
### build\compilers\GC\3.0a5.2\mwldeppc.exe Linker Warning:
#   FORCEACTIVE symbol 'lbl_27_bss_1B58' is either not a global symbol or 
#   doesn't exist.  Ignored.
### build\compilers\GC\3.0a5.2\mwldeppc.exe Linker Warning:
#   FORCEACTIVE symbol 'lbl_27_bss_1B70' is either not a global symbol or 
#   doesn't exist.  Ignored.
### build\compilers\GC\3.0a5.2\mwldeppc.exe Linker Warning:
#   FORCEACTIVE symbol 'lbl_27_bss_2CD0' is either not a global symbol or 
#   doesn't exist.  Ignored.
### build\compilers\GC\3.0a5.2\mwldeppc.exe Linker Warning:
#   FORCEACTIVE symbol 'lbl_27_bss_5040' is either not a global symbol or 
#   doesn't exist.  Ignored.
### build\compilers\GC\3.0a5.2\mwldeppc.exe Linker Warning:
#   FORCEACTIVE symbol 'g_ftGroundConditionCheckerImpl' is either not a global 
#   symbol or doesn't exist.  Ignored.
### build\compilers\GC\3.0a5.2\mwldeppc.exe Linker Warning:
#   FORCEACTIVE symbol '@unnamed@mo_melee_cpp@::bss_loc_8cc0' is either not a 
#   global symbol or doesn't exist.  Ignored.
[513/540] MWCC build\RSBE01_01\src\mo_stage\st_battle\gr_battle_ground.o
[514/540] MWCC build\RSBE01_01\src\mo_stage\st_battle\gr_battle.o
[515/540] MWCC build\RSBE01_01\src\mo_fighter\ft_ness\ft_ness_status_uniq_process_special_hi_attack.o
[516/540] MWCC build\RSBE01_01\src\mo_stage\st_kart\st_kart.o
[517/540] MWCC build\RSBE01_01\src\mo_fighter\ft_marth\ft_marth_status_uniq_process_special_hi.o
### mwcceppc.exe Compiler:
#    File: src\mo_fighter\ft_marth\ft_marth_status_uniq_process_special_hi.cpp
# ----------------------------------------------------------------------------
#      47:         stop->resetEnergy(6, &Vec2f(speedX, zero), &Vec3f(0.0f, 0.0f, 0.0f), moduleAccesser);  
# Warning:                                                  ^
#   (10142) not an lvalue
### mwcceppc.exe Compiler:
#      47: p->resetEnergy(6, &Vec2f(speedX, zero), &Vec3f(0.0f, 0.0f, 0.0f), moduleAccesser);  
# Warning:                                                                 ^
#   (10142) not an lvalue
### mwcceppc.exe Compiler:
#      49:         gravity->resetEnergy(0, &Vec2f(0.0f, zero), &Vec3f(0.0f, 0.0f, 0.0f), moduleAccesser);  
# Warning:                                                   ^
#   (10142) not an lvalue
### mwcceppc.exe Compiler:
#      49: ity->resetEnergy(0, &Vec2f(0.0f, zero), &Vec3f(0.0f, 0.0f, 0.0f), moduleAccesser);  
# Warning:                                                                 ^
#   (10142) not an lvalue
### mwcceppc.exe Compiler:
#      52:         normal->resetEnergy(5, &Vec2f(0.0f, 0.0f), &Vec3f(0.0f, 0.0f, 0.0f), moduleAccesser);  
# Warning:                                                  ^
#   (10142) not an lvalue
### mwcceppc.exe Compiler:
#      52: mal->resetEnergy(5, &Vec2f(0.0f, 0.0f), &Vec3f(0.0f, 0.0f, 0.0f), moduleAccesser);  
# Warning:                                                                 ^
#   (10142) not an lvalue
### mwcceppc.exe Compiler:
#      57:         normal->resetEnergy(3, &Vec2f(0.0f, 0.0f), &Vec3f(0.0f, 0.0f, 0.0f), moduleAccesser);  
# Warning:                                                  ^
#   (10142) not an lvalue
### mwcceppc.exe Compiler:
#      57: mal->resetEnergy(3, &Vec2f(0.0f, 0.0f), &Vec3f(0.0f, 0.0f, 0.0f), moduleAccesser);  
# Warning:                                                                 ^
#   (10142) not an lvalue
### mwcceppc.exe Compiler:
#      98:                 gravity->resetEnergy(0, &Vec2f(0.0f, speed.m_y), &Vec3f(0.0f, 0.0f, 0.0f), moduleAccesser);  
# Warning:                                                                ^
#   (10142) not an lvalue
### mwcceppc.exe Compiler:
#      98: resetEnergy(0, &Vec2f(0.0f, speed.m_y), &Vec3f(0.0f, 0.0f, 0.0f), moduleAccesser);  
# Warning:                                                                 ^
#   (10142) not an lvalue
### mwcceppc.exe Compiler:
#     106:              controller->resetEnergy(11, &Vec2f(speed.m_x, 0.0f), &Vec3f(0.0f, 0.0f, 0.0f), moduleAccesser);  
# Warning:                                                                 ^
#   (10142) not an lvalue
### mwcceppc.exe Compiler:
#     106: esetEnergy(11, &Vec2f(speed.m_x, 0.0f), &Vec3f(0.0f, 0.0f, 0.0f), moduleAccesser);  
# Warning:                                                                 ^
#   (10142) not an lvalue
[518/540] MWCC build\RSBE01_01\src\mo_stage\st_battle\st_battle.o
[519/540] MWCC build\RSBE01_01\src\mo_stage\st_dxonett\st_dxonett.o
[520/540] MWCC build\RSBE01_01\src\mo_stage\st_dxgreens\st_dxgreens.o
[521/540] MWCC build\RSBE01_01\src\mo_fighter\ft_lucas\ft_lucas_status_uniq_process_special_hi_attack.o
[522/540] MWCC build\RSBE01_01\src\mo_fighter\ft_ike\ft_ike_status_uniq_process_special_hi.o
### mwcceppc.exe Compiler:
#    File: src\mo_fighter\ft_ike\ft_ike_status_uniq_process_special_hi.cpp
# ------------------------------------------------------------------------
#      37:                 controller->resetEnergy(11, &Vec2f(0.0f, 0.0f), &Vec3f(0.0f, 0.0f, 0.0f), moduleAccesser);  
# Warning:                                                               ^
#   (10142) not an lvalue
### mwcceppc.exe Compiler:
#      37: er->resetEnergy(11, &Vec2f(0.0f, 0.0f), &Vec3f(0.0f, 0.0f, 0.0f), moduleAccesser);  
# Warning:                                                                 ^
#   (10142) not an lvalue
### mwcceppc.exe Compiler:
#      40:                 controller->resetEnergy(0, &Vec2f(0.0f, 0.0f), &Vec3f(0.0f, 0.0f, 0.0f), moduleAccesser);  
# Warning:                                                              ^
#   (10142) not an lvalue
### mwcceppc.exe Compiler:
#      40: ler->resetEnergy(0, &Vec2f(0.0f, 0.0f), &Vec3f(0.0f, 0.0f, 0.0f), moduleAccesser);  
# Warning:                                                                 ^
#   (10142) not an lvalue
### mwcceppc.exe Compiler:
#      44:       fn_119_B6CC(&controller->m_18, &Vec2f(param->m_7C, 100.0f));  
# Warning:                                                                 ^
#   (10142) not an lvalue
### mwcceppc.exe Compiler:
#      53:                 normal->resetEnergy(3, &Vec2f(0.0f, 0.0f), &Vec3f(0.0f, 0.0f, 0.0f), moduleAccesser);  
# Warning:                                                          ^
#   (10142) not an lvalue
### mwcceppc.exe Compiler:
#      53: mal->resetEnergy(3, &Vec2f(0.0f, 0.0f), &Vec3f(0.0f, 0.0f, 0.0f), moduleAccesser);  
# Warning:                                                                 ^
#   (10142) not an lvalue
### mwcceppc.exe Compiler:
#      55:                 normal->resetEnergy(5, &Vec2f(0.0f, 0.0f), &Vec3f(0.0f, 0.0f, 0.0f), moduleAccesser);  
# Warning:                                                          ^
#   (10142) not an lvalue
### mwcceppc.exe Compiler:
#      55: mal->resetEnergy(5, &Vec2f(0.0f, 0.0f), &Vec3f(0.0f, 0.0f, 0.0f), moduleAccesser);  
# Warning:                                                                 ^
#   (10142) not an lvalue
### mwcceppc.exe Compiler:
#      79:              controller->resetEnergy(11, &Vec2f(speed.m_x, 0.0f), &Vec3f(0.0f, 0.0f, 0.0f), moduleAccesser);  
# Warning:                                                                 ^
#   (10142) not an lvalue
### mwcceppc.exe Compiler:
#      79: esetEnergy(11, &Vec2f(speed.m_x, 0.0f), &Vec3f(0.0f, 0.0f, 0.0f), moduleAccesser);  
# Warning:                                                                 ^
#   (10142) not an lvalue
### mwcceppc.exe Compiler:
#      82:               controller->resetEnergy(0, &Vec2f(speed.m_x, 0.0f), &Vec3f(0.0f, 0.0f, 0.0f), moduleAccesser);  
# Warning:                                                                 ^
#   (10142) not an lvalue
### mwcceppc.exe Compiler:
#      82: resetEnergy(0, &Vec2f(speed.m_x, 0.0f), &Vec3f(0.0f, 0.0f, 0.0f), moduleAccesser);  
# Warning:                                                                 ^
#   (10142) not an lvalue
### mwcceppc.exe Compiler:
#      86:       fn_119_B6CC(&controller->m_18, &Vec2f(param->m_7C, 100.0f));  
# Warning:                                                                 ^
#   (10142) not an lvalue
### mwcceppc.exe Compiler:
#     103:                 controller->resetEnergy(0, &Vec2f(0.0f, 0.0f), &Vec3f(0.0f, 0.0f, 0.0f), moduleAccesser);  
# Warning:                                                              ^
#   (10142) not an lvalue
### mwcceppc.exe Compiler:
#     103: ler->resetEnergy(0, &Vec2f(0.0f, 0.0f), &Vec3f(0.0f, 0.0f, 0.0f), moduleAccesser);  
# Warning:                                                                 ^
#   (10142) not an lvalue
### mwcceppc.exe Compiler:
#     105:       fn_119_B6CC(&controller->m_18, &Vec2f(param->m_7C, 100.0f));  
# Warning:                                                                 ^
#   (10142) not an lvalue
[523/540] MWCC build\RSBE01_01\src\mo_fighter\ft_metaknight\ft_metaknight_status_uniq_process_final_attack_gallery.o
[524/540] MWCC build\RSBE01_01\src\mo_fighter\ft_ike\ft_ike_status_uniq_process_special_lw.o
### mwcceppc.exe Compiler:
#    File: src\mo_fighter\ft_ike\ft_ike_status_uniq_process_special_lw.cpp
# ------------------------------------------------------------------------
#      38:                 stop->resetEnergy(0, &Vec2f(speed.m_x, 0.0f), &Vec3f(0.0f, 0.0f, 0.0f), moduleAccesser);  
# Warning:                                                             ^
#   (10142) not an lvalue
### mwcceppc.exe Compiler:
#      38: resetEnergy(0, &Vec2f(speed.m_x, 0.0f), &Vec3f(0.0f, 0.0f, 0.0f), moduleAccesser);  
# Warning:                                                                 ^
#   (10142) not an lvalue
### mwcceppc.exe Compiler:
#      46:                 stop->resetEnergy(6, &Vec2f(speedX, zero), &Vec3f(0.0f, 0.0f, 0.0f), moduleAccesser);  
# Warning:                                                          ^
#   (10142) not an lvalue
### mwcceppc.exe Compiler:
#      46: p->resetEnergy(6, &Vec2f(speedX, zero), &Vec3f(0.0f, 0.0f, 0.0f), moduleAccesser);  
# Warning:                                                                 ^
#   (10142) not an lvalue
### mwcceppc.exe Compiler:
#      50: lueAccesser::getConstantFloat(moduleAccesser, 0xFB6, 0), brakeY));  
# Warning:                                                                 ^
#   (10142) not an lvalue
### mwcceppc.exe Compiler:
#      52:                 gravity->resetEnergy(0, &Vec2f(0.0f, zero), &Vec3f(0.0f, 0.0f, 0.0f), moduleAccesser);  
# Warning:                                                           ^
#   (10142) not an lvalue
### mwcceppc.exe Compiler:
#      52: ity->resetEnergy(0, &Vec2f(0.0f, zero), &Vec3f(0.0f, 0.0f, 0.0f), moduleAccesser);  
# Warning:                                                                 ^
#   (10142) not an lvalue
### mwcceppc.exe Compiler:
#      92:                     stop->resetEnergy(0, &Vec2f(speed.m_x, 0.0f), &Vec3f(0.0f, 0.0f, 0.0f), moduleAccesser);  
# Warning:                                                                 ^
#   (10142) not an lvalue
### mwcceppc.exe Compiler:
#      92: resetEnergy(0, &Vec2f(speed.m_x, 0.0f), &Vec3f(0.0f, 0.0f, 0.0f), moduleAccesser);  
# Warning:                                                                 ^
#   (10142) not an lvalue
### mwcceppc.exe Compiler:
#      98:                     stop->resetEnergy(6, &Vec2f(speedX, 0.0f), &Vec3f(0.0f, 0.0f, 0.0f), moduleAccesser);  
# Warning:                                                              ^
#   (10142) not an lvalue
### mwcceppc.exe Compiler:
#      98: p->resetEnergy(6, &Vec2f(speedX, 0.0f), &Vec3f(0.0f, 0.0f, 0.0f), moduleAccesser);  
# Warning:                                                                 ^
#   (10142) not an lvalue
### mwcceppc.exe Compiler:
#      99: ValueAccesser::getConstantFloat(moduleAccesser, 0xFB6, 0), 0.0f));  
# Warning:                                                                 ^
#   (10142) not an lvalue
### mwcceppc.exe Compiler:
#     101:                     gravity->resetEnergy(0, &Vec2f(0.0f, speedY), &Vec3f(0.0f, 0.0f, 0.0f), moduleAccesser);  
# Warning:                                                                 ^
#   (10142) not an lvalue
### mwcceppc.exe Compiler:
#     101: y->resetEnergy(0, &Vec2f(0.0f, speedY), &Vec3f(0.0f, 0.0f, 0.0f), moduleAccesser);  
# Warning:                                                                 ^
#   (10142) not an lvalue
[525/540] MWCC build\RSBE01_01\src\mo_stage\st_oldin\st_oldin.o
[526/540] MWCC build\RSBE01_01\src\mo_stage\st_dxbigblue\st_dxbigblue.o
[527/540] MWCC build\RSBE01_01\src\mo_fighter\ft_ike\ft_ike_status_uniq_process_special_s.o
### mwcceppc.exe Compiler:
#    File: src\mo_fighter\ft_ike\ft_ike_status_uniq_process_special_s.cpp
# -----------------------------------------------------------------------
#      54:                 gravity->resetEnergy(0, &Vec2f(0.0f, speedY), &Vec3f(0.0f, 0.0f, 0.0f), moduleAccesser);  
# Warning:                                                             ^
#   (10142) not an lvalue
### mwcceppc.exe Compiler:
#      54: y->resetEnergy(0, &Vec2f(0.0f, speedY), &Vec3f(0.0f, 0.0f, 0.0f), moduleAccesser);  
# Warning:                                                                 ^
#   (10142) not an lvalue
### mwcceppc.exe Compiler:
#      70:                 stop->resetEnergy(6, &Vec2f(speedX, 0.0f), &Vec3f(0.0f, 0.0f, 0.0f), moduleAccesser);  
# Warning:                                                          ^
#   (10142) not an lvalue
### mwcceppc.exe Compiler:
#      70: p->resetEnergy(6, &Vec2f(speedX, 0.0f), &Vec3f(0.0f, 0.0f, 0.0f), moduleAccesser);  
# Warning:                                                                 ^
#   (10142) not an lvalue
### mwcceppc.exe Compiler:
#      71: ValueAccesser::getConstantFloat(moduleAccesser, 0xFA8, 0), 0.0f));  
# Warning:                                                                 ^
#   (10142) not an lvalue
### mwcceppc.exe Compiler:
#      76:                 stop->resetEnergy(0, &Vec2f(speedX, 0.0f), &Vec3f(0.0f, 0.0f, 0.0f), moduleAccesser);  
# Warning:                                                          ^
#   (10142) not an lvalue
### mwcceppc.exe Compiler:
#      76: p->resetEnergy(0, &Vec2f(speedX, 0.0f), &Vec3f(0.0f, 0.0f, 0.0f), moduleAccesser);  
# Warning:                                                                 ^
#   (10142) not an lvalue
### mwcceppc.exe Compiler:
#      77: ValueAccesser::getConstantFloat(moduleAccesser, 0xFA7, 0), 0.0f));  
# Warning:                                                                 ^
#   (10142) not an lvalue
### mwcceppc.exe Compiler:
#      80:             fn_119_B6CC(&stop->m_28, &Vec2f(-1.0f, 0.0f));  
# Warning:                                                         ^
#   (10142) not an lvalue
### mwcceppc.exe Compiler:
#     102:                 gravity->resetEnergy(0, &Vec2f(0.0f, speedY), &Vec3f(0.0f, 0.0f, 0.0f), moduleAccesser);  
# Warning:                                                             ^
#   (10142) not an lvalue
### mwcceppc.exe Compiler:
#     102: y->resetEnergy(0, &Vec2f(0.0f, speedY), &Vec3f(0.0f, 0.0f, 0.0f), moduleAccesser);  
# Warning:                                                                 ^
#   (10142) not an lvalue
### mwcceppc.exe Compiler:
#     113:             stop->resetEnergy(resetType, &Vec2f(speedX, 0.0f), &Vec3f(0.0f, 0.0f, 0.0f), moduleAccesser);  
# Warning:                                                              ^
#   (10142) not an lvalue
### mwcceppc.exe Compiler:
#     113: Energy(resetType, &Vec2f(speedX, 0.0f), &Vec3f(0.0f, 0.0f, 0.0f), moduleAccesser);  
# Warning:                                                                 ^
#   (10142) not an lvalue
### mwcceppc.exe Compiler:
#     114:             fn_119_B6CC(&stop->m_28, &Vec2f(-1.0f, 0.0f));  
# Warning:                                                         ^
#   (10142) not an lvalue
### mwcceppc.exe Compiler:
#     141:                     stop->resetEnergy(6, &Vec2f(speedX, 0.0f), &Vec3f(0.0f, 0.0f, 0.0f), moduleAccesser);  
# Warning:                                                              ^
#   (10142) not an lvalue
### mwcceppc.exe Compiler:
#     141: p->resetEnergy(6, &Vec2f(speedX, 0.0f), &Vec3f(0.0f, 0.0f, 0.0f), moduleAccesser);  
# Warning:                                                                 ^
#   (10142) not an lvalue
### mwcceppc.exe Compiler:
#     142: ValueAccesser::getConstantFloat(moduleAccesser, 0xFA8, 0), 0.0f));  
# Warning:                                                                 ^
#   (10142) not an lvalue
### mwcceppc.exe Compiler:
#     144:                     stop->resetEnergy(0, &Vec2f(speedX, 0.0f), &Vec3f(0.0f, 0.0f, 0.0f), moduleAccesser);  
# Warning:                                                              ^
#   (10142) not an lvalue
### mwcceppc.exe Compiler:
#     144: p->resetEnergy(0, &Vec2f(speedX, 0.0f), &Vec3f(0.0f, 0.0f, 0.0f), moduleAccesser);  
# Warning:                                                                 ^
#   (10142) not an lvalue
### mwcceppc.exe Compiler:
#     145: ValueAccesser::getConstantFloat(moduleAccesser, 0xFA7, 0), 0.0f));  
# Warning:                                                                 ^
#   (10142) not an lvalue
### mwcceppc.exe Compiler:
#     147:                 fn_119_B6CC(&stop->m_28, &Vec2f(-1.0f, 0.0f));  
# Warning:                                                             ^
#   (10142) not an lvalue
### mwcceppc.exe Compiler:
#     164:             fn_119_B6CC(&stop->m_speed, &Vec2f(speedX, currentY));  
# Warning:                                                                 ^
#   (10142) not an lvalue
### mwcceppc.exe Compiler:
#     174:                   stop->resetEnergy(6, &Vec2f(current.m_x, 0.0f), &Vec3f(0.0f, 0.0f, 0.0f), moduleAccesser);  
# Warning:                                                                 ^
#   (10142) not an lvalue
### mwcceppc.exe Compiler:
#     174: setEnergy(6, &Vec2f(current.m_x, 0.0f), &Vec3f(0.0f, 0.0f, 0.0f), moduleAccesser);  
# Warning:                                                                 ^
#   (10142) not an lvalue
### mwcceppc.exe Compiler:
#     175:                gravity->resetEnergy(0, &Vec2f(0.0f, current.m_y), &Vec3f(0.0f, 0.0f, 0.0f), moduleAccesser);  
# Warning:                                                                 ^
#   (10142) not an lvalue
### mwcceppc.exe Compiler:
#     175: setEnergy(0, &Vec2f(0.0f, current.m_y), &Vec3f(0.0f, 0.0f, 0.0f), moduleAccesser);  
# Warning:                                                                 ^
#   (10142) not an lvalue
### mwcceppc.exe Compiler:
#     178:                   stop->resetEnergy(0, &Vec2f(current.m_x, 0.0f), &Vec3f(0.0f, 0.0f, 0.0f), moduleAccesser);  
# Warning:                                                                 ^
#   (10142) not an lvalue
### mwcceppc.exe Compiler:
#     178: setEnergy(0, &Vec2f(current.m_x, 0.0f), &Vec3f(0.0f, 0.0f, 0.0f), moduleAccesser);  
# Warning:                                                                 ^
#   (10142) not an lvalue
### mwcceppc.exe Compiler:
#     181:                 fn_119_B6CC(&stop->m_28, &Vec2f(-1.0f, 0.0f));  
# Warning:                                                             ^
#   (10142) not an lvalue
[528/540] MWCC build\RSBE01_01\src\mo_stage\st_emblem\st_emblem.o
[529/540] MWCC build\RSBE01_01\src\mo_stage\st_tbreak\st_tbreak.o
[530/540] MWCC build\RSBE01_01\src\mo_fighter\ft_ike\ft_ike_status_uniq_process_final.o
### mwcceppc.exe Compiler:
#    File: src\mo_fighter\ft_ike\ft_ike_status_uniq_process_final.cpp
# -------------------------------------------------------------------
#      95:             gravity->resetEnergy(0, &Vec2f(0.0f, speed), &Vec3f(0.0f, 0.0f, 0.0f), moduleAccesser);  
# Warning:                                                        ^
#   (10142) not an lvalue
### mwcceppc.exe Compiler:
#      95: ty->resetEnergy(0, &Vec2f(0.0f, speed), &Vec3f(0.0f, 0.0f, 0.0f), moduleAccesser);  
# Warning:                                                                 ^
#   (10142) not an lvalue
### mwcceppc.exe Compiler:
#     106:             gravity->resetEnergy(0, &Vec2f(0.0f, -speed), &Vec3f(0.0f, 0.0f, 0.0f), moduleAccesser);  
# Warning:                                                         ^
#   (10142) not an lvalue
### mwcceppc.exe Compiler:
#     106: y->resetEnergy(0, &Vec2f(0.0f, -speed), &Vec3f(0.0f, 0.0f, 0.0f), moduleAccesser);  
# Warning:                                                                 ^
#   (10142) not an lvalue
### mwcceppc.exe Compiler:
#     168:                 gravity->resetEnergy(0, &Vec2f(0.0f, -speed), &Vec3f(0.0f, 0.0f, 0.0f), moduleAccesser);  
# Warning:                                                             ^
#   (10142) not an lvalue
### mwcceppc.exe Compiler:
#     168: y->resetEnergy(0, &Vec2f(0.0f, -speed), &Vec3f(0.0f, 0.0f, 0.0f), moduleAccesser);  
# Warning:                                                                 ^
#   (10142) not an lvalue
[531/540] MWCC build\RSBE01_01\src\mo_fighter\ft_purin\ft_purin.o
### mwcceppc.exe Compiler:
#      In: include\lib\BrawlHeaders\Brawl\Include\so\so_module_accesser_build_data.h
#    From: src\mo_fighter\ft_purin\ft_purin.cpp
# ---------------------------------------------
#      31:         return rect;  
# Warning:                    ^
#   (10326) function result is a pointer/reference to an automatic/temporary 
#   variable
[532/540] LINK build\RSBE01_01\main.elf
### build\compilers\GC\3.0a5.2\mwldeppc.exe Linker Warning:
#   FORCEACTIVE symbol '__sinit_\gf_shutdown_manager_cpp' is either not a 
#   global symbol or doesn't exist.  Ignored.
[533/540] DOL build\RSBE01_01\main.dol
[534/540] REL
[535/540] CHECK config\RSBE01_01\binary-manifest.json
127 files OK
OK: 127/127 binaries verified
[536/540] REPORT
[537/540] PROGRESS
Progress:
  All: 1.94% matched, 1.50% linked (576 / 4405 files)
    Code: 306504 / 15833548 bytes (3641 / 92521 functions)
    Data: 856536 / 5667436 bytes (15.11%)
  DOL: 1.41% matched, 0.88% linked (67 / 1722 files)
    Code: 58648 / 4170064 bytes (517 / 14278 functions)
    Data: 6732 / 1724104 bytes (0.39%)
  Modules: 2.13% matched, 1.72% linked (509 / 2683 files)
    Code: 247856 / 11663484 bytes (3124 / 78243 functions)
    Data: 849804 / 3943332 bytes (21.55%)
PASS: OK: 127/127 binaries verified
