Checkout: C:\Users\balla\Documents\Brawl Decompile\brawl (rsbe01_01-support)
Cherry-picking dad9d5e Match Meta Knight final attack gallery rodata
Cherry-picking 3d00d1b Match Meta Knight final end status
Cherry-picking f515256 Park Meta Knight final hit wait at 11 of 12 functions
Clean rebuild of all source objects
Clearing compiled-source cache C:\Users\balla\Documents\Brawl Decompile\brawl\build\RSBE01_01\src
$ C:\Users\balla\Documents\Brawl Decompile\.venv\Scripts\ninja.exe
[1/2] SPLIT config\RSBE01_01\config.yml
[2/2] RUN configure.py
[1/538] MWCC build\RSBE01_01\src\mo_scene\sora_scene\sc_tutorial.o
[2/538] MWCC build\RSBE01_01\src\mo_scene\sora_scene\sc_demo.o
[3/538] MWCC build\RSBE01_01\src\global_destructor_chain.o
[4/538] MWCC build\RSBE01_01\src\mo_scene\sora_scene\sc_staffroll.o
[5/538] MWCC build\RSBE01_01\src\home_button_icon.o
[6/538] MWCC build\RSBE01_01\src\mo_scene\sora_scene\sc_adv_selchar.o
[7/538] MWCC build\RSBE01_01\src\mo_scene\sora_scene\sc_seal_list.o
[8/538] MWCC build\RSBE01_01\src\mo_menu\mo_menu.o
[9/538] MWCC build\RSBE01_01\src\mo_menu\sora_menu_sel_char_access\sel_char_access.o
[10/538] MWCC build\RSBE01_01\src\mo_scene\sora_scene\sc_net_time_result.o
[11/538] MWCC build\RSBE01_01\src\mo_scene\mo_scene.o
[12/538] MWCC build\RSBE01_01\src\mo_scene\sora_scene\sc_adv_saveload.o
[13/538] MWCC build\RSBE01_01\src\mo_scene\sora_scene\sc_adv_result.o
[14/538] MWCC build\RSBE01_01\src\mo_scene\sora_scene\sc_seal_disp.o
[15/538] MWCC build\RSBE01_01\src\mo_melee\sora_melee\so\so_heap_module_impl.o
[16/538] MWCC build\RSBE01_01\src\mo_melee\sora_melee\so\so_general_work_abstract.o
[17/538] MWCC build\RSBE01_01\src\mo_scene\sora_scene\sc_adv_diff.o
### mwcceppc.exe Compiler:
#    File: src\mo_scene\sora_scene\sc_adv_diff.cpp
# ------------------------------------------------
#      67: }  
# Warning: ^
#   (33058) <string not found>
[18/538] MWCC build\RSBE01_01\src\mo_melee\sora_melee\so\so_general_work_simple.o
[19/538] MWCC build\RSBE01_01\src\mo_melee\sora_melee\so\anim\so_anim_chr.o
[20/538] MWCC build\RSBE01_01\src\mo_melee\sora_melee\so\so_general_work.o
[21/538] MWCC build\RSBE01_01\src\mo_adv_menu\mo_adv_menu.o
[22/538] MWCC build\RSBE01_01\src\mo_melee\sora_melee\so\model\so_model_virtual_node.o
[23/538] MWCC build\RSBE01_01\src\mo_melee\sora_melee\so\model\so_model_module_simple.o
[24/538] MWCC build\RSBE01_01\src\mo_adv_menu\sora_adv_menu_game_over\mu_adv_game_over.o
[25/538] MWCC build\RSBE01_01\src\mo_melee\sora_melee\ft\ft_class_info.o
[26/538] MWCC build\RSBE01_01\src\mo_melee\sora_melee\so\so_resource_module_impl.o
[27/538] MWCC build\RSBE01_01\src\mo_melee\mo_melee.o
[28/538] MWCC build\RSBE01_01\src\mo_melee\sora_melee\so\so_photo_call_back.o
[29/538] MWCC build\RSBE01_01\src\mo_adv_stage\mo_adv_stage.o
[30/538] MWCC build\RSBE01_01\src\mo_melee\sora_melee\so\so_common_data_accesser.o
[31/538] MWCC build\RSBE01_01\src\mo_enemy\sora_enemy\wnem\wn_em_heap_module_impl.o
[32/538] MWCC build\RSBE01_01\src\mo_adv_menu\sora_adv_menu_telop\mu_adv_telop_task.o
[33/538] MWCC build\RSBE01_01\src\mo_melee\sora_melee\so\model\so_model_module_impl_variable.o
[34/538] MWCC build\RSBE01_01\src\mo_melee\sora_melee\so\so_controller_module_link_ref.o
[35/538] MWCC build\RSBE01_01\src\mo_melee\sora_melee\so\so_module_accesser.o
[36/538] MWCC build\RSBE01_01\src\mo_enemy\sora_enemy\wnem\wn_em_resource_module_impl.o
[37/538] MWCC build\RSBE01_01\src\mo_melee\sora_melee\so\anim\so_anim_cmd_interpreter_effect.o
[38/538] MWCC build\RSBE01_01\src\mo_melee\sora_melee\ft\ft_extend_param_accesser.o
[39/538] MWCC build\RSBE01_01\src\mo_melee\sora_melee\ft\ft_fighter_build_data.o
### mwcceppc.exe Compiler:
#      In: include\lib\BrawlHeaders\Brawl\Include\so\so_module_accesser_build_data.h
#    From: src\mo_melee\sora_melee\ft\ft_fighter_build_data.cpp
# -------------------------------------------------------------
#      31:         return rect;  
# Warning:                    ^
#   (10326) function result is a pointer/reference to an automatic/temporary 
#   variable
[40/538] MWCC build\RSBE01_01\src\mo_melee\sora_melee\st\st_common_gimmick.o
[41/538] MWCC build\RSBE01_01\src\mo_adv_stage\gr_adventure_final.o
[42/538] MWCC build\RSBE01_01\src\mo_enemy\sora_enemy\stop\em_stop_module_impl.o
[43/538] MWCC build\RSBE01_01\src\mo_enemy\sora_enemy\em_create.o
[44/538] MWCC build\RSBE01_01\src\mo_enemy\sora_enemy\resource\em_resource_module_impl.o
[45/538] MWCC build\RSBE01_01\src\mo_enemy\sora_enemy\em_extend_param_accesser.o
[46/538] MWCC build\RSBE01_01\src\mo_enemy\sora_enemy\em_target_search_unit.o
[47/538] MWCC build\RSBE01_01\src\mo_enemy\sora_enemy\em_external_value_accesser.o
[48/538] MWCC build\RSBE01_01\src\mo_enemy\sora_enemy\em_info.o
[49/538] MWCC build\RSBE01_01\src\mo_enemy\sora_enemy\boobas\em_boobas_param_accesser.o
[50/538] MWCC build\RSBE01_01\src\mo_enemy\sora_enemy\wnem\wn_em_report.o
[51/538] MWCC build\RSBE01_01\src\mo_enemy\sora_enemy\siralamos\em_siralamos_param_accesser.o
[52/538] MWCC build\RSBE01_01\src\mo_enemy\sora_enemy\roada\em_roada_param_accesser.o
[53/538] MWCC build\RSBE01_01\src\mo_enemy\sora_enemy\killer\em_killer_param_accesser.o
[54/538] MWCC build\RSBE01_01\src\mo_enemy\sora_enemy\popperam\em_popperam_param_accesser.o
[55/538] MWCC build\RSBE01_01\src\mo_enemy\sora_enemy\pacci\em_pacci_param_accesser.o
[56/538] MWCC build\RSBE01_01\src\mo_enemy\sora_enemy\jyakeel\em_jyakeel_param_accesser.o
[57/538] MWCC build\RSBE01_01\src\mo_enemy\sora_enemy\aroaros\em_aroaros_param_accesser.o
[58/538] MWCC build\RSBE01_01\src\mo_enemy\sora_enemy\cymal\em_cymal_param_accesser.o
[59/538] MWCC build\RSBE01_01\src\mo_enemy\sora_enemy\deathpod\em_deathpod_param_accesser.o
[60/538] MWCC build\RSBE01_01\src\mo_enemy\sora_enemy\dekakuribo\em_dekakuribo_param_accesser.o
[61/538] MWCC build\RSBE01_01\src\mo_enemy\sora_enemy\bucyulus\em_bucyulus_param_accesser.o
[62/538] MWCC build\RSBE01_01\src\mo_enemy\sora_enemy\botron\em_botron_param_accesser.o
[63/538] MWCC build\RSBE01_01\src\mo_enemy\sora_enemy\gyraan\em_gyraan_param_accesser.o
[64/538] MWCC build\RSBE01_01\src\mo_enemy\sora_enemy\mite\em_mite_param_accesser.o
[65/538] MWCC build\RSBE01_01\src\mo_enemy\sora_enemy\prim\em_prim_param_accesser.o
[66/538] MWCC build\RSBE01_01\src\mo_enemy\sora_enemy\cataguard\em_cataguard_param_accesser.o
[67/538] MWCC build\RSBE01_01\src\mo_enemy\sora_enemy\kuribo\em_kuribo_param_accesser.o
[68/538] MWCC build\RSBE01_01\src\mo_enemy\sora_enemy\flows\em_flows_param_accesser.o
[69/538] MWCC build\RSBE01_01\src\mo_enemy\sora_enemy\shelly\em_shelly_param_accesser.o
[70/538] MWCC build\RSBE01_01\src\mo_enemy\sora_enemy\tautau\em_tautau_param_accesser.o
[71/538] MWCC build\RSBE01_01\src\mo_enemy\sora_enemy\teckin\em_teckin_param_accesser.o
[72/538] MWCC build\RSBE01_01\src\mo_enemy\sora_enemy\spar\em_spar_param_accesser.o
[73/538] MWCC build\RSBE01_01\src\mo_enemy\sora_enemy\hammerbros\em_hammerbros_param_accesser.o
[74/538] MWCC build\RSBE01_01\src\mo_enemy\sora_enemy\kokkon\em_kokkon_param_accesser.o
[75/538] MWCC build\RSBE01_01\src\mo_enemy\sora_enemy\bombhead\em_bombhead_param_accesser.o
[76/538] MWCC build\RSBE01_01\src\mo_enemy\sora_enemy\ngagog\em_ngagog_param_accesser.o
[77/538] MWCC build\RSBE01_01\src\mo_enemy\sora_enemy\faulong\em_faulong_param_accesser.o
[78/538] MWCC build\RSBE01_01\src\mo_enemy\sora_enemy\bitan\em_bitan_param_accesser.o
[79/538] MWCC build\RSBE01_01\src\mo_enemy\sora_enemy\patapata\em_patapata_param_accesser.o
[80/538] MWCC build\RSBE01_01\src\mo_enemy\sora_enemy\jdus\em_jdus_param_accesser.o
[81/538] MWCC build\RSBE01_01\src\mo_enemy\sora_enemy\ghamgha\em_ghamgha_param_accesser.o
[82/538] MWCC build\RSBE01_01\src\mo_enemy\sora_enemy\robobeam\em_robobeam_param_accesser.o
[83/538] MWCC build\RSBE01_01\src\mo_enemy\sora_enemy\robodistance\em_robodistance_param_accesser.o
[84/538] MWCC build\RSBE01_01\src\mo_enemy\sora_enemy\robohoming\em_robohoming_param_accesser.o
[85/538] MWCC build\RSBE01_01\src\mo_enemy\sora_enemy\robopunch\em_robopunch_param_accesser.o
[86/538] MWCC build\RSBE01_01\src\mo_enemy\sora_enemy\arman\wnem_proc_arman.o
[87/538] MWCC build\RSBE01_01\src\mo_enemy\sora_enemy\arman\em_arman_param_accesser.o
[88/538] MWCC build\RSBE01_01\src\mo_enemy\sora_enemy\galfire\em_galfire_param_accesser.o
[89/538] MWCC build\RSBE01_01\src\mo_enemy\mo_enemy.o
[90/538] MWCC build\RSBE01_01\src\mo_enemy\sora_enemy\ghamghabase\em_ghamghabase_param_accesser.o
[91/538] MWCC build\RSBE01_01\src\mo_enemy\sora_enemy\bosspackun\em_bosspackun_param_accesser.o
[92/538] MWCC build\RSBE01_01\src\mo_stage\mo_stage.o
[93/538] MWCC build\RSBE01_01\src\mo_enemy\sora_enemy\galleom\em_galleom_param_accesser.o
[94/538] MWCC build\RSBE01_01\src\mo_enemy\sora_enemy\ridley\em_ridley_param_accesser.o
[95/538] MWCC build\RSBE01_01\src\mo_enemy\sora_enemy\rayquaza\em_rayquaza_param_accesser.o
[96/538] MWCC build\RSBE01_01\src\mo_enemy\sora_enemy\rayquaza\wnem_proc_rayquaza.o
[97/538] MWCC build\RSBE01_01\src\mo_enemy\sora_enemy\duon\em_duon_param_accesser.o
[98/538] MWCC build\RSBE01_01\src\mo_enemy\sora_enemy\porky\em_porky_param_accesser.o
[99/538] MWCC build\RSBE01_01\src\mo_enemy\sora_enemy\taboo\wnem_proc_taboo.o
[100/538] MWCC build\RSBE01_01\src\mo_enemy\sora_enemy\metaridley\em_metaridley_param_accesser.o
[101/538] MWCC build\RSBE01_01\src\mo_enemy\sora_enemy\taboo\em_taboo_param_accesser.o
[102/538] MWCC build\RSBE01_01\src\mo_enemy\sora_enemy\falconflyer\em_falconflyer_param_accesser.o
[103/538] MWCC build\RSBE01_01\src\mo_enemy\sora_enemy\masterhand\em_masterhand_param_accesser.o
[104/538] MWCC build\RSBE01_01\src\mo_enemy\sora_enemy\crazyhand\em_crazyhand_param_accesser.o
[105/538] MWCC build\RSBE01_01\src\mo_stage\st_battles\gr_battles.o
[106/538] MWCC build\RSBE01_01\src\mo_stage\st_config\gr_config.o
[107/538] MWCC build\RSBE01_01\src\mo_stage\st_mansion\gr_mansion.o
[108/538] MWCC build\RSBE01_01\src\mo_stage\st_final\gr_final.o
[109/538] MWCC build\RSBE01_01\src\mo_stage\st_mansion\gr_mansion_area_break.o
[110/538] MWCC build\RSBE01_01\src\mo_stage\st_oldin\gr_oldin.o
[111/538] MWCC build\RSBE01_01\src\mo_stage\st_battles\st_battles.o
[112/538] MWCC build\RSBE01_01\src\mo_stage\st_config\st_config.o
[113/538] MWCC build\RSBE01_01\src\mo_stage\st_mansion\gr_mansion_area_up.o
[114/538] MWCC build\RSBE01_01\src\mo_stage\st_mansion\gr_mansion_area_down.o
[115/538] MWCC build\RSBE01_01\src\mo_stage\st_crayon\gr_crayon_yakumono.o
[116/538] MWCC build\RSBE01_01\src\mo_stage\st_tengan\gr_tengan.o
[117/538] MWCC build\RSBE01_01\src\mo_stage\st_final\st_final.o
[118/538] MWCC build\RSBE01_01\src\mo_stage\st_tengan\gr_tengan_bg.o
[119/538] MWCC build\RSBE01_01\src\mo_stage\st_starfox\st_starfox.o
[120/538] MWCC build\RSBE01_01\src\mo_stage\st_tengan\gr_tengan_ashiba.o
[121/538] MWCC build\RSBE01_01\src\mo_stage\st_gw\gr_gw_scene.o
[122/538] MWCC build\RSBE01_01\src\mo_stage\st_tengan\gr_tengan_floor.o
[123/538] MWCC build\RSBE01_01\src\mo_stage\st_crayon\st_crayon.o
[124/538] MWCC build\RSBE01_01\src\mo_stage\st_gw\gr_gw_scene_chef.o
[125/538] MWCC build\RSBE01_01\src\mo_stage\st_gw\gr_gw_scene_lion.o
[126/538] MWCC build\RSBE01_01\src\mo_stage\st_gw\gr_gw_scene_oil.o
[127/538] MWCC build\RSBE01_01\src\mo_fighter\mo_fighter.o
[128/538] MWCC build\RSBE01_01\src\mo_stage\st_gw\gr_gw_fire_etc.o
[129/538] MWCC build\RSBE01_01\src\mo_stage\st_newpork\gr_newpork.o
[130/538] MWCC build\RSBE01_01\src\mo_stage\st_dxshrine\gr_dxshrine.o
[131/538] MWCC build\RSBE01_01\src\mo_stage\st_dxbigblue\gr_dxbigblue.o
[132/538] MWCC build\RSBE01_01\src\mo_stage\st_dxcorneria\gr_dxcorneria.o
[133/538] MWCC build\RSBE01_01\src\mo_stage\st_greenhill\st_greenhill.o
[134/538] MWCC build\RSBE01_01\src\mo_stage\st_dxyorster\st_dxyorster.o
[135/538] MWCC build\RSBE01_01\src\mo_stage\st_tbreak\gr_tbreak.o
[136/538] MWCC build\RSBE01_01\src\mo_stage\st_otrain\st_onlinetrainning.o
[137/538] MWCC build\RSBE01_01\src\mo_fighter\ft_mario\ft_mario_status_uniq_process_special_n.o
[138/538] MWCC build\RSBE01_01\src\mo_fighter\ft_mario\ft_mario_status_uniq_process_special_lw_shoot.o
[139/538] MWCC build\RSBE01_01\src\mo_fighter\ft_mario\ft_mario_status_uniq_process_special_s.o
### mwcceppc.exe Compiler:
#    File: src\mo_fighter\ft_mario\ft_mario_status_uniq_process_special_s.cpp
# ---------------------------------------------------------------------------
#      40:         stop->resetEnergy(6, &Vec2f(speed.m_x, 0.0f), &Vec3f(0.0f, 0.0f, 0.0f), moduleAccesser);  
# Warning:                                                     ^
#   (10142) not an lvalue
### mwcceppc.exe Compiler:
#      40: resetEnergy(6, &Vec2f(speed.m_x, 0.0f), &Vec3f(0.0f, 0.0f, 0.0f), moduleAccesser);  
# Warning:                                                                 ^
#   (10142) not an lvalue
### mwcceppc.exe Compiler:
#      41: ValueAccesser::getConstantFloat(moduleAccesser, 0xFA9, 0), 0.0f));  
# Warning:                                                                 ^
#   (10142) not an lvalue
### mwcceppc.exe Compiler:
#      44:         gravity->resetEnergy(0, &Vec2f(0.0f, speed.m_y), &Vec3f(0.0f, 0.0f, 0.0f), moduleAccesser);  
# Warning:                                                        ^
#   (10142) not an lvalue
### mwcceppc.exe Compiler:
#      44: resetEnergy(0, &Vec2f(0.0f, speed.m_y), &Vec3f(0.0f, 0.0f, 0.0f), moduleAccesser);  
# Warning:                                                                 ^
#   (10142) not an lvalue
[140/538] MWCC build\RSBE01_01\src\mo_stage\st_dxshrine\st_dxshrine.o
[141/538] MWCC build\RSBE01_01\src\mo_stage\st_dxgarden\st_dxgarden.o
[142/538] MWCC build\RSBE01_01\src\mo_fighter\ft_luigi\ft_luigi_status_uniq_process_special_lw.o
[143/538] MWCC build\RSBE01_01\src\mo_fighter\ft_luigi\ft_luigi_status_uniq_process_special_s_ram.o
[144/538] MWCC build\RSBE01_01\src\mo_fighter\ft_luigi\ft_luigi_status_uniq_process_special_s_wall.o
[145/538] MWCC build\RSBE01_01\src\mo_fighter\ft_ness\ft_ness_status_uniq_process_attack_hi4_start.o
[146/538] MWCC build\RSBE01_01\src\mo_fighter\ft_ness\ft_ness_status_uniq_process_attack_hi4.o
[147/538] MWCC build\RSBE01_01\src\mo_stage\st_heal\st_heal.o
[148/538] MWCC build\RSBE01_01\src\mo_fighter\ft_ness\ft_ness_status_uniq_process_attack_s4.o
[149/538] MWCC build\RSBE01_01\src\mo_fighter\ft_ness\ft_ness_status_uniq_process_special_s.o
[150/538] MWCC build\RSBE01_01\src\mo_fighter\ft_ness\ft_ness_status_uniq_process_special_hi.o
[151/538] MWCC build\RSBE01_01\src\mo_fighter\ft_ness\ft_ness_status_uniq_process_special_hi_reflect.o
[152/538] MWCC build\RSBE01_01\src\mo_fighter\ft_ness\ft_ness_status_uniq_process_special_lw.o
[153/538] MWCC build\RSBE01_01\src\mo_fighter\ft_ness\ft_ness_status_uniq_process_special_lw_hold.o
### mwcceppc.exe Compiler:
#    File: src\mo_fighter\ft_ness\ft_ness_status_uniq_process_special_lw_hold.cpp
# -----------------------------------------------------------------------------
#      20:             &Vec3f(0.0f, 6.5f, 0.0f), &Vec3f(0.0f, 0.0f, 0.0f), 0.9f, false, 0, 0, -1);  
# Warning:                                     ^
#   (10142) not an lvalue
### mwcceppc.exe Compiler:
#      20:             &Vec3f(0.0f, 6.5f, 0.0f), &Vec3f(0.0f, 0.0f, 0.0f), 0.9f, false, 0, 0, -1);  
# Warning:                                                               ^
#   (10142) not an lvalue
[154/538] MWCC build\RSBE01_01\src\mo_fighter\ft_zelda\ft_zelda_status_uniq_process_special_s.o
[155/538] MWCC build\RSBE01_01\src\mo_fighter\ft_zelda\ft_zelda_status_uniq_process_special_hi.o
[156/538] MWCC build\RSBE01_01\src\mo_fighter\ft_zelda\ft_zelda_status_uniq_process_special_hi2.o
[157/538] MWCC build\RSBE01_01\src\mo_fighter\ft_zelda\ft_zelda_status_uniq_process_special_hi3.o
[158/538] MWCC build\RSBE01_01\src\mo_fighter\ft_zelda\ft_zelda_status_uniq_process_special_lw.o
[159/538] MWCC build\RSBE01_01\src\mo_fighter\ft_zelda\ft_zelda_status_uniq_process_final.o
[160/538] MWCC build\RSBE01_01\src\mo_fighter\ft_marth\ft_marth_status_uniq_process_special_s.o
### mwcceppc.exe Compiler:
#    File: src\mo_fighter\ft_marth\ft_marth_status_uniq_process_special_s.cpp
# ---------------------------------------------------------------------------
#      45:                 stop->resetEnergy(6, &Vec2f(speedX, 0.0f), &Vec3f(0.0f, 0.0f, 0.0f), moduleAccesser);  
# Warning:                                                          ^
#   (10142) not an lvalue
### mwcceppc.exe Compiler:
#      45: p->resetEnergy(6, &Vec2f(speedX, 0.0f), &Vec3f(0.0f, 0.0f, 0.0f), moduleAccesser);  
# Warning:                                                                 ^
#   (10142) not an lvalue
### mwcceppc.exe Compiler:
#      47:                 gravity->resetEnergy(0, &Vec2f(0.0f, fallSpeed), &Vec3f(0.0f, 0.0f, 0.0f), moduleAccesser);  
# Warning:                                                                ^
#   (10142) not an lvalue
### mwcceppc.exe Compiler:
#      47: resetEnergy(0, &Vec2f(0.0f, fallSpeed), &Vec3f(0.0f, 0.0f, 0.0f), moduleAccesser);  
# Warning:                                                                 ^
#   (10142) not an lvalue
### mwcceppc.exe Compiler:
#      51:                 normal->resetEnergy(3, &Vec2f(0.0f, 0.0f), &Vec3f(0.0f, 0.0f, 0.0f), moduleAccesser);  
# Warning:                                                          ^
#   (10142) not an lvalue
### mwcceppc.exe Compiler:
#      51: mal->resetEnergy(3, &Vec2f(0.0f, 0.0f), &Vec3f(0.0f, 0.0f, 0.0f), moduleAccesser);  
# Warning:                                                                 ^
#   (10142) not an lvalue
### mwcceppc.exe Compiler:
#      61:                 stop->resetEnergy(6, &Vec2f(speedX, 0.0f), &Vec3f(0.0f, 0.0f, 0.0f), moduleAccesser);  
# Warning:                                                          ^
#   (10142) not an lvalue
### mwcceppc.exe Compiler:
#      61: p->resetEnergy(6, &Vec2f(speedX, 0.0f), &Vec3f(0.0f, 0.0f, 0.0f), moduleAccesser);  
# Warning:                                                                 ^
#   (10142) not an lvalue
### mwcceppc.exe Compiler:
#      63:                 gravity->resetEnergy(0, &Vec2f(0.0f, speedY), &Vec3f(0.0f, 0.0f, 0.0f), moduleAccesser);  
# Warning:                                                             ^
#   (10142) not an lvalue
### mwcceppc.exe Compiler:
#      63: y->resetEnergy(0, &Vec2f(0.0f, speedY), &Vec3f(0.0f, 0.0f, 0.0f), moduleAccesser);  
# Warning:                                                                 ^
#   (10142) not an lvalue
### mwcceppc.exe Compiler:
#      75:                 stop->resetEnergy(6, &Vec2f(speedX, 0.0f), &Vec3f(0.0f, 0.0f, 0.0f), moduleAccesser);  
# Warning:                                                          ^
#   (10142) not an lvalue
### mwcceppc.exe Compiler:
#      75: p->resetEnergy(6, &Vec2f(speedX, 0.0f), &Vec3f(0.0f, 0.0f, 0.0f), moduleAccesser);  
# Warning:                                                                 ^
#   (10142) not an lvalue
### mwcceppc.exe Compiler:
#      77:                 gravity->resetEnergy(0, &Vec2f(0.0f, speedY), &Vec3f(0.0f, 0.0f, 0.0f), moduleAccesser);  
# Warning:                                                             ^
#   (10142) not an lvalue
### mwcceppc.exe Compiler:
#      77: y->resetEnergy(0, &Vec2f(0.0f, speedY), &Vec3f(0.0f, 0.0f, 0.0f), moduleAccesser);  
# Warning:                                                                 ^
#   (10142) not an lvalue
### mwcceppc.exe Compiler:
#      80:                 normal->resetEnergy(3, &Vec2f(0.0f, 0.0f), &Vec3f(0.0f, 0.0f, 0.0f), moduleAccesser);  
# Warning:                                                          ^
#   (10142) not an lvalue
### mwcceppc.exe Compiler:
#      80: mal->resetEnergy(3, &Vec2f(0.0f, 0.0f), &Vec3f(0.0f, 0.0f, 0.0f), moduleAccesser);  
# Warning:                                                                 ^
#   (10142) not an lvalue
### mwcceppc.exe Compiler:
#      89:                 stop->resetEnergy(6, &Vec2f(speedX, 0.0f), &Vec3f(0.0f, 0.0f, 0.0f), moduleAccesser);  
# Warning:                                                          ^
#   (10142) not an lvalue
### mwcceppc.exe Compiler:
#      89: p->resetEnergy(6, &Vec2f(speedX, 0.0f), &Vec3f(0.0f, 0.0f, 0.0f), moduleAccesser);  
# Warning:                                                                 ^
#   (10142) not an lvalue
### mwcceppc.exe Compiler:
#      91:                 gravity->resetEnergy(0, &Vec2f(0.0f, speedY), &Vec3f(0.0f, 0.0f, 0.0f), moduleAccesser);  
# Warning:                                                             ^
#   (10142) not an lvalue
### mwcceppc.exe Compiler:
#      91: y->resetEnergy(0, &Vec2f(0.0f, speedY), &Vec3f(0.0f, 0.0f, 0.0f), moduleAccesser);  
# Warning:                                                                 ^
#   (10142) not an lvalue
### mwcceppc.exe Compiler:
#      94:                 normal->resetEnergy(3, &Vec2f(0.0f, 0.0f), &Vec3f(0.0f, 0.0f, 0.0f), moduleAccesser);  
# Warning:                                                          ^
#   (10142) not an lvalue
### mwcceppc.exe Compiler:
#      94: mal->resetEnergy(3, &Vec2f(0.0f, 0.0f), &Vec3f(0.0f, 0.0f, 0.0f), moduleAccesser);  
# Warning:                                                                 ^
#   (10142) not an lvalue
### mwcceppc.exe Compiler:
#     120:                 stop->resetEnergy(6, &Vec2f(speed.m_x, 0.0f), &Vec3f(0.0f, 0.0f, 0.0f), moduleAccesser);  
# Warning:                                                             ^
#   (10142) not an lvalue
### mwcceppc.exe Compiler:
#     120: resetEnergy(6, &Vec2f(speed.m_x, 0.0f), &Vec3f(0.0f, 0.0f, 0.0f), moduleAccesser);  
# Warning:                                                                 ^
#   (10142) not an lvalue
### mwcceppc.exe Compiler:
#     122:                 gravity->resetEnergy(0, &Vec2f(0.0f, speed.m_y), &Vec3f(0.0f, 0.0f, 0.0f), moduleAccesser);  
# Warning:                                                                ^
#   (10142) not an lvalue
### mwcceppc.exe Compiler:
#     122: resetEnergy(0, &Vec2f(0.0f, speed.m_y), &Vec3f(0.0f, 0.0f, 0.0f), moduleAccesser);  
# Warning:                                                                 ^
#   (10142) not an lvalue
### mwcceppc.exe Compiler:
#     125:                 normal->resetEnergy(3, &Vec2f(0.0f, 0.0f), &Vec3f(0.0f, 0.0f, 0.0f), moduleAccesser);  
# Warning:                                                          ^
#   (10142) not an lvalue
### mwcceppc.exe Compiler:
#     125: mal->resetEnergy(3, &Vec2f(0.0f, 0.0f), &Vec3f(0.0f, 0.0f, 0.0f), moduleAccesser);  
# Warning:                                                                 ^
#   (10142) not an lvalue
### mwcceppc.exe Compiler:
#     133:                 stop->resetEnergy(6, &Vec2f(speed.m_x, 0.0f), &Vec3f(0.0f, 0.0f, 0.0f), moduleAccesser);  
# Warning:                                                             ^
#   (10142) not an lvalue
### mwcceppc.exe Compiler:
#     133: resetEnergy(6, &Vec2f(speed.m_x, 0.0f), &Vec3f(0.0f, 0.0f, 0.0f), moduleAccesser);  
# Warning:                                                                 ^
#   (10142) not an lvalue
### mwcceppc.exe Compiler:
#     135:                 gravity->resetEnergy(0, &Vec2f(0.0f, speed.m_y), &Vec3f(0.0f, 0.0f, 0.0f), moduleAccesser);  
# Warning:                                                                ^
#   (10142) not an lvalue
### mwcceppc.exe Compiler:
#     135: resetEnergy(0, &Vec2f(0.0f, speed.m_y), &Vec3f(0.0f, 0.0f, 0.0f), moduleAccesser);  
# Warning:                                                                 ^
#   (10142) not an lvalue
### mwcceppc.exe Compiler:
#     146:                 stop->resetEnergy(6, &Vec2f(speed.m_x, 0.0f), &Vec3f(0.0f, 0.0f, 0.0f), moduleAccesser);  
# Warning:                                                             ^
#   (10142) not an lvalue
### mwcceppc.exe Compiler:
#     146: resetEnergy(6, &Vec2f(speed.m_x, 0.0f), &Vec3f(0.0f, 0.0f, 0.0f), moduleAccesser);  
# Warning:                                                                 ^
#   (10142) not an lvalue
### mwcceppc.exe Compiler:
#     148:                 gravity->resetEnergy(0, &Vec2f(0.0f, speed.m_y), &Vec3f(0.0f, 0.0f, 0.0f), moduleAccesser);  
# Warning:                                                                ^
#   (10142) not an lvalue
### mwcceppc.exe Compiler:
#     148: resetEnergy(0, &Vec2f(0.0f, speed.m_y), &Vec3f(0.0f, 0.0f, 0.0f), moduleAccesser);  
# Warning:                                                                 ^
#   (10142) not an lvalue
### mwcceppc.exe Compiler:
#     151:                 normal->resetEnergy(3, &Vec2f(0.0f, 0.0f), &Vec3f(0.0f, 0.0f, 0.0f), moduleAccesser);  
# Warning:                                                          ^
#   (10142) not an lvalue
### mwcceppc.exe Compiler:
#     151: mal->resetEnergy(3, &Vec2f(0.0f, 0.0f), &Vec3f(0.0f, 0.0f, 0.0f), moduleAccesser);  
# Warning:                                                                 ^
#   (10142) not an lvalue
### mwcceppc.exe Compiler:
#     159:                 stop->resetEnergy(6, &Vec2f(speed.m_x, 0.0f), &Vec3f(0.0f, 0.0f, 0.0f), moduleAccesser);  
# Warning:                                                             ^
#   (10142) not an lvalue
### mwcceppc.exe Compiler:
#     159: resetEnergy(6, &Vec2f(speed.m_x, 0.0f), &Vec3f(0.0f, 0.0f, 0.0f), moduleAccesser);  
# Warning:                                                                 ^
#   (10142) not an lvalue
### mwcceppc.exe Compiler:
#     161:                 gravity->resetEnergy(0, &Vec2f(0.0f, speed.m_y), &Vec3f(0.0f, 0.0f, 0.0f), moduleAccesser);  
# Warning:                                                                ^
#   (10142) not an lvalue
### mwcceppc.exe Compiler:
#     161: resetEnergy(0, &Vec2f(0.0f, speed.m_y), &Vec3f(0.0f, 0.0f, 0.0f), moduleAccesser);  
# Warning:                                                                 ^
#   (10142) not an lvalue
### mwcceppc.exe Compiler:
#     164:                 normal->resetEnergy(3, &Vec2f(0.0f, 0.0f), &Vec3f(0.0f, 0.0f, 0.0f), moduleAccesser);  
# Warning:                                                          ^
#   (10142) not an lvalue
### mwcceppc.exe Compiler:
#     164: mal->resetEnergy(3, &Vec2f(0.0f, 0.0f), &Vec3f(0.0f, 0.0f, 0.0f), moduleAccesser);  
# Warning:                                                                 ^
#   (10142) not an lvalue
[161/538] MWCC build\RSBE01_01\src\mo_fighter\ft_metaknight\ft_metaknight_status_uniq_process_special_s_rush.o
[162/538] MWCC build\RSBE01_01\src\mo_fighter\ft_metaknight\ft_metaknight_status_uniq_process_special_s_end.o
### mwcceppc.exe Compiler:
#    File: src\mo_fighter\ft_metaknight\ft_metaknight_status_uniq_process_special_s_end.cpp
# -----------------------------------------------------------------------------
#      21: duleAccesser->getPostureModule().setRot(&Vec3f(0.0f, 0.0f, 0.0f), 0); 
# Warning:                                                                 ^
#   (10142) not an lvalue
### mwcceppc.exe Compiler:
#      27:                moduleAccesser->getPostureModule().getRot(0).m_z), 0); 
# Warning:                                                                 ^
#   (10142) not an lvalue
### mwcceppc.exe Compiler:
#      32: duleAccesser->getPostureModule().setRot(&Vec3f(0.0f, 0.0f, 0.0f), 0); 
# Warning:                                                                 ^
#   (10142) not an lvalue
[163/538] MWCC build\RSBE01_01\src\mo_fighter\ft_marth\ft_marth_status_uniq_process_special_lw.o
### mwcceppc.exe Compiler:
#    File: src\mo_fighter\ft_marth\ft_marth_status_uniq_process_special_lw.cpp
# ----------------------------------------------------------------------------
#      38:                 stop->resetEnergy(6, &Vec2f(speedX, zero), &Vec3f(0.0f, 0.0f, 0.0f), moduleAccesser); 
# Warning:                                                          ^
#   (10142) not an lvalue
### mwcceppc.exe Compiler:
#      38: p->resetEnergy(6, &Vec2f(speedX, zero), &Vec3f(0.0f, 0.0f, 0.0f), moduleAccesser); 
# Warning:                                                                 ^
#   (10142) not an lvalue
### mwcceppc.exe Compiler:
#      39: ValueAccesser::getConstantFloat(moduleAccesser, 0xFB1, 0), 0.0f)); 
# Warning:                                                                 ^
#   (10142) not an lvalue
### mwcceppc.exe Compiler:
#      41:                 gravity->resetEnergy(0, &Vec2f(0.0f, zero), &Vec3f(0.0f, 0.0f, 0.0f), moduleAccesser); 
# Warning:                                                           ^
#   (10142) not an lvalue
### mwcceppc.exe Compiler:
#      41: ity->resetEnergy(0, &Vec2f(0.0f, zero), &Vec3f(0.0f, 0.0f, 0.0f), moduleAccesser); 
# Warning:                                                                 ^
#   (10142) not an lvalue
### mwcceppc.exe Compiler:
#      83:                     stop->resetEnergy(6, &Vec2f(speedX, 0.0f), &Vec3f(0.0f, 0.0f, 0.0f), moduleAccesser); 
# Warning:                                                              ^
#   (10142) not an lvalue
### mwcceppc.exe Compiler:
#      83: p->resetEnergy(6, &Vec2f(speedX, 0.0f), &Vec3f(0.0f, 0.0f, 0.0f), moduleAccesser); 
# Warning:                                                                 ^
#   (10142) not an lvalue
### mwcceppc.exe Compiler:
#      84: ValueAccesser::getConstantFloat(moduleAccesser, 0xFB1, 0), 0.0f)); 
# Warning:                                                                 ^
#   (10142) not an lvalue
### mwcceppc.exe Compiler:
#      86:                     gravity->resetEnergy(0, &Vec2f(0.0f, speedY), &Vec3f(0.0f, 0.0f, 0.0f), moduleAccesser); 
# Warning:                                                                 ^
#   (10142) not an lvalue
### mwcceppc.exe Compiler:
#      86: y->resetEnergy(0, &Vec2f(0.0f, speedY), &Vec3f(0.0f, 0.0f, 0.0f), moduleAccesser); 
# Warning:                                                                 ^
#   (10142) not an lvalue
[164/538] MWCC build\RSBE01_01\src\mo_fighter\ft_metaknight\ft_metaknight_status_uniq_process_final_end.o
[165/538] MWCC build\RSBE01_01\src\sora\sr\sr_getappname.o
[166/538] MWCC build\RSBE01_01\src\mo_fighter\ft_metaknight\ft_metaknight_status_uniq_process_final_attack_gallery.o
[167/538] MWCC build\RSBE01_01\src\mo_fighter\ft_pit\ft_pit_status_uniq_process_special_s_revolve.o
[168/538] MWCC build\RSBE01_01\src\mo_fighter\ft_pit\ft_pit_status_uniq_process_special_hi_fly.o
[169/538] MWCC build\RSBE01_01\src\mo_fighter\ft_pit\ft_pit_status_uniq_process_special_lw_hold.o
[170/538] MWCC build\RSBE01_01\src\sora\sr\sr_common.o
[171/538] MWCC build\RSBE01_01\src\sora\gf\gf_3d_scene_event.o
[172/538] MWCC build\RSBE01_01\src\sora\sr\sr_revision.o
[173/538] MWCC build\RSBE01_01\src\sora\main.o
[174/538] MWCC build\RSBE01_01\src\mo_fighter\ft_lucas\ft_lucas_status_uniq_process_attack_s4.o
[175/538] MWCC build\RSBE01_01\src\sora\gf\gf_archive_load_thread.o
[176/538] MWCC build\RSBE01_01\src\mo_fighter\ft_lucas\ft_lucas_status_uniq_process_air_lasso.o
[177/538] MWCC build\RSBE01_01\src\sora\gf\gf_callback.o
[178/538] MWCC build\RSBE01_01\src\mo_fighter\ft_lucas\ft_lucas_status_uniq_process_special_s.o
[179/538] MWCC build\RSBE01_01\src\sora\gf\gf_decomp.o
[180/538] MWCC build\RSBE01_01\src\mo_fighter\ft_lucas\ft_lucas_status_uniq_process_special_hi.o
[181/538] MWCC build\RSBE01_01\src\sora\gf\gf_camera_controller.o
[182/538] MWCC build\RSBE01_01\src\sora\gf\gf_archive_file.o
[183/538] MWCC build\RSBE01_01\src\sora\gf\gf_archive_db.o
[184/538] MWCC build\RSBE01_01\src\mo_fighter\ft_lucas\ft_lucas_status_uniq_process_special_hi_attack_end.o
[185/538] MWCC build\RSBE01_01\src\sora\gf\gf_3d_scene_light_resource.o
[186/538] MWCC build\RSBE01_01\src\mo_fighter\ft_lucas\ft_lucas_status_uniq_process_special_hi_reflect.o
[187/538] MWCC build\RSBE01_01\src\sora\gf\gf_archive_manager.o
[188/538] MWCC build\RSBE01_01\src\mo_fighter\ft_lucas\ft_lucas_status_uniq_process_special_lw.o
[189/538] MWCC build\RSBE01_01\src\sora\gf\gf_gameframe_counter.o
[190/538] MWCC build\RSBE01_01\src\mo_fighter\ft_lucas\ft_lucas_status_uniq_process_special_lw_hold.o
### mwcceppc.exe Compiler:
#    File: src\mo_fighter\ft_lucas\ft_lucas_status_uniq_process_special_lw_hold.cpp
# -----------------------------------------------------------------------------
#      20:             &Vec3f(0.0f, 6.5f, 10.0f), &Vec3f(0.0f, 0.0f, 0.0f), 0.9f, false, 0, 0, -1);  
# Warning:                                      ^
#   (10142) not an lvalue
### mwcceppc.exe Compiler:
#      20:             &Vec3f(0.0f, 6.5f, 10.0f), &Vec3f(0.0f, 0.0f, 0.0f), 0.9f, false, 0, 0, -1);  
# Warning:                                                                ^
#   (10142) not an lvalue
[191/538] MWCC build\RSBE01_01\src\sora\gf\gf_pad_queue.o
[192/538] MWCC build\RSBE01_01\src\sora\gf\gf_file_io_handle.o
[193/538] MWCC build\RSBE01_01\src\sora\gf\gf_pad_thread.o
[194/538] MWCC build\RSBE01_01\src\sora\gf\gf_memory_util.o
[195/538] MWCC build\RSBE01_01\src\sora\gf\gf_task.o
[196/538] MWCC build\RSBE01_01\src\mo_fighter\ft_sonic\ft_sonic_status_uniq_process_special_lw_hold.o
[197/538] MWCC build\RSBE01_01\src\sora\gf\gf_system_callback.o
[198/538] MWCC build\RSBE01_01\src\sora\gf\gf_file_io_request.o
[199/538] MWCC build\RSBE01_01\src\sora\gf\gf_slow_manager.o
[200/538] MWCC build\RSBE01_01\src\sora\gf\gf_monitor.o
[201/538] MWCC build\RSBE01_01\src\sora\gf\gf_thread.o
[202/538] MWCC build\RSBE01_01\src\sora\gf\gf_keep_fb.o
[203/538] MWCC build\RSBE01_01\src\sora\mt\mt_prng.o
[204/538] MWCC build\RSBE01_01\src\mo_fighter\ft_sonic\ft_sonic_status_uniq_process_special_s_wall_end.o
[205/538] MWCC build\RSBE01_01\src\mo_fighter\ft_sonic\ft_sonic_status_uniq_process_final_end.o
### mwcceppc.exe Compiler:
#    File: src\mo_fighter\ft_sonic\ft_sonic_status_uniq_process_final_end.cpp
# ---------------------------------------------------------------------------
#      25: ureModule().initPos(&soExternalValueAccesser::getPos(superSonic)); 
# Warning:                                                                 ^
#   (10142) not an lvalue
### mwcceppc.exe Compiler:
#      25: ureModule().initPos(&soExternalValueAccesser::getPos(superSonic)); 
# Warning:                                                                 ^
#   (10142) not an lvalue
[206/538] MWCC build\RSBE01_01\src\sora\st\module.o
[207/538] MWCC build\RSBE01_01\src\sora\gf\gf_capture_util.o
[208/538] MWCC build\RSBE01_01\src\sora\gf\gf_resource_loader.o
[209/538] MWCC build\RSBE01_01\src\sora\ut\ut_list.o
[210/538] MWCC build\RSBE01_01\src\sora\ef\ef_screen_handle.o
[211/538] MWCC build\RSBE01_01\src\sora\mt\mt_prng_log.o
[212/538] MWCC build\RSBE01_01\src\sora\cm\cm_controller_default.o
[213/538] MWCC build\RSBE01_01\src\sora\mv\mv_THPAudioDecode.o
[214/538] MWCC build\RSBE01_01\src\sora\ip\ip_human.o
[215/538] MWCC build\RSBE01_01\src\sora\ut\ut_nw.o
[216/538] MWCC build\RSBE01_01\src\sora\gf\gf_error_check.o
[217/538] MWCC build\RSBE01_01\src\sora\cm\cm_controller_menu_fixed.o
[218/538] MWCC build\RSBE01_01\src\sora\if\if_wifipr_task.o
[219/538] MWCC build\RSBE01_01\src\sora\if\if_adv_task.o
[220/538] MWCC build\RSBE01_01\src\sora\cm\cm_controller_melee_fixed.o
[221/538] MWCC build\RSBE01_01\src\sora\mv\mv_THPRead.o
[222/538] MWCC build\RSBE01_01\src\sora\gf\gf_error_manager.o
[223/538] MWCC build\RSBE01_01\src\sora\gr\collision\gr_collision_shape.o
[224/538] MWCC build\RSBE01_01\src\sora\gr\collision\gr_collision_data.o
[225/538] MWCC build\RSBE01_01\src\sora\gr\collision\gr_collision_shape_rhombus.o
[226/538] MWCC build\RSBE01_01\src\sora\gr\gr_path.o
[227/538] MWCC build\RSBE01_01\src\sora\ft\ft_system.o
[228/538] MWCC build\RSBE01_01\src\sora\cm\cm_stage_param.o
[229/538] MWCC build\RSBE01_01\src\sora\gr\collision\gr_collision_shape_circle.o
[230/538] MWCC build\RSBE01_01\src\sora\nt\nt_offline.o
[231/538] MWCC build\RSBE01_01\src\sora\gf\gf_shutdown_manager.o
[232/538] MWCC build\RSBE01_01\src\sora\ec\ec_trace_mgr.o
[233/538] MWCC build\RSBE01_01\src\sora\gr\collision\gr_collision_handle.o
[234/538] MWCC build\RSBE01_01\src\sora\nt\d_net_connect.o
[235/538] MWCC build\RSBE01_01\src\sora\ad\ad_static_data.o
[236/538] MWCC build\RSBE01_01\src\sora\if\if_stgedit.o
[237/538] MWCC build\RSBE01_01\src\sora\nt\nt_etc_so.o
[238/538] MWCC build\RSBE01_01\src\sora\ac\ac_anim_cmd_impl.o
[239/538] LINK build\RSBE01_01\sora_menu_tour\sora_menu_tour.preplf
[240/538] MWCC build\RSBE01_01\src\sora\ac\ac_null.o
[241/538] LINK build\RSBE01_01\sora_menu_main\sora_menu_main.preplf
[242/538] MWCC build\RSBE01_01\src\Runtime.PPCEABI.H\__init_cpp_exceptions.o
[243/538] MWCC build\RSBE01_01\src\sora\nt\nt_send.o
[244/538] LINK build\RSBE01_01\sora_menu_qm\sora_menu_qm.preplf
[245/538] MWCC build\RSBE01_01\src\sora\nt\nt_etc_dwc.o
[246/538] MWCC build\RSBE01_01\src\sora\st\st_data_container.o
[247/538] LINK build\RSBE01_01\sora_scene\sora_scene.preplf
[248/538] LINK build\RSBE01_01\sora_menu_collect_viewer\sora_menu_collect_viewer.preplf
[249/538] LINK build\RSBE01_01\sora_menu_event\sora_menu_event.preplf
[250/538] MWCC build\RSBE01_01\src\sora\st\st_data_container_magic.o
[251/538] MWCC build\RSBE01_01\src\sora\st\st_data_container_multi.o
[252/538] MWCC build\RSBE01_01\src\sora\snd\snd_init_thread.o
[253/538] LINK build\RSBE01_01\sora_menu_replay\sora_menu_replay.preplf
[254/538] LINK build\RSBE01_01\sora_menu_sel_char\sora_menu_sel_char.preplf
[255/538] LINK build\RSBE01_01\sora_menu_edit\sora_menu_edit.preplf
[256/538] LINK build\RSBE01_01\sora_minigame\sora_minigame.preplf
[257/538] LINK build\RSBE01_01\sora_menu_time_result\sora_menu_time_result.preplf
[258/538] LINK build\RSBE01_01\sora_menu_snap_shot\sora_menu_snap_shot.preplf
[259/538] LINK build\RSBE01_01\sora_menu_game_over\sora_menu_game_over.preplf
[260/538] LINK build\RSBE01_01\sora_menu_boot\sora_menu_boot.preplf
[261/538] LINK build\RSBE01_01\sora_menu_challenger\sora_menu_challenger.preplf
[262/538] LINK build\RSBE01_01\sora_menu_intro\sora_menu_intro.preplf
[263/538] LINK build\RSBE01_01\sora_menu_title\sora_menu_title.preplf
[264/538] LINK build\RSBE01_01\sora_menu_friend_list\sora_menu_friend_list.preplf
[265/538] LINK build\RSBE01_01\sora_menu_sel_stage\sora_menu_sel_stage.preplf
[266/538] LINK build\RSBE01_01\sora_menu_sel_char_access\sora_menu_sel_char_access.preplf
[267/538] LINK build\RSBE01_01\sora_menu_watch\sora_menu_watch.preplf
[268/538] LINK build\RSBE01_01\sora_menu_name\sora_menu_name.preplf
[269/538] LINK build\RSBE01_01\sora_menu_simple_ending\sora_menu_simple_ending.preplf
[270/538] LINK build\RSBE01_01\sora_menu_title_sunset\sora_menu_title_sunset.preplf
[271/538] LINK build\RSBE01_01\sora_menu_rule\sora_menu_rule.preplf
[272/538] LINK build\RSBE01_01\sora_menu_fig_get_demo\sora_menu_fig_get_demo.preplf
[273/538] LINK build\RSBE01_01\sora_adv_menu_name\sora_adv_menu_name.preplf
[274/538] LINK build\RSBE01_01\sora_adv_menu_visual\sora_adv_menu_visual.preplf
[275/538] LINK build\RSBE01_01\sora_adv_menu_sel_char\sora_adv_menu_sel_char.preplf
[276/538] LINK build\RSBE01_01\sora_adv_menu_sel_map\sora_adv_menu_sel_map.preplf
[277/538] LINK build\RSBE01_01\sora_adv_menu_difficulty\sora_adv_menu_difficulty.preplf
[278/538] LINK build\RSBE01_01\sora_adv_menu_game_over\sora_adv_menu_game_over.preplf
[279/538] LINK build\RSBE01_01\sora_adv_menu_result\sora_adv_menu_result.preplf
[280/538] LINK build\RSBE01_01\sora_adv_menu_save_load\sora_adv_menu_save_load.preplf
[281/538] LINK build\RSBE01_01\sora_adv_menu_seal\sora_adv_menu_seal.preplf
[282/538] LINK build\RSBE01_01\sora_adv_menu_ending\sora_adv_menu_ending.preplf
[283/538] LINK build\RSBE01_01\sora_adv_menu_telop\sora_adv_menu_telop.preplf
[284/538] LINK build\RSBE01_01\sora_adv_menu_save_point\sora_adv_menu_save_point.preplf
[285/538] LINK build\RSBE01_01\sora_adv_stage\sora_adv_stage.preplf
[286/538] LINK build\RSBE01_01\st_battles\st_battles.preplf
[287/538] LINK build\RSBE01_01\st_battle\st_battle.preplf
[288/538] LINK build\RSBE01_01\st_config\st_config.preplf
[289/538] LINK build\RSBE01_01\st_final\st_final.preplf
[290/538] LINK build\RSBE01_01\st_dolpic\st_dolpic.preplf
[291/538] LINK build\RSBE01_01\st_mansion\st_mansion.preplf
[292/538] LINK build\RSBE01_01\st_mariopast\st_mariopast.preplf
[293/538] LINK build\RSBE01_01\st_kart\st_kart.preplf
[294/538] LINK build\RSBE01_01\st_donkey\st_donkey.preplf
[295/538] LINK build\RSBE01_01\st_jungle\st_jungle.preplf
[296/538] LINK build\RSBE01_01\st_pirates\st_pirates.preplf
[297/538] LINK build\RSBE01_01\st_oldin\st_oldin.preplf
[298/538] LINK build\RSBE01_01\st_norfair\st_norfair.preplf
[299/538] LINK build\RSBE01_01\st_orpheon\st_orpheon.preplf
[300/538] LINK build\RSBE01_01\st_crayon\st_crayon.preplf
[301/538] LINK build\RSBE01_01\st_halberd\st_halberd.preplf
[302/538] LINK build\RSBE01_01\st_starfox\st_starfox.preplf
[303/538] LINK build\RSBE01_01\st_stadium\st_stadium.preplf
[304/538] LINK build\RSBE01_01\st_tengan\st_tengan.preplf
[305/538] LINK build\RSBE01_01\st_fzero\st_fzero.preplf
[306/538] LINK build\RSBE01_01\st_ice\st_ice.preplf
[307/538] LINK build\RSBE01_01\st_gw\st_gw.preplf
[308/538] LINK build\RSBE01_01\st_emblem\st_emblem.preplf
[309/538] LINK build\RSBE01_01\st_madein\st_madein.preplf
[310/538] LINK build\RSBE01_01\st_earth\st_earth.preplf
[311/538] LINK build\RSBE01_01\st_palutena\st_palutena.preplf
[312/538] LINK build\RSBE01_01\st_famicom\st_famicom.preplf
[313/538] LINK build\RSBE01_01\st_newpork\st_newpork.preplf
[314/538] LINK build\RSBE01_01\st_village\st_village.preplf
[315/538] LINK build\RSBE01_01\st_metalgear\st_metalgear.preplf
[316/538] LINK build\RSBE01_01\st_greenhill\st_greenhill.preplf
[317/538] LINK build\RSBE01_01\st_pictchat\st_pictchat.preplf
[318/538] LINK build\RSBE01_01\st_plankton\st_plankton.preplf
[319/538] LINK build\RSBE01_01\st_dxshrine\st_dxshrine.preplf
[320/538] LINK build\RSBE01_01\st_dxyorster\st_dxyorster.preplf
[321/538] LINK build\RSBE01_01\sora_enemy\sora_enemy.preplf
[322/538] LINK build\RSBE01_01\st_dxgarden\st_dxgarden.preplf
[323/538] LINK build\RSBE01_01\st_dxonett\st_dxonett.preplf
[324/538] LINK build\RSBE01_01\st_dxgreens\st_dxgreens.preplf
[325/538] LINK build\RSBE01_01\st_dxrcruise\st_dxrcruise.preplf
[326/538] LINK build\RSBE01_01\st_dxbigblue\st_dxbigblue.preplf
[327/538] LINK build\RSBE01_01\st_dxcorneria\st_dxcorneria.preplf
[328/538] LINK build\RSBE01_01\st_dxpstadium\st_dxpstadium.preplf
[329/538] LINK build\RSBE01_01\st_dxzebes\st_dxzebes.preplf
[330/538] LINK build\RSBE01_01\st_stageedit\st_stageedit.preplf
[331/538] LINK build\RSBE01_01\st_otrain\st_otrain.preplf
[332/538] LINK build\RSBE01_01\st_heal\st_heal.preplf
[333/538] LINK build\RSBE01_01\st_homerun\st_homerun.preplf
[334/538] LINK build\RSBE01_01\st_tbreak\st_tbreak.preplf
[335/538] LINK build\RSBE01_01\st_croll\st_croll.preplf
[336/538] LINK build\RSBE01_01\ft_mario\ft_mario.preplf
[337/538] LINK build\RSBE01_01\ft_donkey\ft_donkey.preplf
[338/538] LINK build\RSBE01_01\ft_link\ft_link.preplf
[339/538] LINK build\RSBE01_01\ft_samus\ft_samus.preplf
[340/538] LINK build\RSBE01_01\ft_yoshi\ft_yoshi.preplf
[341/538] LINK build\RSBE01_01\ft_kirby\ft_kirby.preplf
[342/538] LINK build\RSBE01_01\ft_fox\ft_fox.preplf
[343/538] LINK build\RSBE01_01\ft_pikachu\ft_pikachu.preplf
[344/538] LINK build\RSBE01_01\ft_luigi\ft_luigi.preplf
[345/538] LINK build\RSBE01_01\ft_captain\ft_captain.preplf
[346/538] LINK build\RSBE01_01\ft_ness\ft_ness.preplf
[347/538] LINK build\RSBE01_01\ft_koopa\ft_koopa.preplf
[348/538] LINK build\RSBE01_01\ft_peach\ft_peach.preplf
[349/538] LINK build\RSBE01_01\ft_zelda\ft_zelda.preplf
[350/538] LINK build\RSBE01_01\ft_iceclimber\ft_iceclimber.preplf
[351/538] LINK build\RSBE01_01\ft_marth\ft_marth.preplf
[352/538] LINK build\RSBE01_01\ft_gamewatch\ft_gamewatch.preplf
[353/538] LINK build\RSBE01_01\ft_falco\ft_falco.preplf
[354/538] LINK build\RSBE01_01\ft_ganon\ft_ganon.preplf
[355/538] LINK build\RSBE01_01\ft_wario\ft_wario.preplf
[356/538] LINK build\RSBE01_01\ft_metaknight\ft_metaknight.preplf
[357/538] LINK build\RSBE01_01\ft_pit\ft_pit.preplf
[358/538] LINK build\RSBE01_01\ft_pikmin\ft_pikmin.preplf
[359/538] LINK build\RSBE01_01\ft_lucas\ft_lucas.preplf
[360/538] LINK build\RSBE01_01\ft_diddy\ft_diddy.preplf
[361/538] LINK build\RSBE01_01\ft_poke\ft_poke.preplf
[362/538] LINK build\RSBE01_01\ft_dedede\ft_dedede.preplf
[363/538] LINK build\RSBE01_01\ft_lucario\ft_lucario.preplf
[364/538] LINK build\RSBE01_01\ft_ike\ft_ike.preplf
[365/538] LINK build\RSBE01_01\ft_robot\ft_robot.preplf
[366/538] LINK build\RSBE01_01\ft_toonlink\ft_toonlink.preplf
[367/538] LINK build\RSBE01_01\ft_snake\ft_snake.preplf
[368/538] LINK build\RSBE01_01\ft_sonic\ft_sonic.preplf
[369/538] LINK build\RSBE01_01\ft_purin\ft_purin.preplf
[370/538] LINK build\RSBE01_01\ft_wolf\ft_wolf.preplf
[371/538] LINK build\RSBE01_01\ft_zako\ft_zako.preplf
[372/538] LINK build\RSBE01_01\sora_menu_main\sora_menu_main.plf
[373/538] LINK build\RSBE01_01\sora_menu_tour\sora_menu_tour.plf
[374/538] LINK build\RSBE01_01\sora_menu_qm\sora_menu_qm.plf
[375/538] LINK build\RSBE01_01\sora_menu_edit\sora_menu_edit.plf
[376/538] LINK build\RSBE01_01\sora_menu_collect_viewer\sora_menu_collect_viewer.plf
[377/538] LINK build\RSBE01_01\sora_menu_replay\sora_menu_replay.plf
[378/538] LINK build\RSBE01_01\sora_menu_snap_shot\sora_menu_snap_shot.plf
[379/538] LINK build\RSBE01_01\sora_menu_event\sora_menu_event.plf
[380/538] LINK build\RSBE01_01\sora_menu_sel_char\sora_menu_sel_char.plf
[381/538] LINK build\RSBE01_01\sora_menu_sel_stage\sora_menu_sel_stage.plf
[382/538] LINK build\RSBE01_01\sora_melee\sora_melee.preplf
[383/538] LINK build\RSBE01_01\sora_menu_game_over\sora_menu_game_over.plf
[384/538] LINK build\RSBE01_01\sora_menu_intro\sora_menu_intro.plf
[385/538] LINK build\RSBE01_01\sora_menu_friend_list\sora_menu_friend_list.plf
[386/538] LINK build\RSBE01_01\sora_menu_watch\sora_menu_watch.plf
[387/538] LINK build\RSBE01_01\sora_menu_name\sora_menu_name.plf
[388/538] LINK build\RSBE01_01\sora_menu_rule\sora_menu_rule.plf
[389/538] LINK build\RSBE01_01\sora_menu_simple_ending\sora_menu_simple_ending.plf
[390/538] LINK build\RSBE01_01\sora_minigame\sora_minigame.plf
[391/538] LINK build\RSBE01_01\sora_menu_time_result\sora_menu_time_result.plf
[392/538] LINK build\RSBE01_01\sora_menu_boot\sora_menu_boot.plf
[393/538] LINK build\RSBE01_01\sora_menu_challenger\sora_menu_challenger.plf
[394/538] LINK build\RSBE01_01\sora_menu_title\sora_menu_title.plf
[395/538] LINK build\RSBE01_01\sora_menu_title_sunset\sora_menu_title_sunset.plf
[396/538] LINK build\RSBE01_01\sora_menu_fig_get_demo\sora_menu_fig_get_demo.plf
[397/538] LINK build\RSBE01_01\sora_adv_menu_name\sora_adv_menu_name.plf
[398/538] LINK build\RSBE01_01\sora_adv_menu_visual\sora_adv_menu_visual.plf
[399/538] LINK build\RSBE01_01\sora_adv_menu_sel_char\sora_adv_menu_sel_char.plf
[400/538] LINK build\RSBE01_01\sora_adv_menu_sel_map\sora_adv_menu_sel_map.plf
[401/538] LINK build\RSBE01_01\sora_adv_menu_difficulty\sora_adv_menu_difficulty.plf
[402/538] LINK build\RSBE01_01\sora_adv_menu_game_over\sora_adv_menu_game_over.plf
[403/538] LINK build\RSBE01_01\sora_adv_menu_result\sora_adv_menu_result.plf
[404/538] LINK build\RSBE01_01\sora_adv_menu_save_load\sora_adv_menu_save_load.plf
[405/538] LINK build\RSBE01_01\sora_adv_menu_seal\sora_adv_menu_seal.plf
[406/538] LINK build\RSBE01_01\sora_adv_menu_ending\sora_adv_menu_ending.plf
[407/538] LINK build\RSBE01_01\sora_adv_menu_save_point\sora_adv_menu_save_point.plf
[408/538] LINK build\RSBE01_01\st_battle\st_battle.plf
[409/538] LINK build\RSBE01_01\st_dolpic\st_dolpic.plf
[410/538] LINK build\RSBE01_01\st_mansion\st_mansion.plf
[411/538] LINK build\RSBE01_01\st_mariopast\st_mariopast.plf
[412/538] LINK build\RSBE01_01\st_kart\st_kart.plf
[413/538] LINK build\RSBE01_01\st_donkey\st_donkey.plf
[414/538] LINK build\RSBE01_01\st_jungle\st_jungle.plf
[415/538] LINK build\RSBE01_01\st_pirates\st_pirates.plf
[416/538] LINK build\RSBE01_01\st_norfair\st_norfair.plf
[417/538] LINK build\RSBE01_01\sora_menu_sel_char_access\sora_menu_sel_char_access.plf
### build\compilers\GC\3.0a5.2\mwldeppc.exe Linker Warning:
#   FORCEACTIVE symbol 'lbl_17_section4_0' is either not a global symbol or 
#   doesn't exist.  Ignored.
[418/538] LINK build\RSBE01_01\st_orpheon\st_orpheon.plf
[419/538] LINK build\RSBE01_01\st_halberd\st_halberd.plf
[420/538] LINK build\RSBE01_01\st_starfox\st_starfox.plf
[421/538] LINK build\RSBE01_01\st_stadium\st_stadium.plf
[422/538] LINK build\RSBE01_01\st_fzero\st_fzero.plf
[423/538] LINK build\RSBE01_01\st_ice\st_ice.plf
[424/538] LINK build\RSBE01_01\st_gw\st_gw.plf
[425/538] LINK build\RSBE01_01\st_emblem\st_emblem.plf
[426/538] LINK build\RSBE01_01\st_madein\st_madein.plf
[427/538] LINK build\RSBE01_01\st_earth\st_earth.plf
[428/538] LINK build\RSBE01_01\st_palutena\st_palutena.plf
[429/538] LINK build\RSBE01_01\st_famicom\st_famicom.plf
[430/538] LINK build\RSBE01_01\st_village\st_village.plf
[431/538] LINK build\RSBE01_01\st_metalgear\st_metalgear.plf
[432/538] LINK build\RSBE01_01\st_pictchat\st_pictchat.plf
[433/538] LINK build\RSBE01_01\st_plankton\st_plankton.plf
[434/538] LINK build\RSBE01_01\st_dxshrine\st_dxshrine.plf
### build\compilers\GC\3.0a5.2\mwldeppc.exe Linker Warning:
#   FORCEACTIVE symbol 'grDxShrine::__vtable' is either not a global symbol or 
#   doesn't exist.  Ignored.
### build\compilers\GC\3.0a5.2\mwldeppc.exe Linker Warning:
#   FORCEACTIVE symbol '@7862' is either not a global symbol or doesn't exist. 
#    Ignored.
### build\compilers\GC\3.0a5.2\mwldeppc.exe Linker Warning:
#   FORCEACTIVE symbol 'stDxShrine::bss_loc_14' is either not a global symbol 
#   or doesn't exist.  Ignored.
[435/538] LINK build\RSBE01_01\sora_adv_menu_telop\sora_adv_menu_telop.plf
### build\compilers\GC\3.0a5.2\mwldeppc.exe Linker Warning:
#   FORCEACTIVE symbol 'lbl_38_rodata_0' is either not a global symbol or 
#   doesn't exist.  Ignored.
### build\compilers\GC\3.0a5.2\mwldeppc.exe Linker Warning:
#   FORCEACTIVE symbol 'lbl_38_data_0' is either not a global symbol or 
#   doesn't exist.  Ignored.
### build\compilers\GC\3.0a5.2\mwldeppc.exe Linker Warning:
#   FORCEACTIVE symbol 'lbl_38_data_8' is either not a global symbol or 
#   doesn't exist.  Ignored.
### build\compilers\GC\3.0a5.2\mwldeppc.exe Linker Warning:
#   FORCEACTIVE symbol 'lbl_38_data_78' is either not a global symbol or 
#   doesn't exist.  Ignored.
### build\compilers\GC\3.0a5.2\mwldeppc.exe Linker Warning:
#   FORCEACTIVE symbol 'lbl_38_data_88' is either not a global symbol or 
#   doesn't exist.  Ignored.
### build\compilers\GC\3.0a5.2\mwldeppc.exe Linker Warning:
#   FORCEACTIVE symbol 'lbl_38_data_A0' is either not a global symbol or 
#   doesn't exist.  Ignored.
[436/538] LINK build\RSBE01_01\st_newpork\st_newpork.plf
### build\compilers\GC\3.0a5.2\mwldeppc.exe Linker Warning:
#   FORCEACTIVE symbol 'lbl_69_rodata_88' is either not a global symbol or 
#   doesn't exist.  Ignored.
### build\compilers\GC\3.0a5.2\mwldeppc.exe Linker Warning:
#   FORCEACTIVE symbol 'lbl_69_rodata_8C' is either not a global symbol or 
#   doesn't exist.  Ignored.
### build\compilers\GC\3.0a5.2\mwldeppc.exe Linker Warning:
#   FORCEACTIVE symbol 'lbl_69_data_CD0' is either not a global symbol or 
#   doesn't exist.  Ignored.
### build\compilers\GC\3.0a5.2\mwldeppc.exe Linker Warning:
#   FORCEACTIVE symbol 'lbl_69_data_CDC' is either not a global symbol or 
#   doesn't exist.  Ignored.
### build\compilers\GC\3.0a5.2\mwldeppc.exe Linker Warning:
#   FORCEACTIVE symbol 'lbl_69_data_D18' is either not a global symbol or 
#   doesn't exist.  Ignored.
### build\compilers\GC\3.0a5.2\mwldeppc.exe Linker Warning:
#   FORCEACTIVE symbol 'lbl_69_data_D24' is either not a global symbol or 
#   doesn't exist.  Ignored.
### build\compilers\GC\3.0a5.2\mwldeppc.exe Linker Warning:
#   FORCEACTIVE symbol 'lbl_69_data_D58' is either not a global symbol or 
#   doesn't exist.  Ignored.
### build\compilers\GC\3.0a5.2\mwldeppc.exe Linker Warning:
#   FORCEACTIVE symbol 'lbl_69_data_D68' is either not a global symbol or 
#   doesn't exist.  Ignored.
### build\compilers\GC\3.0a5.2\mwldeppc.exe Linker Warning:
#   FORCEACTIVE symbol 'lbl_69_data_D98' is either not a global symbol or 
#   doesn't exist.  Ignored.
### build\compilers\GC\3.0a5.2\mwldeppc.exe Linker Warning:
#   FORCEACTIVE symbol 'lbl_69_data_DA4' is either not a global symbol or 
#   doesn't exist.  Ignored.
### build\compilers\GC\3.0a5.2\mwldeppc.exe Linker Warning:
#   FORCEACTIVE symbol 'lbl_69_data_DC8' is either not a global symbol or 
#   doesn't exist.  Ignored.
### build\compilers\GC\3.0a5.2\mwldeppc.exe Linker Warning:
#   FORCEACTIVE symbol 'lbl_69_data_DD4' is either not a global symbol or 
#   doesn't exist.  Ignored.
### build\compilers\GC\3.0a5.2\mwldeppc.exe Linker Warning:
#   FORCEACTIVE symbol 'lbl_69_data_DF0' is either not a global symbol or 
#   doesn't exist.  Ignored.
### build\compilers\GC\3.0a5.2\mwldeppc.exe Linker Warning:
#   FORCEACTIVE symbol 'lbl_69_data_DF8' is either not a global symbol or 
#   doesn't exist.  Ignored.
[437/538] LINK build\RSBE01_01\st_oldin\st_oldin.plf
### build\compilers\GC\3.0a5.2\mwldeppc.exe Linker Warning:
#   FORCEACTIVE symbol 'lbl_53_data_888' is either not a global symbol or 
#   doesn't exist.  Ignored.
### build\compilers\GC\3.0a5.2\mwldeppc.exe Linker Warning:
#   FORCEACTIVE symbol 'lbl_53_data_890' is either not a global symbol or 
#   doesn't exist.  Ignored.
### build\compilers\GC\3.0a5.2\mwldeppc.exe Linker Warning:
#   FORCEACTIVE symbol 'lbl_53_data_8C8' is either not a global symbol or 
#   doesn't exist.  Ignored.
### build\compilers\GC\3.0a5.2\mwldeppc.exe Linker Warning:
#   FORCEACTIVE symbol 'lbl_53_data_8D0' is either not a global symbol or 
#   doesn't exist.  Ignored.
### build\compilers\GC\3.0a5.2\mwldeppc.exe Linker Warning:
#   FORCEACTIVE symbol 'lbl_53_data_8DC' is either not a global symbol or 
#   doesn't exist.  Ignored.
### build\compilers\GC\3.0a5.2\mwldeppc.exe Linker Warning:
#   FORCEACTIVE symbol 'lbl_53_data_908' is either not a global symbol or 
#   doesn't exist.  Ignored.
### build\compilers\GC\3.0a5.2\mwldeppc.exe Linker Warning:
#   FORCEACTIVE symbol 'lbl_53_data_910' is either not a global symbol or 
#   doesn't exist.  Ignored.
### build\compilers\GC\3.0a5.2\mwldeppc.exe Linker Warning:
#   FORCEACTIVE symbol 'lbl_53_data_920' is either not a global symbol or 
#   doesn't exist.  Ignored.
### build\compilers\GC\3.0a5.2\mwldeppc.exe Linker Warning:
#   FORCEACTIVE symbol 'lbl_53_data_948' is either not a global symbol or 
#   doesn't exist.  Ignored.
### build\compilers\GC\3.0a5.2\mwldeppc.exe Linker Warning:
#   FORCEACTIVE symbol 'lbl_53_data_950' is either not a global symbol or 
#   doesn't exist.  Ignored.
### build\compilers\GC\3.0a5.2\mwldeppc.exe Linker Warning:
#   FORCEACTIVE symbol 'lbl_53_data_95C' is either not a global symbol or 
#   doesn't exist.  Ignored.
### build\compilers\GC\3.0a5.2\mwldeppc.exe Linker Warning:
#   FORCEACTIVE symbol 'lbl_53_data_978' is either not a global symbol or 
#   doesn't exist.  Ignored.
### build\compilers\GC\3.0a5.2\mwldeppc.exe Linker Warning:
#   FORCEACTIVE symbol 'lbl_53_data_980' is either not a global symbol or 
#   doesn't exist.  Ignored.
### build\compilers\GC\3.0a5.2\mwldeppc.exe Linker Warning:
#   FORCEACTIVE symbol 'lbl_53_data_98C' is either not a global symbol or 
#   doesn't exist.  Ignored.
### build\compilers\GC\3.0a5.2\mwldeppc.exe Linker Warning:
#   FORCEACTIVE symbol 'lbl_53_data_9A0' is either not a global symbol or 
#   doesn't exist.  Ignored.
### build\compilers\GC\3.0a5.2\mwldeppc.exe Linker Warning:
#   FORCEACTIVE symbol 'lbl_53_data_9A8' is either not a global symbol or 
#   doesn't exist.  Ignored.
### build\compilers\GC\3.0a5.2\mwldeppc.exe Linker Warning:
#   FORCEACTIVE symbol 'lbl_53_data_9B0' is either not a global symbol or 
#   doesn't exist.  Ignored.
### build\compilers\GC\3.0a5.2\mwldeppc.exe Linker Warning:
#   FORCEACTIVE symbol 'lbl_53_data_9C0' is either not a global symbol or 
#   doesn't exist.  Ignored.
[438/538] LINK build\RSBE01_01\st_tengan\st_tengan.plf
### build\compilers\GC\3.0a5.2\mwldeppc.exe Linker Warning:
#   FORCEACTIVE symbol 'lbl_60_rodata_F8' is either not a global symbol or 
#   doesn't exist.  Ignored.
### build\compilers\GC\3.0a5.2\mwldeppc.exe Linker Warning:
#   FORCEACTIVE symbol 'lbl_60_rodata_FC' is either not a global symbol or 
#   doesn't exist.  Ignored.
### build\compilers\GC\3.0a5.2\mwldeppc.exe Linker Warning:
#   FORCEACTIVE symbol 'lbl_60_rodata_100' is either not a global symbol or 
#   doesn't exist.  Ignored.
### build\compilers\GC\3.0a5.2\mwldeppc.exe Linker Warning:
#   FORCEACTIVE symbol 'lbl_60_rodata_108' is either not a global symbol or 
#   doesn't exist.  Ignored.
### build\compilers\GC\3.0a5.2\mwldeppc.exe Linker Warning:
#   FORCEACTIVE symbol 'lbl_60_data_838' is either not a global symbol or 
#   doesn't exist.  Ignored.
### build\compilers\GC\3.0a5.2\mwldeppc.exe Linker Warning:
#   FORCEACTIVE symbol 'lbl_60_data_A08' is either not a global symbol or 
#   doesn't exist.  Ignored.
### build\compilers\GC\3.0a5.2\mwldeppc.exe Linker Warning:
#   FORCEACTIVE symbol 'lbl_60_data_A14' is either not a global symbol or 
#   doesn't exist.  Ignored.
### build\compilers\GC\3.0a5.2\mwldeppc.exe Linker Warning:
#   FORCEACTIVE symbol 'lbl_60_data_A40' is either not a global symbol or 
#   doesn't exist.  Ignored.
### build\compilers\GC\3.0a5.2\mwldeppc.exe Linker Warning:
#   FORCEACTIVE symbol 'lbl_60_data_A4C' is either not a global symbol or 
#   doesn't exist.  Ignored.
### build\compilers\GC\3.0a5.2\mwldeppc.exe Linker Warning:
#   FORCEACTIVE symbol 'lbl_60_data_A70' is either not a global symbol or 
#   doesn't exist.  Ignored.
### build\compilers\GC\3.0a5.2\mwldeppc.exe Linker Warning:
#   FORCEACTIVE symbol 'lbl_60_data_A7C' is either not a global symbol or 
#   doesn't exist.  Ignored.
### build\compilers\GC\3.0a5.2\mwldeppc.exe Linker Warning:
#   FORCEACTIVE symbol 'lbl_60_data_A98' is either not a global symbol or 
#   doesn't exist.  Ignored.
### build\compilers\GC\3.0a5.2\mwldeppc.exe Linker Warning:
#   FORCEACTIVE symbol 'lbl_60_data_AA0' is either not a global symbol or 
#   doesn't exist.  Ignored.
### build\compilers\GC\3.0a5.2\mwldeppc.exe Linker Warning:
#   FORCEACTIVE symbol 'lbl_60_data_AB8' is either not a global symbol or 
#   doesn't exist.  Ignored.
### build\compilers\GC\3.0a5.2\mwldeppc.exe Linker Warning:
#   FORCEACTIVE symbol 'lbl_60_data_CD0' is either not a global symbol or 
#   doesn't exist.  Ignored.
### build\compilers\GC\3.0a5.2\mwldeppc.exe Linker Warning:
#   FORCEACTIVE symbol 'lbl_60_data_CDC' is either not a global symbol or 
#   doesn't exist.  Ignored.
### build\compilers\GC\3.0a5.2\mwldeppc.exe Linker Warning:
#   FORCEACTIVE symbol 'lbl_60_data_FB0' is either not a global symbol or 
#   doesn't exist.  Ignored.
### build\compilers\GC\3.0a5.2\mwldeppc.exe Linker Warning:
#   FORCEACTIVE symbol 'lbl_60_data_FC0' is either not a global symbol or 
#   doesn't exist.  Ignored.
### build\compilers\GC\3.0a5.2\mwldeppc.exe Linker Warning:
#   FORCEACTIVE symbol 'lbl_60_data_11C4' is either not a global symbol or 
#   doesn't exist.  Ignored.
### build\compilers\GC\3.0a5.2\mwldeppc.exe Linker Warning:
#   FORCEACTIVE symbol 'lbl_60_data_11D4' is either not a global symbol or 
#   doesn't exist.  Ignored.
[439/538] LINK build\RSBE01_01\st_greenhill\st_greenhill.plf
### build\compilers\GC\3.0a5.2\mwldeppc.exe Linker Warning:
#   FORCEACTIVE symbol '__sinit_\st_greenhill_cpp' is either not a global 
#   symbol or doesn't exist.  Ignored.
### build\compilers\GC\3.0a5.2\mwldeppc.exe Linker Warning:
#   FORCEACTIVE symbol 'lbl_72_rodata_0' is either not a global symbol or 
#   doesn't exist.  Ignored.
### build\compilers\GC\3.0a5.2\mwldeppc.exe Linker Warning:
#   FORCEACTIVE symbol 'lbl_72_rodata_4' is either not a global symbol or 
#   doesn't exist.  Ignored.
### build\compilers\GC\3.0a5.2\mwldeppc.exe Linker Warning:
#   FORCEACTIVE symbol 'lbl_72_data_0' is either not a global symbol or 
#   doesn't exist.  Ignored.
### build\compilers\GC\3.0a5.2\mwldeppc.exe Linker Warning:
#   FORCEACTIVE symbol 'lbl_72_data_C' is either not a global symbol or 
#   doesn't exist.  Ignored.
### build\compilers\GC\3.0a5.2\mwldeppc.exe Linker Warning:
#   FORCEACTIVE symbol 'lbl_72_data_1C' is either not a global symbol or 
#   doesn't exist.  Ignored.
### build\compilers\GC\3.0a5.2\mwldeppc.exe Linker Warning:
#   FORCEACTIVE symbol 'lbl_72_data_30' is either not a global symbol or 
#   doesn't exist.  Ignored.
### build\compilers\GC\3.0a5.2\mwldeppc.exe Linker Warning:
#   FORCEACTIVE symbol 'lbl_72_data_C8' is either not a global symbol or 
#   doesn't exist.  Ignored.
### build\compilers\GC\3.0a5.2\mwldeppc.exe Linker Warning:
#   FORCEACTIVE symbol 'lbl_72_data_DC' is either not a global symbol or 
#   doesn't exist.  Ignored.
### build\compilers\GC\3.0a5.2\mwldeppc.exe Linker Warning:
#   FORCEACTIVE symbol 'lbl_72_data_408' is either not a global symbol or 
#   doesn't exist.  Ignored.
### build\compilers\GC\3.0a5.2\mwldeppc.exe Linker Warning:
#   FORCEACTIVE symbol 'lbl_72_data_414' is either not a global symbol or 
#   doesn't exist.  Ignored.
### build\compilers\GC\3.0a5.2\mwldeppc.exe Linker Warning:
#   FORCEACTIVE symbol 'lbl_72_data_440' is either not a global symbol or 
#   doesn't exist.  Ignored.
### build\compilers\GC\3.0a5.2\mwldeppc.exe Linker Warning:
#   FORCEACTIVE symbol 'lbl_72_data_448' is either not a global symbol or 
#   doesn't exist.  Ignored.
### build\compilers\GC\3.0a5.2\mwldeppc.exe Linker Warning:
#   FORCEACTIVE symbol 'lbl_72_data_470' is either not a global symbol or 
#   doesn't exist.  Ignored.
### build\compilers\GC\3.0a5.2\mwldeppc.exe Linker Warning:
#   FORCEACTIVE symbol 'lbl_72_data_480' is either not a global symbol or 
#   doesn't exist.  Ignored.
### build\compilers\GC\3.0a5.2\mwldeppc.exe Linker Warning:
#   FORCEACTIVE symbol 'lbl_72_data_4A0' is either not a global symbol or 
#   doesn't exist.  Ignored.
### build\compilers\GC\3.0a5.2\mwldeppc.exe Linker Warning:
#   FORCEACTIVE symbol 'lbl_72_data_4A8' is either not a global symbol or 
#   doesn't exist.  Ignored.
### build\compilers\GC\3.0a5.2\mwldeppc.exe Linker Warning:
#   FORCEACTIVE symbol 'lbl_72_data_4C0' is either not a global symbol or 
#   doesn't exist.  Ignored.
### build\compilers\GC\3.0a5.2\mwldeppc.exe Linker Warning:
#   FORCEACTIVE symbol 'lbl_72_data_4E4' is either not a global symbol or 
#   doesn't exist.  Ignored.
### build\compilers\GC\3.0a5.2\mwldeppc.exe Linker Warning:
#   FORCEACTIVE symbol 'lbl_72_data_508' is either not a global symbol or 
#   doesn't exist.  Ignored.
### build\compilers\GC\3.0a5.2\mwldeppc.exe Linker Warning:
#   FORCEACTIVE symbol 'lbl_72_data_520' is either not a global symbol or 
#   doesn't exist.  Ignored.
### build\compilers\GC\3.0a5.2\mwldeppc.exe Linker Warning:
#   FORCEACTIVE symbol 'lbl_72_bss_8' is either not a global symbol or doesn't 
#   exist.  Ignored.
[440/538] LINK build\RSBE01_01\st_crayon\st_crayon.plf
### build\compilers\GC\3.0a5.2\mwldeppc.exe Linker Warning:
#   FORCEACTIVE symbol '__sinit_\st_crayon_cpp' is either not a global symbol 
#   or doesn't exist.  Ignored.
### build\compilers\GC\3.0a5.2\mwldeppc.exe Linker Warning:
#   FORCEACTIVE symbol 'lbl_56_rodata_0' is either not a global symbol or 
#   doesn't exist.  Ignored.
### build\compilers\GC\3.0a5.2\mwldeppc.exe Linker Warning:
#   FORCEACTIVE symbol 'lbl_56_rodata_4' is either not a global symbol or 
#   doesn't exist.  Ignored.
### build\compilers\GC\3.0a5.2\mwldeppc.exe Linker Warning:
#   FORCEACTIVE symbol 'lbl_56_data_0' is either not a global symbol or 
#   doesn't exist.  Ignored.
### build\compilers\GC\3.0a5.2\mwldeppc.exe Linker Warning:
#   FORCEACTIVE symbol 'lbl_56_data_2C8' is either not a global symbol or 
#   doesn't exist.  Ignored.
### build\compilers\GC\3.0a5.2\mwldeppc.exe Linker Warning:
#   FORCEACTIVE symbol 'lbl_56_data_2D4' is either not a global symbol or 
#   doesn't exist.  Ignored.
### build\compilers\GC\3.0a5.2\mwldeppc.exe Linker Warning:
#   FORCEACTIVE symbol 'lbl_56_data_300' is either not a global symbol or 
#   doesn't exist.  Ignored.
### build\compilers\GC\3.0a5.2\mwldeppc.exe Linker Warning:
#   FORCEACTIVE symbol 'lbl_56_data_308' is either not a global symbol or 
#   doesn't exist.  Ignored.
### build\compilers\GC\3.0a5.2\mwldeppc.exe Linker Warning:
#   FORCEACTIVE symbol 'lbl_56_data_330' is either not a global symbol or 
#   doesn't exist.  Ignored.
### build\compilers\GC\3.0a5.2\mwldeppc.exe Linker Warning:
#   FORCEACTIVE symbol 'lbl_56_data_340' is either not a global symbol or 
#   doesn't exist.  Ignored.
### build\compilers\GC\3.0a5.2\mwldeppc.exe Linker Warning:
#   FORCEACTIVE symbol 'lbl_56_data_360' is either not a global symbol or 
#   doesn't exist.  Ignored.
### build\compilers\GC\3.0a5.2\mwldeppc.exe Linker Warning:
#   FORCEACTIVE symbol 'lbl_56_data_368' is either not a global symbol or 
#   doesn't exist.  Ignored.
### build\compilers\GC\3.0a5.2\mwldeppc.exe Linker Warning:
#   FORCEACTIVE symbol 'lbl_56_data_380' is either not a global symbol or 
#   doesn't exist.  Ignored.
### build\compilers\GC\3.0a5.2\mwldeppc.exe Linker Warning:
#   FORCEACTIVE symbol 'lbl_56_data_3A4' is either not a global symbol or 
#   doesn't exist.  Ignored.
### build\compilers\GC\3.0a5.2\mwldeppc.exe Linker Warning:
#   FORCEACTIVE symbol 'lbl_56_data_3C4' is either not a global symbol or 
#   doesn't exist.  Ignored.
### build\compilers\GC\3.0a5.2\mwldeppc.exe Linker Warning:
#   FORCEACTIVE symbol 'lbl_56_data_3D8' is either not a global symbol or 
#   doesn't exist.  Ignored.
### build\compilers\GC\3.0a5.2\mwldeppc.exe Linker Warning:
#   FORCEACTIVE symbol 'lbl_56_data_10D8' is either not a global symbol or 
#   doesn't exist.  Ignored.
### build\compilers\GC\3.0a5.2\mwldeppc.exe Linker Warning:
#   FORCEACTIVE symbol 'lbl_56_data_10EC' is either not a global symbol or 
#   doesn't exist.  Ignored.
### build\compilers\GC\3.0a5.2\mwldeppc.exe Linker Warning:
#   FORCEACTIVE symbol 'lbl_56_bss_8' is either not a global symbol or doesn't 
#   exist.  Ignored.
### build\compilers\GC\3.0a5.2\mwldeppc.exe Linker Warning:
#   FORCEACTIVE symbol 'lbl_56_bss_14' is either not a global symbol or 
#   doesn't exist.  Ignored.
[441/538] LINK build\RSBE01_01\st_battles\st_battles.plf
### build\compilers\GC\3.0a5.2\mwldeppc.exe Linker Warning:
#   FORCEACTIVE symbol '__sinit_\st_battles_cpp' is either not a global symbol 
#   or doesn't exist.  Ignored.
### build\compilers\GC\3.0a5.2\mwldeppc.exe Linker Warning:
#   FORCEACTIVE symbol 'lbl_42_rodata_0' is either not a global symbol or 
#   doesn't exist.  Ignored.
### build\compilers\GC\3.0a5.2\mwldeppc.exe Linker Warning:
#   FORCEACTIVE symbol 'lbl_42_rodata_4' is either not a global symbol or 
#   doesn't exist.  Ignored.
### build\compilers\GC\3.0a5.2\mwldeppc.exe Linker Warning:
#   FORCEACTIVE symbol 'lbl_42_data_0' is either not a global symbol or 
#   doesn't exist.  Ignored.
### build\compilers\GC\3.0a5.2\mwldeppc.exe Linker Warning:
#   FORCEACTIVE symbol 'lbl_42_data_288' is either not a global symbol or 
#   doesn't exist.  Ignored.
### build\compilers\GC\3.0a5.2\mwldeppc.exe Linker Warning:
#   FORCEACTIVE symbol 'lbl_42_data_298' is either not a global symbol or 
#   doesn't exist.  Ignored.
### build\compilers\GC\3.0a5.2\mwldeppc.exe Linker Warning:
#   FORCEACTIVE symbol 'lbl_42_data_2C0' is either not a global symbol or 
#   doesn't exist.  Ignored.
### build\compilers\GC\3.0a5.2\mwldeppc.exe Linker Warning:
#   FORCEACTIVE symbol 'lbl_42_data_2C8' is either not a global symbol or 
#   doesn't exist.  Ignored.
### build\compilers\GC\3.0a5.2\mwldeppc.exe Linker Warning:
#   FORCEACTIVE symbol 'lbl_42_data_2D0' is either not a global symbol or 
#   doesn't exist.  Ignored.
### build\compilers\GC\3.0a5.2\mwldeppc.exe Linker Warning:
#   FORCEACTIVE symbol 'lbl_42_data_2F0' is either not a global symbol or 
#   doesn't exist.  Ignored.
### build\compilers\GC\3.0a5.2\mwldeppc.exe Linker Warning:
#   FORCEACTIVE symbol 'lbl_42_data_2F8' is either not a global symbol or 
#   doesn't exist.  Ignored.
### build\compilers\GC\3.0a5.2\mwldeppc.exe Linker Warning:
#   FORCEACTIVE symbol 'lbl_42_data_308' is either not a global symbol or 
#   doesn't exist.  Ignored.
### build\compilers\GC\3.0a5.2\mwldeppc.exe Linker Warning:
#   FORCEACTIVE symbol 'lbl_42_data_320' is either not a global symbol or 
#   doesn't exist.  Ignored.
### build\compilers\GC\3.0a5.2\mwldeppc.exe Linker Warning:
#   FORCEACTIVE symbol 'lbl_42_data_328' is either not a global symbol or 
#   doesn't exist.  Ignored.
### build\compilers\GC\3.0a5.2\mwldeppc.exe Linker Warning:
#   FORCEACTIVE symbol 'lbl_42_data_330' is either not a global symbol or 
#   doesn't exist.  Ignored.
### build\compilers\GC\3.0a5.2\mwldeppc.exe Linker Warning:
#   FORCEACTIVE symbol 'lbl_42_data_340' is either not a global symbol or 
#   doesn't exist.  Ignored.
### build\compilers\GC\3.0a5.2\mwldeppc.exe Linker Warning:
#   FORCEACTIVE symbol 'lbl_42_data_348' is either not a global symbol or 
#   doesn't exist.  Ignored.
### build\compilers\GC\3.0a5.2\mwldeppc.exe Linker Warning:
#   FORCEACTIVE symbol 'lbl_42_data_350' is either not a global symbol or 
#   doesn't exist.  Ignored.
### build\compilers\GC\3.0a5.2\mwldeppc.exe Linker Warning:
#   FORCEACTIVE symbol 'lbl_42_data_36C' is either not a global symbol or 
#   doesn't exist.  Ignored.
### build\compilers\GC\3.0a5.2\mwldeppc.exe Linker Warning:
#   FORCEACTIVE symbol 'lbl_42_data_390' is either not a global symbol or 
#   doesn't exist.  Ignored.
### build\compilers\GC\3.0a5.2\mwldeppc.exe Linker Warning:
#   FORCEACTIVE symbol 'lbl_42_data_3A0' is either not a global symbol or 
#   doesn't exist.  Ignored.
### build\compilers\GC\3.0a5.2\mwldeppc.exe Linker Warning:
#   FORCEACTIVE symbol 'lbl_42_data_3A8' is either not a global symbol or 
#   doesn't exist.  Ignored.
### build\compilers\GC\3.0a5.2\mwldeppc.exe Linker Warning:
#   FORCEACTIVE symbol 'lbl_42_data_3B8' is either not a global symbol or 
#   doesn't exist.  Ignored.
### build\compilers\GC\3.0a5.2\mwldeppc.exe Linker Warning:
#   FORCEACTIVE symbol 'lbl_42_data_588' is either not a global symbol or 
#   doesn't exist.  Ignored.
### build\compilers\GC\3.0a5.2\mwldeppc.exe Linker Warning:
#   FORCEACTIVE symbol 'lbl_42_data_598' is either not a global symbol or 
#   doesn't exist.  Ignored.
### build\compilers\GC\3.0a5.2\mwldeppc.exe Linker Warning:
#   FORCEACTIVE symbol 'lbl_42_data_5C0' is either not a global symbol or 
#   doesn't exist.  Ignored.
### build\compilers\GC\3.0a5.2\mwldeppc.exe Linker Warning:
#   FORCEACTIVE symbol 'lbl_42_data_5C8' is either not a global symbol or 
#   doesn't exist.  Ignored.
### build\compilers\GC\3.0a5.2\mwldeppc.exe Linker Warning:
#   FORCEACTIVE symbol 'lbl_42_data_5D4' is either not a global symbol or 
#   doesn't exist.  Ignored.
### build\compilers\GC\3.0a5.2\mwldeppc.exe Linker Warning:
#   FORCEACTIVE symbol 'lbl_42_data_5F0' is either not a global symbol or 
#   doesn't exist.  Ignored.
### build\compilers\GC\3.0a5.2\mwldeppc.exe Linker Warning:
#   FORCEACTIVE symbol 'lbl_42_data_5F8' is either not a global symbol or 
#   doesn't exist.  Ignored.
### build\compilers\GC\3.0a5.2\mwldeppc.exe Linker Warning:
#   FORCEACTIVE symbol 'lbl_42_data_604' is either not a global symbol or 
#   doesn't exist.  Ignored.
### build\compilers\GC\3.0a5.2\mwldeppc.exe Linker Warning:
#   FORCEACTIVE symbol 'lbl_42_data_618' is either not a global symbol or 
#   doesn't exist.  Ignored.
### build\compilers\GC\3.0a5.2\mwldeppc.exe Linker Warning:
#   FORCEACTIVE symbol 'lbl_42_data_620' is either not a global symbol or 
#   doesn't exist.  Ignored.
### build\compilers\GC\3.0a5.2\mwldeppc.exe Linker Warning:
#   FORCEACTIVE symbol 'lbl_42_data_628' is either not a global symbol or 
#   doesn't exist.  Ignored.
### build\compilers\GC\3.0a5.2\mwldeppc.exe Linker Warning:
#   FORCEACTIVE symbol 'lbl_42_data_638' is either not a global symbol or 
#   doesn't exist.  Ignored.
### build\compilers\GC\3.0a5.2\mwldeppc.exe Linker Warning:
#   FORCEACTIVE symbol 'lbl_42_bss_8' is either not a global symbol or doesn't 
#   exist.  Ignored.
[442/538] LINK build\RSBE01_01\st_config\st_config.plf
### build\compilers\GC\3.0a5.2\mwldeppc.exe Linker Warning:
#   FORCEACTIVE symbol '__sinit_\st_config_cpp' is either not a global symbol 
#   or doesn't exist.  Ignored.
### build\compilers\GC\3.0a5.2\mwldeppc.exe Linker Warning:
#   FORCEACTIVE symbol 'lbl_44_rodata_0' is either not a global symbol or 
#   doesn't exist.  Ignored.
### build\compilers\GC\3.0a5.2\mwldeppc.exe Linker Warning:
#   FORCEACTIVE symbol 'lbl_44_rodata_4' is either not a global symbol or 
#   doesn't exist.  Ignored.
### build\compilers\GC\3.0a5.2\mwldeppc.exe Linker Warning:
#   FORCEACTIVE symbol 'lbl_44_data_0' is either not a global symbol or 
#   doesn't exist.  Ignored.
### build\compilers\GC\3.0a5.2\mwldeppc.exe Linker Warning:
#   FORCEACTIVE symbol 'lbl_44_data_C' is either not a global symbol or 
#   doesn't exist.  Ignored.
### build\compilers\GC\3.0a5.2\mwldeppc.exe Linker Warning:
#   FORCEACTIVE symbol 'lbl_44_data_10' is either not a global symbol or 
#   doesn't exist.  Ignored.
### build\compilers\GC\3.0a5.2\mwldeppc.exe Linker Warning:
#   FORCEACTIVE symbol 'lbl_44_data_23C' is either not a global symbol or 
#   doesn't exist.  Ignored.
### build\compilers\GC\3.0a5.2\mwldeppc.exe Linker Warning:
#   FORCEACTIVE symbol 'lbl_44_data_248' is either not a global symbol or 
#   doesn't exist.  Ignored.
### build\compilers\GC\3.0a5.2\mwldeppc.exe Linker Warning:
#   FORCEACTIVE symbol 'lbl_44_data_278' is either not a global symbol or 
#   doesn't exist.  Ignored.
### build\compilers\GC\3.0a5.2\mwldeppc.exe Linker Warning:
#   FORCEACTIVE symbol 'lbl_44_data_280' is either not a global symbol or 
#   doesn't exist.  Ignored.
### build\compilers\GC\3.0a5.2\mwldeppc.exe Linker Warning:
#   FORCEACTIVE symbol 'lbl_44_data_2A0' is either not a global symbol or 
#   doesn't exist.  Ignored.
### build\compilers\GC\3.0a5.2\mwldeppc.exe Linker Warning:
#   FORCEACTIVE symbol 'lbl_44_data_2A8' is either not a global symbol or 
#   doesn't exist.  Ignored.
### build\compilers\GC\3.0a5.2\mwldeppc.exe Linker Warning:
#   FORCEACTIVE symbol 'lbl_44_data_2B8' is either not a global symbol or 
#   doesn't exist.  Ignored.
### build\compilers\GC\3.0a5.2\mwldeppc.exe Linker Warning:
#   FORCEACTIVE symbol 'lbl_44_data_2D0' is either not a global symbol or 
#   doesn't exist.  Ignored.
### build\compilers\GC\3.0a5.2\mwldeppc.exe Linker Warning:
#   FORCEACTIVE symbol 'lbl_44_data_2D8' is either not a global symbol or 
#   doesn't exist.  Ignored.
### build\compilers\GC\3.0a5.2\mwldeppc.exe Linker Warning:
#   FORCEACTIVE symbol 'lbl_44_data_2E0' is either not a global symbol or 
#   doesn't exist.  Ignored.
### build\compilers\GC\3.0a5.2\mwldeppc.exe Linker Warning:
#   FORCEACTIVE symbol 'lbl_44_data_2F0' is either not a global symbol or 
#   doesn't exist.  Ignored.
### build\compilers\GC\3.0a5.2\mwldeppc.exe Linker Warning:
#   FORCEACTIVE symbol 'lbl_44_data_2F8' is either not a global symbol or 
#   doesn't exist.  Ignored.
### build\compilers\GC\3.0a5.2\mwldeppc.exe Linker Warning:
#   FORCEACTIVE symbol 'lbl_44_data_308' is either not a global symbol or 
#   doesn't exist.  Ignored.
### build\compilers\GC\3.0a5.2\mwldeppc.exe Linker Warning:
#   FORCEACTIVE symbol 'lbl_44_data_31C' is either not a global symbol or 
#   doesn't exist.  Ignored.
### build\compilers\GC\3.0a5.2\mwldeppc.exe Linker Warning:
#   FORCEACTIVE symbol 'lbl_44_data_33C' is either not a global symbol or 
#   doesn't exist.  Ignored.
### build\compilers\GC\3.0a5.2\mwldeppc.exe Linker Warning:
#   FORCEACTIVE symbol 'lbl_44_data_348' is either not a global symbol or 
#   doesn't exist.  Ignored.
### build\compilers\GC\3.0a5.2\mwldeppc.exe Linker Warning:
#   FORCEACTIVE symbol 'lbl_44_data_350' is either not a global symbol or 
#   doesn't exist.  Ignored.
### build\compilers\GC\3.0a5.2\mwldeppc.exe Linker Warning:
#   FORCEACTIVE symbol 'lbl_44_data_360' is either not a global symbol or 
#   doesn't exist.  Ignored.
### build\compilers\GC\3.0a5.2\mwldeppc.exe Linker Warning:
#   FORCEACTIVE symbol 'lbl_44_data_368' is either not a global symbol or 
#   doesn't exist.  Ignored.
### build\compilers\GC\3.0a5.2\mwldeppc.exe Linker Warning:
#   FORCEACTIVE symbol 'lbl_44_data_530' is either not a global symbol or 
#   doesn't exist.  Ignored.
### build\compilers\GC\3.0a5.2\mwldeppc.exe Linker Warning:
#   FORCEACTIVE symbol 'lbl_44_data_53C' is either not a global symbol or 
#   doesn't exist.  Ignored.
### build\compilers\GC\3.0a5.2\mwldeppc.exe Linker Warning:
#   FORCEACTIVE symbol 'lbl_44_data_560' is either not a global symbol or 
#   doesn't exist.  Ignored.
### build\compilers\GC\3.0a5.2\mwldeppc.exe Linker Warning:
#   FORCEACTIVE symbol 'lbl_44_data_568' is either not a global symbol or 
#   doesn't exist.  Ignored.
### build\compilers\GC\3.0a5.2\mwldeppc.exe Linker Warning:
#   FORCEACTIVE symbol 'lbl_44_data_574' is either not a global symbol or 
#   doesn't exist.  Ignored.
### build\compilers\GC\3.0a5.2\mwldeppc.exe Linker Warning:
#   FORCEACTIVE symbol 'lbl_44_data_590' is either not a global symbol or 
#   doesn't exist.  Ignored.
### build\compilers\GC\3.0a5.2\mwldeppc.exe Linker Warning:
#   FORCEACTIVE symbol 'lbl_44_data_598' is either not a global symbol or 
#   doesn't exist.  Ignored.
### build\compilers\GC\3.0a5.2\mwldeppc.exe Linker Warning:
#   FORCEACTIVE symbol 'lbl_44_data_5A4' is either not a global symbol or 
#   doesn't exist.  Ignored.
### build\compilers\GC\3.0a5.2\mwldeppc.exe Linker Warning:
#   FORCEACTIVE symbol 'lbl_44_data_5B8' is either not a global symbol or 
#   doesn't exist.  Ignored.
### build\compilers\GC\3.0a5.2\mwldeppc.exe Linker Warning:
#   FORCEACTIVE symbol 'lbl_44_data_5C0' is either not a global symbol or 
#   doesn't exist.  Ignored.
### build\compilers\GC\3.0a5.2\mwldeppc.exe Linker Warning:
#   FORCEACTIVE symbol 'lbl_44_data_5C8' is either not a global symbol or 
#   doesn't exist.  Ignored.
### build\compilers\GC\3.0a5.2\mwldeppc.exe Linker Warning:
#   FORCEACTIVE symbol 'lbl_44_data_5D8' is either not a global symbol or 
#   doesn't exist.  Ignored.
### build\compilers\GC\3.0a5.2\mwldeppc.exe Linker Warning:
#   FORCEACTIVE symbol 'lbl_44_bss_8' is either not a global symbol or doesn't 
#   exist.  Ignored.
### build\compilers\GC\3.0a5.2\mwldeppc.exe Linker Warning:
#   FORCEACTIVE symbol 'lbl_44_bss_14' is either not a global symbol or 
#   doesn't exist.  Ignored.
[443/538] LINK build\RSBE01_01\st_dxyorster\st_dxyorster.plf
### build\compilers\GC\3.0a5.2\mwldeppc.exe Linker Warning:
#   FORCEACTIVE symbol '__sinit_\st_dxyorster_cpp' is either not a global 
#   symbol or doesn't exist.  Ignored.
### build\compilers\GC\3.0a5.2\mwldeppc.exe Linker Warning:
#   FORCEACTIVE symbol 'lbl_76_rodata_0' is either not a global symbol or 
#   doesn't exist.  Ignored.
### build\compilers\GC\3.0a5.2\mwldeppc.exe Linker Warning:
#   FORCEACTIVE symbol 'lbl_76_rodata_4' is either not a global symbol or 
#   doesn't exist.  Ignored.
### build\compilers\GC\3.0a5.2\mwldeppc.exe Linker Warning:
#   FORCEACTIVE symbol 'lbl_76_data_0' is either not a global symbol or 
#   doesn't exist.  Ignored.
### build\compilers\GC\3.0a5.2\mwldeppc.exe Linker Warning:
#   FORCEACTIVE symbol 'lbl_76_data_C' is either not a global symbol or 
#   doesn't exist.  Ignored.
### build\compilers\GC\3.0a5.2\mwldeppc.exe Linker Warning:
#   FORCEACTIVE symbol 'lbl_76_data_1C' is either not a global symbol or 
#   doesn't exist.  Ignored.
### build\compilers\GC\3.0a5.2\mwldeppc.exe Linker Warning:
#   FORCEACTIVE symbol 'lbl_76_data_2C' is either not a global symbol or 
#   doesn't exist.  Ignored.
### build\compilers\GC\3.0a5.2\mwldeppc.exe Linker Warning:
#   FORCEACTIVE symbol 'lbl_76_data_3C' is either not a global symbol or 
#   doesn't exist.  Ignored.
### build\compilers\GC\3.0a5.2\mwldeppc.exe Linker Warning:
#   FORCEACTIVE symbol 'lbl_76_data_7C' is either not a global symbol or 
#   doesn't exist.  Ignored.
### build\compilers\GC\3.0a5.2\mwldeppc.exe Linker Warning:
#   FORCEACTIVE symbol 'lbl_76_data_94' is either not a global symbol or 
#   doesn't exist.  Ignored.
### build\compilers\GC\3.0a5.2\mwldeppc.exe Linker Warning:
#   FORCEACTIVE symbol 'lbl_76_data_A8' is either not a global symbol or 
#   doesn't exist.  Ignored.
### build\compilers\GC\3.0a5.2\mwldeppc.exe Linker Warning:
#   FORCEACTIVE symbol 'lbl_76_data_C0' is either not a global symbol or 
#   doesn't exist.  Ignored.
### build\compilers\GC\3.0a5.2\mwldeppc.exe Linker Warning:
#   FORCEACTIVE symbol 'lbl_76_data_300' is either not a global symbol or 
#   doesn't exist.  Ignored.
### build\compilers\GC\3.0a5.2\mwldeppc.exe Linker Warning:
#   FORCEACTIVE symbol 'lbl_76_data_30C' is either not a global symbol or 
#   doesn't exist.  Ignored.
### build\compilers\GC\3.0a5.2\mwldeppc.exe Linker Warning:
#   FORCEACTIVE symbol 'lbl_76_data_338' is either not a global symbol or 
#   doesn't exist.  Ignored.
### build\compilers\GC\3.0a5.2\mwldeppc.exe Linker Warning:
#   FORCEACTIVE symbol 'lbl_76_data_340' is either not a global symbol or 
#   doesn't exist.  Ignored.
### build\compilers\GC\3.0a5.2\mwldeppc.exe Linker Warning:
#   FORCEACTIVE symbol 'lbl_76_data_368' is either not a global symbol or 
#   doesn't exist.  Ignored.
### build\compilers\GC\3.0a5.2\mwldeppc.exe Linker Warning:
#   FORCEACTIVE symbol 'lbl_76_data_378' is either not a global symbol or 
#   doesn't exist.  Ignored.
### build\compilers\GC\3.0a5.2\mwldeppc.exe Linker Warning:
#   FORCEACTIVE symbol 'lbl_76_data_398' is either not a global symbol or 
#   doesn't exist.  Ignored.
### build\compilers\GC\3.0a5.2\mwldeppc.exe Linker Warning:
#   FORCEACTIVE symbol 'lbl_76_data_3A0' is either not a global symbol or 
#   doesn't exist.  Ignored.
### build\compilers\GC\3.0a5.2\mwldeppc.exe Linker Warning:
#   FORCEACTIVE symbol 'lbl_76_data_3B8' is either not a global symbol or 
#   doesn't exist.  Ignored.
### build\compilers\GC\3.0a5.2\mwldeppc.exe Linker Warning:
#   FORCEACTIVE symbol 'lbl_76_data_3DC' is either not a global symbol or 
#   doesn't exist.  Ignored.
### build\compilers\GC\3.0a5.2\mwldeppc.exe Linker Warning:
#   FORCEACTIVE symbol 'lbl_76_data_400' is either not a global symbol or 
#   doesn't exist.  Ignored.
### build\compilers\GC\3.0a5.2\mwldeppc.exe Linker Warning:
#   FORCEACTIVE symbol 'lbl_76_data_418' is either not a global symbol or 
#   doesn't exist.  Ignored.
### build\compilers\GC\3.0a5.2\mwldeppc.exe Linker Warning:
#   FORCEACTIVE symbol 'lbl_76_bss_8' is either not a global symbol or doesn't 
#   exist.  Ignored.
[444/538] LINK build\RSBE01_01\st_final\st_final.plf
### build\compilers\GC\3.0a5.2\mwldeppc.exe Linker Warning:
#   FORCEACTIVE symbol '__sinit_\st_final_cpp' is either not a global symbol 
#   or doesn't exist.  Ignored.
### build\compilers\GC\3.0a5.2\mwldeppc.exe Linker Warning:
#   FORCEACTIVE symbol 'lbl_45_rodata_0' is either not a global symbol or 
#   doesn't exist.  Ignored.
### build\compilers\GC\3.0a5.2\mwldeppc.exe Linker Warning:
#   FORCEACTIVE symbol 'lbl_45_rodata_4' is either not a global symbol or 
#   doesn't exist.  Ignored.
### build\compilers\GC\3.0a5.2\mwldeppc.exe Linker Warning:
#   FORCEACTIVE symbol 'lbl_45_rodata_8' is either not a global symbol or 
#   doesn't exist.  Ignored.
### build\compilers\GC\3.0a5.2\mwldeppc.exe Linker Warning:
#   FORCEACTIVE symbol 'lbl_45_data_0' is either not a global symbol or 
#   doesn't exist.  Ignored.
### build\compilers\GC\3.0a5.2\mwldeppc.exe Linker Warning:
#   FORCEACTIVE symbol 'lbl_45_data_3C' is either not a global symbol or 
#   doesn't exist.  Ignored.
### build\compilers\GC\3.0a5.2\mwldeppc.exe Linker Warning:
#   FORCEACTIVE symbol 'lbl_45_data_258' is either not a global symbol or 
#   doesn't exist.  Ignored.
### build\compilers\GC\3.0a5.2\mwldeppc.exe Linker Warning:
#   FORCEACTIVE symbol 'lbl_45_data_260' is either not a global symbol or 
#   doesn't exist.  Ignored.
### build\compilers\GC\3.0a5.2\mwldeppc.exe Linker Warning:
#   FORCEACTIVE symbol 'lbl_45_data_288' is either not a global symbol or 
#   doesn't exist.  Ignored.
### build\compilers\GC\3.0a5.2\mwldeppc.exe Linker Warning:
#   FORCEACTIVE symbol 'lbl_45_data_290' is either not a global symbol or 
#   doesn't exist.  Ignored.
### build\compilers\GC\3.0a5.2\mwldeppc.exe Linker Warning:
#   FORCEACTIVE symbol 'lbl_45_data_298' is either not a global symbol or 
#   doesn't exist.  Ignored.
### build\compilers\GC\3.0a5.2\mwldeppc.exe Linker Warning:
#   FORCEACTIVE symbol 'lbl_45_data_2B8' is either not a global symbol or 
#   doesn't exist.  Ignored.
### build\compilers\GC\3.0a5.2\mwldeppc.exe Linker Warning:
#   FORCEACTIVE symbol 'lbl_45_data_2C0' is either not a global symbol or 
#   doesn't exist.  Ignored.
### build\compilers\GC\3.0a5.2\mwldeppc.exe Linker Warning:
#   FORCEACTIVE symbol 'lbl_45_data_2D0' is either not a global symbol or 
#   doesn't exist.  Ignored.
### build\compilers\GC\3.0a5.2\mwldeppc.exe Linker Warning:
#   FORCEACTIVE symbol 'lbl_45_data_2E8' is either not a global symbol or 
#   doesn't exist.  Ignored.
### build\compilers\GC\3.0a5.2\mwldeppc.exe Linker Warning:
#   FORCEACTIVE symbol 'lbl_45_data_2F0' is either not a global symbol or 
#   doesn't exist.  Ignored.
### build\compilers\GC\3.0a5.2\mwldeppc.exe Linker Warning:
#   FORCEACTIVE symbol 'lbl_45_data_2F8' is either not a global symbol or 
#   doesn't exist.  Ignored.
### build\compilers\GC\3.0a5.2\mwldeppc.exe Linker Warning:
#   FORCEACTIVE symbol 'lbl_45_data_308' is either not a global symbol or 
#   doesn't exist.  Ignored.
### build\compilers\GC\3.0a5.2\mwldeppc.exe Linker Warning:
#   FORCEACTIVE symbol 'lbl_45_data_310' is either not a global symbol or 
#   doesn't exist.  Ignored.
### build\compilers\GC\3.0a5.2\mwldeppc.exe Linker Warning:
#   FORCEACTIVE symbol 'lbl_45_data_320' is either not a global symbol or 
#   doesn't exist.  Ignored.
### build\compilers\GC\3.0a5.2\mwldeppc.exe Linker Warning:
#   FORCEACTIVE symbol 'lbl_45_data_334' is either not a global symbol or 
#   doesn't exist.  Ignored.
### build\compilers\GC\3.0a5.2\mwldeppc.exe Linker Warning:
#   FORCEACTIVE symbol 'lbl_45_data_350' is either not a global symbol or 
#   doesn't exist.  Ignored.
### build\compilers\GC\3.0a5.2\mwldeppc.exe Linker Warning:
#   FORCEACTIVE symbol 'lbl_45_data_360' is either not a global symbol or 
#   doesn't exist.  Ignored.
### build\compilers\GC\3.0a5.2\mwldeppc.exe Linker Warning:
#   FORCEACTIVE symbol 'lbl_45_data_368' is either not a global symbol or 
#   doesn't exist.  Ignored.
### build\compilers\GC\3.0a5.2\mwldeppc.exe Linker Warning:
#   FORCEACTIVE symbol 'lbl_45_data_378' is either not a global symbol or 
#   doesn't exist.  Ignored.
### build\compilers\GC\3.0a5.2\mwldeppc.exe Linker Warning:
#   FORCEACTIVE symbol 'lbl_45_data_380' is either not a global symbol or 
#   doesn't exist.  Ignored.
### build\compilers\GC\3.0a5.2\mwldeppc.exe Linker Warning:
#   FORCEACTIVE symbol 'lbl_45_data_388' is either not a global symbol or 
#   doesn't exist.  Ignored.
### build\compilers\GC\3.0a5.2\mwldeppc.exe Linker Warning:
#   FORCEACTIVE symbol 'lbl_45_data_390' is either not a global symbol or 
#   doesn't exist.  Ignored.
### build\compilers\GC\3.0a5.2\mwldeppc.exe Linker Warning:
#   FORCEACTIVE symbol 'lbl_45_data_560' is either not a global symbol or 
#   doesn't exist.  Ignored.
### build\compilers\GC\3.0a5.2\mwldeppc.exe Linker Warning:
#   FORCEACTIVE symbol 'lbl_45_data_568' is either not a global symbol or 
#   doesn't exist.  Ignored.
### build\compilers\GC\3.0a5.2\mwldeppc.exe Linker Warning:
#   FORCEACTIVE symbol 'lbl_45_data_590' is either not a global symbol or 
#   doesn't exist.  Ignored.
### build\compilers\GC\3.0a5.2\mwldeppc.exe Linker Warning:
#   FORCEACTIVE symbol 'lbl_45_data_598' is either not a global symbol or 
#   doesn't exist.  Ignored.
### build\compilers\GC\3.0a5.2\mwldeppc.exe Linker Warning:
#   FORCEACTIVE symbol 'lbl_45_data_5A4' is either not a global symbol or 
#   doesn't exist.  Ignored.
### build\compilers\GC\3.0a5.2\mwldeppc.exe Linker Warning:
#   FORCEACTIVE symbol 'lbl_45_data_5C0' is either not a global symbol or 
#   doesn't exist.  Ignored.
### build\compilers\GC\3.0a5.2\mwldeppc.exe Linker Warning:
#   FORCEACTIVE symbol 'lbl_45_data_5C8' is either not a global symbol or 
#   doesn't exist.  Ignored.
### build\compilers\GC\3.0a5.2\mwldeppc.exe Linker Warning:
#   FORCEACTIVE symbol 'lbl_45_data_5D4' is either not a global symbol or 
#   doesn't exist.  Ignored.
### build\compilers\GC\3.0a5.2\mwldeppc.exe Linker Warning:
#   FORCEACTIVE symbol 'lbl_45_data_5E8' is either not a global symbol or 
#   doesn't exist.  Ignored.
### build\compilers\GC\3.0a5.2\mwldeppc.exe Linker Warning:
#   FORCEACTIVE symbol 'lbl_45_data_5F0' is either not a global symbol or 
#   doesn't exist.  Ignored.
### build\compilers\GC\3.0a5.2\mwldeppc.exe Linker Warning:
#   FORCEACTIVE symbol 'lbl_45_data_5F8' is either not a global symbol or 
#   doesn't exist.  Ignored.
### build\compilers\GC\3.0a5.2\mwldeppc.exe Linker Warning:
#   FORCEACTIVE symbol 'lbl_45_data_608' is either not a global symbol or 
#   doesn't exist.  Ignored.
### build\compilers\GC\3.0a5.2\mwldeppc.exe Linker Warning:
#   FORCEACTIVE symbol 'lbl_45_bss_8' is either not a global symbol or doesn't 
#   exist.  Ignored.
### build\compilers\GC\3.0a5.2\mwldeppc.exe Linker Warning:
#   FORCEACTIVE symbol 'lbl_45_bss_14' is either not a global symbol or 
#   doesn't exist.  Ignored.
[445/538] LINK build\RSBE01_01\sora_scene\sora_scene.plf
### build\compilers\GC\3.0a5.2\mwldeppc.exe Linker Warning:
#   FORCEACTIVE symbol 'lbl_1_rodata_18' is either not a global symbol or 
#   doesn't exist.  Ignored.
### build\compilers\GC\3.0a5.2\mwldeppc.exe Linker Warning:
#   FORCEACTIVE symbol 'lbl_1_rodata_8C0' is either not a global symbol or 
#   doesn't exist.  Ignored.
### build\compilers\GC\3.0a5.2\mwldeppc.exe Linker Warning:
#   FORCEACTIVE symbol 'lbl_1_data_18D8' is either not a global symbol or 
#   doesn't exist.  Ignored.
### build\compilers\GC\3.0a5.2\mwldeppc.exe Linker Warning:
#   FORCEACTIVE symbol 'lbl_1_data_1900' is either not a global symbol or 
#   doesn't exist.  Ignored.
### build\compilers\GC\3.0a5.2\mwldeppc.exe Linker Warning:
#   FORCEACTIVE symbol 'lbl_1_data_190C' is either not a global symbol or 
#   doesn't exist.  Ignored.
### build\compilers\GC\3.0a5.2\mwldeppc.exe Linker Warning:
#   FORCEACTIVE symbol 'lbl_1_data_5DA0' is either not a global symbol or 
#   doesn't exist.  Ignored.
### build\compilers\GC\3.0a5.2\mwldeppc.exe Linker Warning:
#   FORCEACTIVE symbol 'lbl_1_data_5DAC' is either not a global symbol or 
#   doesn't exist.  Ignored.
### build\compilers\GC\3.0a5.2\mwldeppc.exe Linker Warning:
#   FORCEACTIVE symbol 'lbl_1_data_5DD4' is either not a global symbol or 
#   doesn't exist.  Ignored.
### build\compilers\GC\3.0a5.2\mwldeppc.exe Linker Warning:
#   FORCEACTIVE symbol 'lbl_1_data_5DE0' is either not a global symbol or 
#   doesn't exist.  Ignored.
### build\compilers\GC\3.0a5.2\mwldeppc.exe Linker Warning:
#   FORCEACTIVE symbol 'lbl_1_data_5E1C' is either not a global symbol or 
#   doesn't exist.  Ignored.
### build\compilers\GC\3.0a5.2\mwldeppc.exe Linker Warning:
#   FORCEACTIVE symbol 'lbl_1_data_5E28' is either not a global symbol or 
#   doesn't exist.  Ignored.
### build\compilers\GC\3.0a5.2\mwldeppc.exe Linker Warning:
#   FORCEACTIVE symbol 'lbl_1_data_5E48' is either not a global symbol or 
#   doesn't exist.  Ignored.
### build\compilers\GC\3.0a5.2\mwldeppc.exe Linker Warning:
#   FORCEACTIVE symbol 'lbl_1_data_5E54' is either not a global symbol or 
#   doesn't exist.  Ignored.
### build\compilers\GC\3.0a5.2\mwldeppc.exe Linker Warning:
#   FORCEACTIVE symbol 'lbl_1_data_5E74' is either not a global symbol or 
#   doesn't exist.  Ignored.
### build\compilers\GC\3.0a5.2\mwldeppc.exe Linker Warning:
#   FORCEACTIVE symbol 'lbl_1_data_5E80' is either not a global symbol or 
#   doesn't exist.  Ignored.
### build\compilers\GC\3.0a5.2\mwldeppc.exe Linker Warning:
#   FORCEACTIVE symbol 'lbl_1_data_5E88' is either not a global symbol or 
#   doesn't exist.  Ignored.
### build\compilers\GC\3.0a5.2\mwldeppc.exe Linker Warning:
#   FORCEACTIVE symbol 'lbl_1_data_5E90' is either not a global symbol or 
#   doesn't exist.  Ignored.
### build\compilers\GC\3.0a5.2\mwldeppc.exe Linker Warning:
#   FORCEACTIVE symbol 'lbl_1_data_5E98' is either not a global symbol or 
#   doesn't exist.  Ignored.
### build\compilers\GC\3.0a5.2\mwldeppc.exe Linker Warning:
#   FORCEACTIVE symbol 'lbl_1_data_5F08' is either not a global symbol or 
#   doesn't exist.  Ignored.
### build\compilers\GC\3.0a5.2\mwldeppc.exe Linker Warning:
#   FORCEACTIVE symbol 'lbl_1_data_5F14' is either not a global symbol or 
#   doesn't exist.  Ignored.
### build\compilers\GC\3.0a5.2\mwldeppc.exe Linker Warning:
#   FORCEACTIVE symbol 'lbl_1_data_6488' is either not a global symbol or 
#   doesn't exist.  Ignored.
### build\compilers\GC\3.0a5.2\mwldeppc.exe Linker Warning:
#   FORCEACTIVE symbol 'lbl_1_data_6494' is either not a global symbol or 
#   doesn't exist.  Ignored.
### build\compilers\GC\3.0a5.2\mwldeppc.exe Linker Warning:
#   FORCEACTIVE symbol 'lbl_1_data_64C8' is either not a global symbol or 
#   doesn't exist.  Ignored.
### build\compilers\GC\3.0a5.2\mwldeppc.exe Linker Warning:
#   FORCEACTIVE symbol 'lbl_1_data_64D4' is either not a global symbol or 
#   doesn't exist.  Ignored.
[446/538] LINK build\RSBE01_01\sora_adv_stage\sora_adv_stage.plf
### build\compilers\GC\3.0a5.2\mwldeppc.exe Linker Warning:
#   FORCEACTIVE symbol 'lbl_40_rodata_8E8' is either not a global symbol or 
#   doesn't exist.  Ignored.
### build\compilers\GC\3.0a5.2\mwldeppc.exe Linker Warning:
#   FORCEACTIVE symbol 'lbl_40_data_177D8' is either not a global symbol or 
#   doesn't exist.  Ignored.
### build\compilers\GC\3.0a5.2\mwldeppc.exe Linker Warning:
#   FORCEACTIVE symbol 'lbl_40_data_177E0' is either not a global symbol or 
#   doesn't exist.  Ignored.
### build\compilers\GC\3.0a5.2\mwldeppc.exe Linker Warning:
#   FORCEACTIVE symbol 'lbl_40_data_179B4' is either not a global symbol or 
#   doesn't exist.  Ignored.
### build\compilers\GC\3.0a5.2\mwldeppc.exe Linker Warning:
#   FORCEACTIVE symbol 'lbl_40_data_179C8' is either not a global symbol or 
#   doesn't exist.  Ignored.
[447/538] LINK build\RSBE01_01\st_dxrcruise\st_dxrcruise.plf
[448/538] LINK build\RSBE01_01\st_dxonett\st_dxonett.plf
[449/538] LINK build\RSBE01_01\st_dxbigblue\st_dxbigblue.plf
### build\compilers\GC\3.0a5.2\mwldeppc.exe Linker Warning:
#   FORCEACTIVE symbol 'lbl_81_rodata_90' is either not a global symbol or 
#   doesn't exist.  Ignored.
### build\compilers\GC\3.0a5.2\mwldeppc.exe Linker Warning:
#   FORCEACTIVE symbol 'lbl_81_data_970' is either not a global symbol or 
#   doesn't exist.  Ignored.
### build\compilers\GC\3.0a5.2\mwldeppc.exe Linker Warning:
#   FORCEACTIVE symbol 'lbl_81_data_97C' is either not a global symbol or 
#   doesn't exist.  Ignored.
### build\compilers\GC\3.0a5.2\mwldeppc.exe Linker Warning:
#   FORCEACTIVE symbol 'lbl_81_data_9A8' is either not a global symbol or 
#   doesn't exist.  Ignored.
### build\compilers\GC\3.0a5.2\mwldeppc.exe Linker Warning:
#   FORCEACTIVE symbol 'lbl_81_data_9B4' is either not a global symbol or 
#   doesn't exist.  Ignored.
### build\compilers\GC\3.0a5.2\mwldeppc.exe Linker Warning:
#   FORCEACTIVE symbol 'lbl_81_data_9D8' is either not a global symbol or 
#   doesn't exist.  Ignored.
### build\compilers\GC\3.0a5.2\mwldeppc.exe Linker Warning:
#   FORCEACTIVE symbol 'lbl_81_data_9E4' is either not a global symbol or 
#   doesn't exist.  Ignored.
### build\compilers\GC\3.0a5.2\mwldeppc.exe Linker Warning:
#   FORCEACTIVE symbol 'lbl_81_data_A00' is either not a global symbol or 
#   doesn't exist.  Ignored.
### build\compilers\GC\3.0a5.2\mwldeppc.exe Linker Warning:
#   FORCEACTIVE symbol 'lbl_81_data_A08' is either not a global symbol or 
#   doesn't exist.  Ignored.
[450/538] LINK build\RSBE01_01\st_dxgreens\st_dxgreens.plf
### build\compilers\GC\3.0a5.2\mwldeppc.exe Linker Warning:
#   FORCEACTIVE symbol 'stDxGreens::create()' is either not a global symbol or 
#   doesn't exist.  Ignored.
[451/538] LINK build\RSBE01_01\st_dxgarden\st_dxgarden.plf
### build\compilers\GC\3.0a5.2\mwldeppc.exe Linker Warning:
#   FORCEACTIVE symbol '__sinit_\st_dxgarden_cpp' is either not a global 
#   symbol or doesn't exist.  Ignored.
### build\compilers\GC\3.0a5.2\mwldeppc.exe Linker Warning:
#   FORCEACTIVE symbol 'lbl_77_rodata_0' is either not a global symbol or 
#   doesn't exist.  Ignored.
### build\compilers\GC\3.0a5.2\mwldeppc.exe Linker Warning:
#   FORCEACTIVE symbol 'lbl_77_rodata_20' is either not a global symbol or 
#   doesn't exist.  Ignored.
### build\compilers\GC\3.0a5.2\mwldeppc.exe Linker Warning:
#   FORCEACTIVE symbol 'lbl_77_data_0' is either not a global symbol or 
#   doesn't exist.  Ignored.
### build\compilers\GC\3.0a5.2\mwldeppc.exe Linker Warning:
#   FORCEACTIVE symbol 'lbl_77_data_C' is either not a global symbol or 
#   doesn't exist.  Ignored.
### build\compilers\GC\3.0a5.2\mwldeppc.exe Linker Warning:
#   FORCEACTIVE symbol 'lbl_77_data_1C' is either not a global symbol or 
#   doesn't exist.  Ignored.
### build\compilers\GC\3.0a5.2\mwldeppc.exe Linker Warning:
#   FORCEACTIVE symbol 'lbl_77_data_28' is either not a global symbol or 
#   doesn't exist.  Ignored.
### build\compilers\GC\3.0a5.2\mwldeppc.exe Linker Warning:
#   FORCEACTIVE symbol 'lbl_77_data_38' is either not a global symbol or 
#   doesn't exist.  Ignored.
### build\compilers\GC\3.0a5.2\mwldeppc.exe Linker Warning:
#   FORCEACTIVE symbol 'lbl_77_data_40' is either not a global symbol or 
#   doesn't exist.  Ignored.
### build\compilers\GC\3.0a5.2\mwldeppc.exe Linker Warning:
#   FORCEACTIVE symbol 'lbl_77_data_50' is either not a global symbol or 
#   doesn't exist.  Ignored.
### build\compilers\GC\3.0a5.2\mwldeppc.exe Linker Warning:
#   FORCEACTIVE symbol 'lbl_77_data_60' is either not a global symbol or 
#   doesn't exist.  Ignored.
### build\compilers\GC\3.0a5.2\mwldeppc.exe Linker Warning:
#   FORCEACTIVE symbol 'lbl_77_data_B8' is either not a global symbol or 
#   doesn't exist.  Ignored.
### build\compilers\GC\3.0a5.2\mwldeppc.exe Linker Warning:
#   FORCEACTIVE symbol 'lbl_77_data_C8' is either not a global symbol or 
#   doesn't exist.  Ignored.
### build\compilers\GC\3.0a5.2\mwldeppc.exe Linker Warning:
#   FORCEACTIVE symbol 'lbl_77_data_3F8' is either not a global symbol or 
#   doesn't exist.  Ignored.
### build\compilers\GC\3.0a5.2\mwldeppc.exe Linker Warning:
#   FORCEACTIVE symbol 'lbl_77_data_404' is either not a global symbol or 
#   doesn't exist.  Ignored.
### build\compilers\GC\3.0a5.2\mwldeppc.exe Linker Warning:
#   FORCEACTIVE symbol 'lbl_77_data_430' is either not a global symbol or 
#   doesn't exist.  Ignored.
### build\compilers\GC\3.0a5.2\mwldeppc.exe Linker Warning:
#   FORCEACTIVE symbol 'lbl_77_data_438' is either not a global symbol or 
#   doesn't exist.  Ignored.
### build\compilers\GC\3.0a5.2\mwldeppc.exe Linker Warning:
#   FORCEACTIVE symbol 'lbl_77_data_460' is either not a global symbol or 
#   doesn't exist.  Ignored.
### build\compilers\GC\3.0a5.2\mwldeppc.exe Linker Warning:
#   FORCEACTIVE symbol 'lbl_77_data_470' is either not a global symbol or 
#   doesn't exist.  Ignored.
### build\compilers\GC\3.0a5.2\mwldeppc.exe Linker Warning:
#   FORCEACTIVE symbol 'lbl_77_data_490' is either not a global symbol or 
#   doesn't exist.  Ignored.
### build\compilers\GC\3.0a5.2\mwldeppc.exe Linker Warning:
#   FORCEACTIVE symbol 'lbl_77_data_498' is either not a global symbol or 
#   doesn't exist.  Ignored.
### build\compilers\GC\3.0a5.2\mwldeppc.exe Linker Warning:
#   FORCEACTIVE symbol 'lbl_77_data_4B0' is either not a global symbol or 
#   doesn't exist.  Ignored.
### build\compilers\GC\3.0a5.2\mwldeppc.exe Linker Warning:
#   FORCEACTIVE symbol 'lbl_77_data_4D8' is either not a global symbol or 
#   doesn't exist.  Ignored.
### build\compilers\GC\3.0a5.2\mwldeppc.exe Linker Warning:
#   FORCEACTIVE symbol 'lbl_77_data_4F8' is either not a global symbol or 
#   doesn't exist.  Ignored.
### build\compilers\GC\3.0a5.2\mwldeppc.exe Linker Warning:
#   FORCEACTIVE symbol 'lbl_77_data_510' is either not a global symbol or 
#   doesn't exist.  Ignored.
### build\compilers\GC\3.0a5.2\mwldeppc.exe Linker Warning:
#   FORCEACTIVE symbol 'lbl_77_bss_8' is either not a global symbol or doesn't 
#   exist.  Ignored.
[452/538] LINK build\RSBE01_01\st_stageedit\st_stageedit.plf
[453/538] LINK build\RSBE01_01\st_heal\st_heal.plf
### build\compilers\GC\3.0a5.2\mwldeppc.exe Linker Warning:
#   FORCEACTIVE symbol '__sinit_\st_heal_cpp' is either not a global symbol or 
#   doesn't exist.  Ignored.
### build\compilers\GC\3.0a5.2\mwldeppc.exe Linker Warning:
#   FORCEACTIVE symbol 'lbl_87_rodata_0' is either not a global symbol or 
#   doesn't exist.  Ignored.
### build\compilers\GC\3.0a5.2\mwldeppc.exe Linker Warning:
#   FORCEACTIVE symbol 'lbl_87_rodata_8' is either not a global symbol or 
#   doesn't exist.  Ignored.
### build\compilers\GC\3.0a5.2\mwldeppc.exe Linker Warning:
#   FORCEACTIVE symbol 'lbl_87_rodata_10' is either not a global symbol or 
#   doesn't exist.  Ignored.
### build\compilers\GC\3.0a5.2\mwldeppc.exe Linker Warning:
#   FORCEACTIVE symbol 'lbl_87_data_0' is either not a global symbol or 
#   doesn't exist.  Ignored.
### build\compilers\GC\3.0a5.2\mwldeppc.exe Linker Warning:
#   FORCEACTIVE symbol 'lbl_87_data_4' is either not a global symbol or 
#   doesn't exist.  Ignored.
### build\compilers\GC\3.0a5.2\mwldeppc.exe Linker Warning:
#   FORCEACTIVE symbol 'lbl_87_data_32C' is either not a global symbol or 
#   doesn't exist.  Ignored.
### build\compilers\GC\3.0a5.2\mwldeppc.exe Linker Warning:
#   FORCEACTIVE symbol 'lbl_87_data_334' is either not a global symbol or 
#   doesn't exist.  Ignored.
### build\compilers\GC\3.0a5.2\mwldeppc.exe Linker Warning:
#   FORCEACTIVE symbol 'lbl_87_data_360' is either not a global symbol or 
#   doesn't exist.  Ignored.
### build\compilers\GC\3.0a5.2\mwldeppc.exe Linker Warning:
#   FORCEACTIVE symbol 'lbl_87_data_368' is either not a global symbol or 
#   doesn't exist.  Ignored.
### build\compilers\GC\3.0a5.2\mwldeppc.exe Linker Warning:
#   FORCEACTIVE symbol 'lbl_87_data_390' is either not a global symbol or 
#   doesn't exist.  Ignored.
### build\compilers\GC\3.0a5.2\mwldeppc.exe Linker Warning:
#   FORCEACTIVE symbol 'lbl_87_data_3A0' is either not a global symbol or 
#   doesn't exist.  Ignored.
### build\compilers\GC\3.0a5.2\mwldeppc.exe Linker Warning:
#   FORCEACTIVE symbol 'lbl_87_data_3C0' is either not a global symbol or 
#   doesn't exist.  Ignored.
### build\compilers\GC\3.0a5.2\mwldeppc.exe Linker Warning:
#   FORCEACTIVE symbol 'lbl_87_data_3C8' is either not a global symbol or 
#   doesn't exist.  Ignored.
### build\compilers\GC\3.0a5.2\mwldeppc.exe Linker Warning:
#   FORCEACTIVE symbol 'lbl_87_data_3E0' is either not a global symbol or 
#   doesn't exist.  Ignored.
### build\compilers\GC\3.0a5.2\mwldeppc.exe Linker Warning:
#   FORCEACTIVE symbol 'lbl_87_data_404' is either not a global symbol or 
#   doesn't exist.  Ignored.
### build\compilers\GC\3.0a5.2\mwldeppc.exe Linker Warning:
#   FORCEACTIVE symbol 'lbl_87_data_420' is either not a global symbol or 
#   doesn't exist.  Ignored.
### build\compilers\GC\3.0a5.2\mwldeppc.exe Linker Warning:
#   FORCEACTIVE symbol 'lbl_87_data_438' is either not a global symbol or 
#   doesn't exist.  Ignored.
### build\compilers\GC\3.0a5.2\mwldeppc.exe Linker Warning:
#   FORCEACTIVE symbol 'lbl_87_bss_8' is either not a global symbol or doesn't 
#   exist.  Ignored.
[454/538] LINK build\RSBE01_01\st_dxcorneria\st_dxcorneria.plf
### build\compilers\GC\3.0a5.2\mwldeppc.exe Linker Warning:
#   FORCEACTIVE symbol 'lbl_82_rodata_C0' is either not a global symbol or 
#   doesn't exist.  Ignored.
### build\compilers\GC\3.0a5.2\mwldeppc.exe Linker Warning:
#   FORCEACTIVE symbol 'lbl_82_rodata_C4' is either not a global symbol or 
#   doesn't exist.  Ignored.
### build\compilers\GC\3.0a5.2\mwldeppc.exe Linker Warning:
#   FORCEACTIVE symbol 'lbl_82_rodata_C8' is either not a global symbol or 
#   doesn't exist.  Ignored.
### build\compilers\GC\3.0a5.2\mwldeppc.exe Linker Warning:
#   FORCEACTIVE symbol 'lbl_82_data_6B0' is either not a global symbol or 
#   doesn't exist.  Ignored.
### build\compilers\GC\3.0a5.2\mwldeppc.exe Linker Warning:
#   FORCEACTIVE symbol 'lbl_82_data_8A0' is either not a global symbol or 
#   doesn't exist.  Ignored.
### build\compilers\GC\3.0a5.2\mwldeppc.exe Linker Warning:
#   FORCEACTIVE symbol 'lbl_82_data_8B4' is either not a global symbol or 
#   doesn't exist.  Ignored.
### build\compilers\GC\3.0a5.2\mwldeppc.exe Linker Warning:
#   FORCEACTIVE symbol 'lbl_82_data_AB8' is either not a global symbol or 
#   doesn't exist.  Ignored.
### build\compilers\GC\3.0a5.2\mwldeppc.exe Linker Warning:
#   FORCEACTIVE symbol 'lbl_82_data_AC8' is either not a global symbol or 
#   doesn't exist.  Ignored.
### build\compilers\GC\3.0a5.2\mwldeppc.exe Linker Warning:
#   FORCEACTIVE symbol 'lbl_82_data_B08' is either not a global symbol or 
#   doesn't exist.  Ignored.
### build\compilers\GC\3.0a5.2\mwldeppc.exe Linker Warning:
#   FORCEACTIVE symbol 'lbl_82_data_B14' is either not a global symbol or 
#   doesn't exist.  Ignored.
### build\compilers\GC\3.0a5.2\mwldeppc.exe Linker Warning:
#   FORCEACTIVE symbol 'lbl_82_data_B48' is either not a global symbol or 
#   doesn't exist.  Ignored.
### build\compilers\GC\3.0a5.2\mwldeppc.exe Linker Warning:
#   FORCEACTIVE symbol 'lbl_82_data_B58' is either not a global symbol or 
#   doesn't exist.  Ignored.
### build\compilers\GC\3.0a5.2\mwldeppc.exe Linker Warning:
#   FORCEACTIVE symbol 'lbl_82_data_B88' is either not a global symbol or 
#   doesn't exist.  Ignored.
### build\compilers\GC\3.0a5.2\mwldeppc.exe Linker Warning:
#   FORCEACTIVE symbol 'lbl_82_data_B94' is either not a global symbol or 
#   doesn't exist.  Ignored.
### build\compilers\GC\3.0a5.2\mwldeppc.exe Linker Warning:
#   FORCEACTIVE symbol 'lbl_82_data_BB8' is either not a global symbol or 
#   doesn't exist.  Ignored.
### build\compilers\GC\3.0a5.2\mwldeppc.exe Linker Warning:
#   FORCEACTIVE symbol 'lbl_82_data_BC4' is either not a global symbol or 
#   doesn't exist.  Ignored.
### build\compilers\GC\3.0a5.2\mwldeppc.exe Linker Warning:
#   FORCEACTIVE symbol 'lbl_82_data_BE0' is either not a global symbol or 
#   doesn't exist.  Ignored.
### build\compilers\GC\3.0a5.2\mwldeppc.exe Linker Warning:
#   FORCEACTIVE symbol 'lbl_82_data_BE8' is either not a global symbol or 
#   doesn't exist.  Ignored.
[455/538] LINK build\RSBE01_01\sora_enemy\sora_enemy.plf
### build\compilers\GC\3.0a5.2\mwldeppc.exe Linker Warning:
#   FORCEACTIVE symbol 
#   'emResourceModuleImpl::DeleteExParam<emKuriboParam>(void)' is either not a 
#   global symbol or doesn't exist.  Ignored.
### build\compilers\GC\3.0a5.2\mwldeppc.exe Linker Warning:
#   FORCEACTIVE symbol 
#   'emResourceModuleImpl::DeleteExParam<emPopperamParam>(void)' is either not 
#   a global symbol or doesn't exist.  Ignored.
### build\compilers\GC\3.0a5.2\mwldeppc.exe Linker Warning:
#   FORCEACTIVE symbol 
#   'emResourceModuleImpl::DeleteExParam<emPacciParam>(void)' is either not a 
#   global symbol or doesn't exist.  Ignored.
### build\compilers\GC\3.0a5.2\mwldeppc.exe Linker Warning:
#   FORCEACTIVE symbol 
#   'emResourceModuleImpl::DeleteExParam<emJyakeelParam>(void)' is either not 
#   a global symbol or doesn't exist.  Ignored.
### build\compilers\GC\3.0a5.2\mwldeppc.exe Linker Warning:
#   FORCEACTIVE symbol 
#   'emResourceModuleImpl::DeleteExParam<emAroarosParam>(void)' is either not 
#   a global symbol or doesn't exist.  Ignored.
### build\compilers\GC\3.0a5.2\mwldeppc.exe Linker Warning:
#   FORCEACTIVE symbol 
#   'emResourceModuleImpl::DeleteExParam<emCymalParam>(void)' is either not a 
#   global symbol or doesn't exist.  Ignored.
### build\compilers\GC\3.0a5.2\mwldeppc.exe Linker Warning:
#   FORCEACTIVE symbol 
#   'emResourceModuleImpl::DeleteExParam<emDeathpodParam>(void)' is either not 
#   a global symbol or doesn't exist.  Ignored.
### build\compilers\GC\3.0a5.2\mwldeppc.exe Linker Warning:
#   FORCEACTIVE symbol 
#   'emResourceModuleImpl::DeleteExParam<emBoobasParam>(void)' is either not a 
#   global symbol or doesn't exist.  Ignored.
### build\compilers\GC\3.0a5.2\mwldeppc.exe Linker Warning:
#   FORCEACTIVE symbol 
#   'emResourceModuleImpl::DeleteExParam<emDekakuriboParam>(void)' is either 
#   not a global symbol or doesn't exist.  Ignored.
### build\compilers\GC\3.0a5.2\mwldeppc.exe Linker Warning:
#   FORCEACTIVE symbol 
#   'emResourceModuleImpl::DeleteExParam<emBotronParam>(void)' is either not a 
#   global symbol or doesn't exist.  Ignored.
### build\compilers\GC\3.0a5.2\mwldeppc.exe Linker Warning:
#   FORCEACTIVE symbol 
#   'emResourceModuleImpl::DeleteExParam<emBucyulusParam>(void)' is either not 
#   a global symbol or doesn't exist.  Ignored.
### build\compilers\GC\3.0a5.2\mwldeppc.exe Linker Warning:
#   FORCEACTIVE symbol 
#   'emResourceModuleImpl::DeleteExParam<emGyraanParam>(void)' is either not a 
#   global symbol or doesn't exist.  Ignored.
### build\compilers\GC\3.0a5.2\mwldeppc.exe Linker Warning:
#   FORCEACTIVE symbol 
#   'emResourceModuleImpl::DeleteExParam<emSiralamosParam>(void)' is either 
#   not a global symbol or doesn't exist.  Ignored.
### build\compilers\GC\3.0a5.2\mwldeppc.exe Linker Warning:
#   FORCEACTIVE symbol 
#   'emResourceModuleImpl::DeleteExParam<emKillerParam>(void)' is either not a 
#   global symbol or doesn't exist.  Ignored.
### build\compilers\GC\3.0a5.2\mwldeppc.exe Linker Warning:
#   FORCEACTIVE symbol 
#   'emResourceModuleImpl::DeleteExParam<emRoadaParam>(void)' is either not a 
#   global symbol or doesn't exist.  Ignored.
### build\compilers\GC\3.0a5.2\mwldeppc.exe Linker Warning:
#   FORCEACTIVE symbol 
#   'emResourceModuleImpl::DeleteExParam<emSparParam>(void)' is either not a 
#   global symbol or doesn't exist.  Ignored.
### build\compilers\GC\3.0a5.2\mwldeppc.exe Linker Warning:
#   FORCEACTIVE symbol 
#   'emResourceModuleImpl::DeleteExParam<emMiteParam>(void)' is either not a 
#   global symbol or doesn't exist.  Ignored.
### build\compilers\GC\3.0a5.2\mwldeppc.exe Linker Warning:
#   FORCEACTIVE symbol 
#   'emResourceModuleImpl::DeleteExParam<emTeckinParam>(void)' is either not a 
#   global symbol or doesn't exist.  Ignored.
### build\compilers\GC\3.0a5.2\mwldeppc.exe Linker Warning:
#   FORCEACTIVE symbol 
#   'emResourceModuleImpl::DeleteExParam<emTautauParam>(void)' is either not a 
#   global symbol or doesn't exist.  Ignored.
### build\compilers\GC\3.0a5.2\mwldeppc.exe Linker Warning:
#   FORCEACTIVE symbol 
#   'emResourceModuleImpl::DeleteExParam<emHammerbrosParam>(void)' is either 
#   not a global symbol or doesn't exist.  Ignored.
### build\compilers\GC\3.0a5.2\mwldeppc.exe Linker Warning:
#   FORCEACTIVE symbol 
#   'emResourceModuleImpl::DeleteExParam<emBitanParam>(void)' is either not a 
#   global symbol or doesn't exist.  Ignored.
### build\compilers\GC\3.0a5.2\mwldeppc.exe Linker Warning:
#   FORCEACTIVE symbol 
#   'emResourceModuleImpl::DeleteExParam<emFlowsParam>(void)' is either not a 
#   global symbol or doesn't exist.  Ignored.
### build\compilers\GC\3.0a5.2\mwldeppc.exe Linker Warning:
#   FORCEACTIVE symbol 
#   'emResourceModuleImpl::DeleteExParam<emKokkonParam>(void)' is either not a 
#   global symbol or doesn't exist.  Ignored.
### build\compilers\GC\3.0a5.2\mwldeppc.exe Linker Warning:
#   FORCEACTIVE symbol 
#   'emResourceModuleImpl::DeleteExParam<emPrimParam>(void)' is either not a 
#   global symbol or doesn't exist.  Ignored.
### build\compilers\GC\3.0a5.2\mwldeppc.exe Linker Warning:
#   FORCEACTIVE symbol 
#   'emResourceModuleImpl::DeleteExParam<emShellyParam>(void)' is either not a 
#   global symbol or doesn't exist.  Ignored.
### build\compilers\GC\3.0a5.2\mwldeppc.exe Linker Warning:
#   FORCEACTIVE symbol 
#   'emResourceModuleImpl::DeleteExParam<emPatapataParam>(void)' is either not 
#   a global symbol or doesn't exist.  Ignored.
### build\compilers\GC\3.0a5.2\mwldeppc.exe Linker Warning:
#   FORCEACTIVE symbol 
#   'emResourceModuleImpl::DeleteExParam<emJdusParam>(void)' is either not a 
#   global symbol or doesn't exist.  Ignored.
### build\compilers\GC\3.0a5.2\mwldeppc.exe Linker Warning:
#   FORCEACTIVE symbol 
#   'emResourceModuleImpl::DeleteExParam<emBombheadParam>(void)' is either not 
#   a global symbol or doesn't exist.  Ignored.
### build\compilers\GC\3.0a5.2\mwldeppc.exe Linker Warning:
#   FORCEACTIVE symbol 
#   'emResourceModuleImpl::DeleteExParam<emNgagogParam>(void)' is either not a 
#   global symbol or doesn't exist.  Ignored.
### build\compilers\GC\3.0a5.2\mwldeppc.exe Linker Warning:
#   FORCEACTIVE symbol 
#   'emResourceModuleImpl::DeleteExParam<emFaulongParam>(void)' is either not 
#   a global symbol or doesn't exist.  Ignored.
### build\compilers\GC\3.0a5.2\mwldeppc.exe Linker Warning:
#   FORCEACTIVE symbol 
#   'emResourceModuleImpl::DeleteExParam<emGhamghaParam>(void)' is either not 
#   a global symbol or doesn't exist.  Ignored.
### build\compilers\GC\3.0a5.2\mwldeppc.exe Linker Warning:
#   FORCEACTIVE symbol 
#   'emResourceModuleImpl::DeleteExParam<emRobobeamParam>(void)' is either not 
#   a global symbol or doesn't exist.  Ignored.
### build\compilers\GC\3.0a5.2\mwldeppc.exe Linker Warning:
#   FORCEACTIVE symbol 
#   'emResourceModuleImpl::DeleteExParam<emRobodistanceParam>(void)' is either 
#   not a global symbol or doesn't exist.  Ignored.
### build\compilers\GC\3.0a5.2\mwldeppc.exe Linker Warning:
#   FORCEACTIVE symbol 
#   'emResourceModuleImpl::DeleteExParam<emRobohomingParam>(void)' is either 
#   not a global symbol or doesn't exist.  Ignored.
### build\compilers\GC\3.0a5.2\mwldeppc.exe Linker Warning:
#   FORCEACTIVE symbol 
#   'emResourceModuleImpl::DeleteExParam<emRobopunchParam>(void)' is either 
#   not a global symbol or doesn't exist.  Ignored.
### build\compilers\GC\3.0a5.2\mwldeppc.exe Linker Warning:
#   FORCEACTIVE symbol 
#   'emResourceModuleImpl::DeleteExParam<emCataguardParam>(void)' is either 
#   not a global symbol or doesn't exist.  Ignored.
### build\compilers\GC\3.0a5.2\mwldeppc.exe Linker Warning:
#   FORCEACTIVE symbol 
#   'emResourceModuleImpl::DeleteExParam<emArmanParam>(void)' is either not a 
#   global symbol or doesn't exist.  Ignored.
### build\compilers\GC\3.0a5.2\mwldeppc.exe Linker Warning:
#   FORCEACTIVE symbol 
#   'emResourceModuleImpl::DeleteExParam<emGalfireParam>(void)' is either not 
#   a global symbol or doesn't exist.  Ignored.
### build\compilers\GC\3.0a5.2\mwldeppc.exe Linker Warning:
#   FORCEACTIVE symbol 
#   'emResourceModuleImpl::DeleteExParam<emBosspackunParam>(void)' is either 
#   not a global symbol or doesn't exist.  Ignored.
### build\compilers\GC\3.0a5.2\mwldeppc.exe Linker Warning:
#   FORCEACTIVE symbol 
#   'emResourceModuleImpl::DeleteExParam<emGhamghabaseParam>(void)' is either 
#   not a global symbol or doesn't exist.  Ignored.
### build\compilers\GC\3.0a5.2\mwldeppc.exe Linker Warning:
#   FORCEACTIVE symbol 
#   'emResourceModuleImpl::DeleteExParam<emGalleomParam>(void)' is either not 
#   a global symbol or doesn't exist.  Ignored.
### build\compilers\GC\3.0a5.2\mwldeppc.exe Linker Warning:
#   FORCEACTIVE symbol 
#   'emResourceModuleImpl::DeleteExParam<emRidleyParam>(void)' is either not a 
#   global symbol or doesn't exist.  Ignored.
### build\compilers\GC\3.0a5.2\mwldeppc.exe Linker Warning:
#   FORCEACTIVE symbol 
#   'emResourceModuleImpl::DeleteExParam<emRayquazaParam>(void)' is either not 
#   a global symbol or doesn't exist.  Ignored.
### build\compilers\GC\3.0a5.2\mwldeppc.exe Linker Warning:
#   FORCEACTIVE symbol 
#   'emResourceModuleImpl::DeleteExParam<emDuonParam>(void)' is either not a 
#   global symbol or doesn't exist.  Ignored.
### build\compilers\GC\3.0a5.2\mwldeppc.exe Linker Warning:
#   FORCEACTIVE symbol 
#   'emResourceModuleImpl::DeleteExParam<emPorkyParam>(void)' is either not a 
#   global symbol or doesn't exist.  Ignored.
### build\compilers\GC\3.0a5.2\mwldeppc.exe Linker Warning:
#   FORCEACTIVE symbol 
#   'emResourceModuleImpl::DeleteExParam<emMetaridleyParam>(void)' is either 
#   not a global symbol or doesn't exist.  Ignored.
### build\compilers\GC\3.0a5.2\mwldeppc.exe Linker Warning:
#   FORCEACTIVE symbol 
#   'emResourceModuleImpl::DeleteExParam<emFalconflyerParam>(void)' is either 
#   not a global symbol or doesn't exist.  Ignored.
### build\compilers\GC\3.0a5.2\mwldeppc.exe Linker Warning:
#   FORCEACTIVE symbol 
#   'emResourceModuleImpl::DeleteExParam<emTabooParam>(void)' is either not a 
#   global symbol or doesn't exist.  Ignored.
### build\compilers\GC\3.0a5.2\mwldeppc.exe Linker Warning:
#   FORCEACTIVE symbol 
#   'emResourceModuleImpl::DeleteExParam<emMasterhandParam>(void)' is either 
#   not a global symbol or doesn't exist.  Ignored.
### build\compilers\GC\3.0a5.2\mwldeppc.exe Linker Warning:
#   FORCEACTIVE symbol 
#   'emResourceModuleImpl::DeleteExParam<emCrazyhandParam>(void)' is either 
#   not a global symbol or doesn't exist.  Ignored.
### build\compilers\GC\3.0a5.2\mwldeppc.exe Linker Warning:
#   FORCEACTIVE symbol 'emInfo::isInvalidKind(emKind)' is either not a global 
#   symbol or doesn't exist.  Ignored.
### build\compilers\GC\3.0a5.2\mwldeppc.exe Linker Warning:
#   FORCEACTIVE symbol 'emInfo::getMotionNum(emKind)' is either not a global 
#   symbol or doesn't exist.  Ignored.
### build\compilers\GC\3.0a5.2\mwldeppc.exe Linker Warning:
#   FORCEACTIVE symbol 'emInfo::getStatusNum(emKind)' is either not a global 
#   symbol or doesn't exist.  Ignored.
### build\compilers\GC\3.0a5.2\mwldeppc.exe Linker Warning:
#   FORCEACTIVE symbol 'emInfo::getNamePtr()' is either not a global symbol or 
#   doesn't exist.  Ignored.
### build\compilers\GC\3.0a5.2\mwldeppc.exe Linker Warning:
#   FORCEACTIVE symbol '__sinit_\em_info_cpp' is either not a global symbol or 
#   doesn't exist.  Ignored.
### build\compilers\GC\3.0a5.2\mwldeppc.exe Linker Warning:
#   FORCEACTIVE symbol '__sinit_\em_robopunch_param_accesser_cpp' is either 
#   not a global symbol or doesn't exist.  Ignored.
### build\compilers\GC\3.0a5.2\mwldeppc.exe Linker Warning:
#   FORCEACTIVE symbol 'lbl_41_rodata_BD8' is either not a global symbol or 
#   doesn't exist.  Ignored.
### build\compilers\GC\3.0a5.2\mwldeppc.exe Linker Warning:
#   FORCEACTIVE symbol 'lbl_41_rodata_D88' is either not a global symbol or 
#   doesn't exist.  Ignored.
### build\compilers\GC\3.0a5.2\mwldeppc.exe Linker Warning:
#   FORCEACTIVE symbol 'lbl_41_rodata_D90' is either not a global symbol or 
#   doesn't exist.  Ignored.
### build\compilers\GC\3.0a5.2\mwldeppc.exe Linker Warning:
#   FORCEACTIVE symbol 'lbl_41_rodata_E88' is either not a global symbol or 
#   doesn't exist.  Ignored.
### build\compilers\GC\3.0a5.2\mwldeppc.exe Linker Warning:
#   FORCEACTIVE symbol 'lbl_41_rodata_E90' is either not a global symbol or 
#   doesn't exist.  Ignored.
### build\compilers\GC\3.0a5.2\mwldeppc.exe Linker Warning:
#   FORCEACTIVE symbol 'lbl_41_rodata_E98' is either not a global symbol or 
#   doesn't exist.  Ignored.
### build\compilers\GC\3.0a5.2\mwldeppc.exe Linker Warning:
#   FORCEACTIVE symbol 'lbl_41_rodata_EA0' is either not a global symbol or 
#   doesn't exist.  Ignored.
### build\compilers\GC\3.0a5.2\mwldeppc.exe Linker Warning:
#   FORCEACTIVE symbol 'lbl_41_rodata_EB0' is either not a global symbol or 
#   doesn't exist.  Ignored.
### build\compilers\GC\3.0a5.2\mwldeppc.exe Linker Warning:
#   FORCEACTIVE symbol 'lbl_41_rodata_EB8' is either not a global symbol or 
#   doesn't exist.  Ignored.
### build\compilers\GC\3.0a5.2\mwldeppc.exe Linker Warning:
#   FORCEACTIVE symbol 'lbl_41_rodata_EC0' is either not a global symbol or 
#   doesn't exist.  Ignored.
### build\compilers\GC\3.0a5.2\mwldeppc.exe Linker Warning:
#   FORCEACTIVE symbol 'lbl_41_rodata_ED0' is either not a global symbol or 
#   doesn't exist.  Ignored.
### build\compilers\GC\3.0a5.2\mwldeppc.exe Linker Warning:
#   FORCEACTIVE symbol 'lbl_41_rodata_ED8' is either not a global symbol or 
#   doesn't exist.  Ignored.
### build\compilers\GC\3.0a5.2\mwldeppc.exe Linker Warning:
#   FORCEACTIVE symbol 'lbl_41_rodata_EE0' is either not a global symbol or 
#   doesn't exist.  Ignored.
### build\compilers\GC\3.0a5.2\mwldeppc.exe Linker Warning:
#   FORCEACTIVE symbol 'lbl_41_rodata_EE8' is either not a global symbol or 
#   doesn't exist.  Ignored.
### build\compilers\GC\3.0a5.2\mwldeppc.exe Linker Warning:
#   FORCEACTIVE symbol 'lbl_41_rodata_EF8' is either not a global symbol or 
#   doesn't exist.  Ignored.
### build\compilers\GC\3.0a5.2\mwldeppc.exe Linker Warning:
#   FORCEACTIVE symbol 'lbl_41_rodata_F08' is either not a global symbol or 
#   doesn't exist.  Ignored.
### build\compilers\GC\3.0a5.2\mwldeppc.exe Linker Warning:
#   FORCEACTIVE symbol 'lbl_41_rodata_F20' is either not a global symbol or 
#   doesn't exist.  Ignored.
### build\compilers\GC\3.0a5.2\mwldeppc.exe Linker Warning:
#   FORCEACTIVE symbol 'lbl_41_rodata_F28' is either not a global symbol or 
#   doesn't exist.  Ignored.
### build\compilers\GC\3.0a5.2\mwldeppc.exe Linker Warning:
#   FORCEACTIVE symbol 'lbl_41_rodata_F30' is either not a global symbol or 
#   doesn't exist.  Ignored.
### build\compilers\GC\3.0a5.2\mwldeppc.exe Linker Warning:
#   FORCEACTIVE symbol 'lbl_41_rodata_F70' is either not a global symbol or 
#   doesn't exist.  Ignored.
### build\compilers\GC\3.0a5.2\mwldeppc.exe Linker Warning:
#   FORCEACTIVE symbol 'lbl_41_rodata_1038' is either not a global symbol or 
#   doesn't exist.  Ignored.
### build\compilers\GC\3.0a5.2\mwldeppc.exe Linker Warning:
#   FORCEACTIVE symbol 'lbl_41_rodata_1040' is either not a global symbol or 
#   doesn't exist.  Ignored.
### build\compilers\GC\3.0a5.2\mwldeppc.exe Linker Warning:
#   FORCEACTIVE symbol 'lbl_41_rodata_1048' is either not a global symbol or 
#   doesn't exist.  Ignored.
### build\compilers\GC\3.0a5.2\mwldeppc.exe Linker Warning:
#   FORCEACTIVE symbol 'lbl_41_rodata_1050' is either not a global symbol or 
#   doesn't exist.  Ignored.
### build\compilers\GC\3.0a5.2\mwldeppc.exe Linker Warning:
#   FORCEACTIVE symbol 'lbl_41_rodata_1058' is either not a global symbol or 
#   doesn't exist.  Ignored.
### build\compilers\GC\3.0a5.2\mwldeppc.exe Linker Warning:
#   FORCEACTIVE symbol 'lbl_41_rodata_1060' is either not a global symbol or 
#   doesn't exist.  Ignored.
### build\compilers\GC\3.0a5.2\mwldeppc.exe Linker Warning:
#   FORCEACTIVE symbol 'lbl_41_rodata_1070' is either not a global symbol or 
#   doesn't exist.  Ignored.
### build\compilers\GC\3.0a5.2\mwldeppc.exe Linker Warning:
#   FORCEACTIVE symbol 'lbl_41_rodata_1078' is either not a global symbol or 
#   doesn't exist.  Ignored.
### build\compilers\GC\3.0a5.2\mwldeppc.exe Linker Warning:
#   FORCEACTIVE symbol 'lbl_41_rodata_1090' is either not a global symbol or 
#   doesn't exist.  Ignored.
### build\compilers\GC\3.0a5.2\mwldeppc.exe Linker Warning:
#   FORCEACTIVE symbol 'lbl_41_rodata_1098' is either not a global symbol or 
#   doesn't exist.  Ignored.
### build\compilers\GC\3.0a5.2\mwldeppc.exe Linker Warning:
#   FORCEACTIVE symbol 'lbl_41_rodata_10A0' is either not a global symbol or 
#   doesn't exist.  Ignored.
### build\compilers\GC\3.0a5.2\mwldeppc.exe Linker Warning:
#   FORCEACTIVE symbol 'lbl_41_rodata_10A8' is either not a global symbol or 
#   doesn't exist.  Ignored.
### build\compilers\GC\3.0a5.2\mwldeppc.exe Linker Warning:
#   FORCEACTIVE symbol 'lbl_41_rodata_10B0' is either not a global symbol or 
#   doesn't exist.  Ignored.
### build\compilers\GC\3.0a5.2\mwldeppc.exe Linker Warning:
#   FORCEACTIVE symbol 'lbl_41_rodata_10C0' is either not a global symbol or 
#   doesn't exist.  Ignored.
### build\compilers\GC\3.0a5.2\mwldeppc.exe Linker Warning:
#   FORCEACTIVE symbol 'lbl_41_rodata_10C8' is either not a global symbol or 
#   doesn't exist.  Ignored.
### build\compilers\GC\3.0a5.2\mwldeppc.exe Linker Warning:
#   FORCEACTIVE symbol 'lbl_41_rodata_10D8' is either not a global symbol or 
#   doesn't exist.  Ignored.
### build\compilers\GC\3.0a5.2\mwldeppc.exe Linker Warning:
#   FORCEACTIVE symbol 'lbl_41_rodata_10E0' is either not a global symbol or 
#   doesn't exist.  Ignored.
### build\compilers\GC\3.0a5.2\mwldeppc.exe Linker Warning:
#   FORCEACTIVE symbol 'lbl_41_rodata_10E8' is either not a global symbol or 
#   doesn't exist.  Ignored.
### build\compilers\GC\3.0a5.2\mwldeppc.exe Linker Warning:
#   FORCEACTIVE symbol 'lbl_41_rodata_10F0' is either not a global symbol or 
#   doesn't exist.  Ignored.
### build\compilers\GC\3.0a5.2\mwldeppc.exe Linker Warning:
#   FORCEACTIVE symbol 'lbl_41_rodata_10F8' is either not a global symbol or 
#   doesn't exist.  Ignored.
### build\compilers\GC\3.0a5.2\mwldeppc.exe Linker Warning:
#   FORCEACTIVE symbol 'lbl_41_rodata_1108' is either not a global symbol or 
#   doesn't exist.  Ignored.
### build\compilers\GC\3.0a5.2\mwldeppc.exe Linker Warning:
#   FORCEACTIVE symbol 'lbl_41_rodata_1110' is either not a global symbol or 
#   doesn't exist.  Ignored.
### build\compilers\GC\3.0a5.2\mwldeppc.exe Linker Warning:
#   FORCEACTIVE symbol 'lbl_41_rodata_1118' is either not a global symbol or 
#   doesn't exist.  Ignored.
### build\compilers\GC\3.0a5.2\mwldeppc.exe Linker Warning:
#   FORCEACTIVE symbol 'lbl_41_rodata_1128' is either not a global symbol or 
#   doesn't exist.  Ignored.
### build\compilers\GC\3.0a5.2\mwldeppc.exe Linker Warning:
#   FORCEACTIVE symbol 'lbl_41_rodata_1130' is either not a global symbol or 
#   doesn't exist.  Ignored.
### build\compilers\GC\3.0a5.2\mwldeppc.exe Linker Warning:
#   FORCEACTIVE symbol 'lbl_41_rodata_1140' is either not a global symbol or 
#   doesn't exist.  Ignored.
### build\compilers\GC\3.0a5.2\mwldeppc.exe Linker Warning:
#   FORCEACTIVE symbol 'lbl_41_rodata_1148' is either not a global symbol or 
#   doesn't exist.  Ignored.
### build\compilers\GC\3.0a5.2\mwldeppc.exe Linker Warning:
#   FORCEACTIVE symbol 'lbl_41_rodata_1150' is either not a global symbol or 
#   doesn't exist.  Ignored.
### build\compilers\GC\3.0a5.2\mwldeppc.exe Linker Warning:
#   FORCEACTIVE symbol 'lbl_41_rodata_1160' is either not a global symbol or 
#   doesn't exist.  Ignored.
### build\compilers\GC\3.0a5.2\mwldeppc.exe Linker Warning:
#   FORCEACTIVE symbol 'lbl_41_rodata_1178' is either not a global symbol or 
#   doesn't exist.  Ignored.
### build\compilers\GC\3.0a5.2\mwldeppc.exe Linker Warning:
#   FORCEACTIVE symbol 'lbl_41_rodata_1180' is either not a global symbol or 
#   doesn't exist.  Ignored.
### build\compilers\GC\3.0a5.2\mwldeppc.exe Linker Warning:
#   FORCEACTIVE symbol 'lbl_41_rodata_1190' is either not a global symbol or 
#   doesn't exist.  Ignored.
### build\compilers\GC\3.0a5.2\mwldeppc.exe Linker Warning:
#   FORCEACTIVE symbol 'lbl_41_rodata_11A0' is either not a global symbol or 
#   doesn't exist.  Ignored.
### build\compilers\GC\3.0a5.2\mwldeppc.exe Linker Warning:
#   FORCEACTIVE symbol 'lbl_41_rodata_11A8' is either not a global symbol or 
#   doesn't exist.  Ignored.
### build\compilers\GC\3.0a5.2\mwldeppc.exe Linker Warning:
#   FORCEACTIVE symbol 'lbl_41_rodata_11B8' is either not a global symbol or 
#   doesn't exist.  Ignored.
### build\compilers\GC\3.0a5.2\mwldeppc.exe Linker Warning:
#   FORCEACTIVE symbol 'lbl_41_rodata_11C8' is either not a global symbol or 
#   doesn't exist.  Ignored.
### build\compilers\GC\3.0a5.2\mwldeppc.exe Linker Warning:
#   FORCEACTIVE symbol 'lbl_41_data_1954' is either not a global symbol or 
#   doesn't exist.  Ignored.
### build\compilers\GC\3.0a5.2\mwldeppc.exe Linker Warning:
#   FORCEACTIVE symbol 'lbl_41_data_195C' is either not a global symbol or 
#   doesn't exist.  Ignored.
### build\compilers\GC\3.0a5.2\mwldeppc.exe Linker Warning:
#   FORCEACTIVE symbol 'lbl_41_data_1970' is either not a global symbol or 
#   doesn't exist.  Ignored.
### build\compilers\GC\3.0a5.2\mwldeppc.exe Linker Warning:
#   FORCEACTIVE symbol 'lbl_41_data_198C' is either not a global symbol or 
#   doesn't exist.  Ignored.
### build\compilers\GC\3.0a5.2\mwldeppc.exe Linker Warning:
#   FORCEACTIVE symbol 'lbl_41_data_2C18' is either not a global symbol or 
#   doesn't exist.  Ignored.
### build\compilers\GC\3.0a5.2\mwldeppc.exe Linker Warning:
#   FORCEACTIVE symbol 'lbl_41_data_2C23' is either not a global symbol or 
#   doesn't exist.  Ignored.
### build\compilers\GC\3.0a5.2\mwldeppc.exe Linker Warning:
#   FORCEACTIVE symbol 'lbl_41_data_2C60' is either not a global symbol or 
#   doesn't exist.  Ignored.
### build\compilers\GC\3.0a5.2\mwldeppc.exe Linker Warning:
#   FORCEACTIVE symbol 'lbl_41_data_2C78' is either not a global symbol or 
#   doesn't exist.  Ignored.
### build\compilers\GC\3.0a5.2\mwldeppc.exe Linker Warning:
#   FORCEACTIVE symbol 'lbl_41_data_2C9C' is either not a global symbol or 
#   doesn't exist.  Ignored.
### build\compilers\GC\3.0a5.2\mwldeppc.exe Linker Warning:
#   FORCEACTIVE symbol 'lbl_41_data_2CB4' is either not a global symbol or 
#   doesn't exist.  Ignored.
### build\compilers\GC\3.0a5.2\mwldeppc.exe Linker Warning:
#   FORCEACTIVE symbol 'lbl_41_data_2CD0' is either not a global symbol or 
#   doesn't exist.  Ignored.
### build\compilers\GC\3.0a5.2\mwldeppc.exe Linker Warning:
#   FORCEACTIVE symbol 'lbl_41_data_2CE4' is either not a global symbol or 
#   doesn't exist.  Ignored.
### build\compilers\GC\3.0a5.2\mwldeppc.exe Linker Warning:
#   FORCEACTIVE symbol 'lbl_41_data_3224' is either not a global symbol or 
#   doesn't exist.  Ignored.
### build\compilers\GC\3.0a5.2\mwldeppc.exe Linker Warning:
#   FORCEACTIVE symbol 'lbl_41_data_323C' is either not a global symbol or 
#   doesn't exist.  Ignored.
### build\compilers\GC\3.0a5.2\mwldeppc.exe Linker Warning:
#   FORCEACTIVE symbol 'lbl_41_data_3258' is either not a global symbol or 
#   doesn't exist.  Ignored.
### build\compilers\GC\3.0a5.2\mwldeppc.exe Linker Warning:
#   FORCEACTIVE symbol 'lbl_41_data_3268' is either not a global symbol or 
#   doesn't exist.  Ignored.
### build\compilers\GC\3.0a5.2\mwldeppc.exe Linker Warning:
#   FORCEACTIVE symbol 'lbl_41_data_36CC' is either not a global symbol or 
#   doesn't exist.  Ignored.
### build\compilers\GC\3.0a5.2\mwldeppc.exe Linker Warning:
#   FORCEACTIVE symbol 'lbl_41_data_36E0' is either not a global symbol or 
#   doesn't exist.  Ignored.
### build\compilers\GC\3.0a5.2\mwldeppc.exe Linker Warning:
#   FORCEACTIVE symbol 'lbl_41_data_36F4' is either not a global symbol or 
#   doesn't exist.  Ignored.
### build\compilers\GC\3.0a5.2\mwldeppc.exe Linker Warning:
#   FORCEACTIVE symbol 'lbl_41_data_3EE0' is either not a global symbol or 
#   doesn't exist.  Ignored.
### build\compilers\GC\3.0a5.2\mwldeppc.exe Linker Warning:
#   FORCEACTIVE symbol 'lbl_41_data_3EF8' is either not a global symbol or 
#   doesn't exist.  Ignored.
### build\compilers\GC\3.0a5.2\mwldeppc.exe Linker Warning:
#   FORCEACTIVE symbol 'lbl_41_data_6CFC' is either not a global symbol or 
#   doesn't exist.  Ignored.
### build\compilers\GC\3.0a5.2\mwldeppc.exe Linker Warning:
#   FORCEACTIVE symbol 'lbl_41_data_6D10' is either not a global symbol or 
#   doesn't exist.  Ignored.
### build\compilers\GC\3.0a5.2\mwldeppc.exe Linker Warning:
#   FORCEACTIVE symbol 'lbl_41_data_6D2C' is either not a global symbol or 
#   doesn't exist.  Ignored.
### build\compilers\GC\3.0a5.2\mwldeppc.exe Linker Warning:
#   FORCEACTIVE symbol 'lbl_41_data_6D3C' is either not a global symbol or 
#   doesn't exist.  Ignored.
### build\compilers\GC\3.0a5.2\mwldeppc.exe Linker Warning:
#   FORCEACTIVE symbol 'lbl_41_data_7194' is either not a global symbol or 
#   doesn't exist.  Ignored.
### build\compilers\GC\3.0a5.2\mwldeppc.exe Linker Warning:
#   FORCEACTIVE symbol 'lbl_41_data_71AC' is either not a global symbol or 
#   doesn't exist.  Ignored.
### build\compilers\GC\3.0a5.2\mwldeppc.exe Linker Warning:
#   FORCEACTIVE symbol 'lbl_41_data_7F54' is either not a global symbol or 
#   doesn't exist.  Ignored.
### build\compilers\GC\3.0a5.2\mwldeppc.exe Linker Warning:
#   FORCEACTIVE symbol 'lbl_41_data_7F70' is either not a global symbol or 
#   doesn't exist.  Ignored.
### build\compilers\GC\3.0a5.2\mwldeppc.exe Linker Warning:
#   FORCEACTIVE symbol 'lbl_41_data_8228' is either not a global symbol or 
#   doesn't exist.  Ignored.
### build\compilers\GC\3.0a5.2\mwldeppc.exe Linker Warning:
#   FORCEACTIVE symbol 'lbl_41_data_8240' is either not a global symbol or 
#   doesn't exist.  Ignored.
### build\compilers\GC\3.0a5.2\mwldeppc.exe Linker Warning:
#   FORCEACTIVE symbol 'lbl_41_data_84DC' is either not a global symbol or 
#   doesn't exist.  Ignored.
### build\compilers\GC\3.0a5.2\mwldeppc.exe Linker Warning:
#   FORCEACTIVE symbol 'lbl_41_data_84F4' is either not a global symbol or 
#   doesn't exist.  Ignored.
### build\compilers\GC\3.0a5.2\mwldeppc.exe Linker Warning:
#   FORCEACTIVE symbol 'lbl_41_data_8F7C' is either not a global symbol or 
#   doesn't exist.  Ignored.
### build\compilers\GC\3.0a5.2\mwldeppc.exe Linker Warning:
#   FORCEACTIVE symbol 'lbl_41_data_8F94' is either not a global symbol or 
#   doesn't exist.  Ignored.
### build\compilers\GC\3.0a5.2\mwldeppc.exe Linker Warning:
#   FORCEACTIVE symbol 'lbl_41_data_922C' is either not a global symbol or 
#   doesn't exist.  Ignored.
### build\compilers\GC\3.0a5.2\mwldeppc.exe Linker Warning:
#   FORCEACTIVE symbol 'lbl_41_data_9244' is either not a global symbol or 
#   doesn't exist.  Ignored.
### build\compilers\GC\3.0a5.2\mwldeppc.exe Linker Warning:
#   FORCEACTIVE symbol 'lbl_41_data_94DC' is either not a global symbol or 
#   doesn't exist.  Ignored.
### build\compilers\GC\3.0a5.2\mwldeppc.exe Linker Warning:
#   FORCEACTIVE symbol 'lbl_41_data_94F4' is either not a global symbol or 
#   doesn't exist.  Ignored.
### build\compilers\GC\3.0a5.2\mwldeppc.exe Linker Warning:
#   FORCEACTIVE symbol 'lbl_41_data_978C' is either not a global symbol or 
#   doesn't exist.  Ignored.
### build\compilers\GC\3.0a5.2\mwldeppc.exe Linker Warning:
#   FORCEACTIVE symbol 'lbl_41_data_97A4' is either not a global symbol or 
#   doesn't exist.  Ignored.
### build\compilers\GC\3.0a5.2\mwldeppc.exe Linker Warning:
#   FORCEACTIVE symbol 'lbl_41_data_9A3C' is either not a global symbol or 
#   doesn't exist.  Ignored.
### build\compilers\GC\3.0a5.2\mwldeppc.exe Linker Warning:
#   FORCEACTIVE symbol 'lbl_41_data_9A54' is either not a global symbol or 
#   doesn't exist.  Ignored.
### build\compilers\GC\3.0a5.2\mwldeppc.exe Linker Warning:
#   FORCEACTIVE symbol 'lbl_41_data_A53C' is either not a global symbol or 
#   doesn't exist.  Ignored.
### build\compilers\GC\3.0a5.2\mwldeppc.exe Linker Warning:
#   FORCEACTIVE symbol 'lbl_41_data_A554' is either not a global symbol or 
#   doesn't exist.  Ignored.
### build\compilers\GC\3.0a5.2\mwldeppc.exe Linker Warning:
#   FORCEACTIVE symbol 'lbl_41_data_A7F4' is either not a global symbol or 
#   doesn't exist.  Ignored.
### build\compilers\GC\3.0a5.2\mwldeppc.exe Linker Warning:
#   FORCEACTIVE symbol 'lbl_41_data_A810' is either not a global symbol or 
#   doesn't exist.  Ignored.
### build\compilers\GC\3.0a5.2\mwldeppc.exe Linker Warning:
#   FORCEACTIVE symbol 'lbl_41_data_AACC' is either not a global symbol or 
#   doesn't exist.  Ignored.
### build\compilers\GC\3.0a5.2\mwldeppc.exe Linker Warning:
#   FORCEACTIVE symbol 'lbl_41_data_AAE4' is either not a global symbol or 
#   doesn't exist.  Ignored.
### build\compilers\GC\3.0a5.2\mwldeppc.exe Linker Warning:
#   FORCEACTIVE symbol 'lbl_41_data_B424' is either not a global symbol or 
#   doesn't exist.  Ignored.
### build\compilers\GC\3.0a5.2\mwldeppc.exe Linker Warning:
#   FORCEACTIVE symbol 'lbl_41_data_B43C' is either not a global symbol or 
#   doesn't exist.  Ignored.
### build\compilers\GC\3.0a5.2\mwldeppc.exe Linker Warning:
#   FORCEACTIVE symbol 'lbl_41_data_BD60' is either not a global symbol or 
#   doesn't exist.  Ignored.
### build\compilers\GC\3.0a5.2\mwldeppc.exe Linker Warning:
#   FORCEACTIVE symbol 'lbl_41_data_BD78' is either not a global symbol or 
#   doesn't exist.  Ignored.
### build\compilers\GC\3.0a5.2\mwldeppc.exe Linker Warning:
#   FORCEACTIVE symbol 'lbl_41_data_C050' is either not a global symbol or 
#   doesn't exist.  Ignored.
### build\compilers\GC\3.0a5.2\mwldeppc.exe Linker Warning:
#   FORCEACTIVE symbol 'lbl_41_data_C064' is either not a global symbol or 
#   doesn't exist.  Ignored.
### build\compilers\GC\3.0a5.2\mwldeppc.exe Linker Warning:
#   FORCEACTIVE symbol 'lbl_41_data_D0A8' is either not a global symbol or 
#   doesn't exist.  Ignored.
### build\compilers\GC\3.0a5.2\mwldeppc.exe Linker Warning:
#   FORCEACTIVE symbol 'lbl_41_data_D0BC' is either not a global symbol or 
#   doesn't exist.  Ignored.
### build\compilers\GC\3.0a5.2\mwldeppc.exe Linker Warning:
#   FORCEACTIVE symbol 'lbl_41_data_E498' is either not a global symbol or 
#   doesn't exist.  Ignored.
### build\compilers\GC\3.0a5.2\mwldeppc.exe Linker Warning:
#   FORCEACTIVE symbol 'lbl_41_data_E4B4' is either not a global symbol or 
#   doesn't exist.  Ignored.
### build\compilers\GC\3.0a5.2\mwldeppc.exe Linker Warning:
#   FORCEACTIVE symbol 'lbl_41_data_EFAC' is either not a global symbol or 
#   doesn't exist.  Ignored.
### build\compilers\GC\3.0a5.2\mwldeppc.exe Linker Warning:
#   FORCEACTIVE symbol 'lbl_41_data_EFC4' is either not a global symbol or 
#   doesn't exist.  Ignored.
### build\compilers\GC\3.0a5.2\mwldeppc.exe Linker Warning:
#   FORCEACTIVE symbol 'lbl_41_data_F278' is either not a global symbol or 
#   doesn't exist.  Ignored.
### build\compilers\GC\3.0a5.2\mwldeppc.exe Linker Warning:
#   FORCEACTIVE symbol 'lbl_41_data_F290' is either not a global symbol or 
#   doesn't exist.  Ignored.
### build\compilers\GC\3.0a5.2\mwldeppc.exe Linker Warning:
#   FORCEACTIVE symbol 'lbl_41_data_F54C' is either not a global symbol or 
#   doesn't exist.  Ignored.
### build\compilers\GC\3.0a5.2\mwldeppc.exe Linker Warning:
#   FORCEACTIVE symbol 'lbl_41_data_F564' is either not a global symbol or 
#   doesn't exist.  Ignored.
### build\compilers\GC\3.0a5.2\mwldeppc.exe Linker Warning:
#   FORCEACTIVE symbol 'lbl_41_data_F7FC' is either not a global symbol or 
#   doesn't exist.  Ignored.
### build\compilers\GC\3.0a5.2\mwldeppc.exe Linker Warning:
#   FORCEACTIVE symbol 'lbl_41_data_F814' is either not a global symbol or 
#   doesn't exist.  Ignored.
### build\compilers\GC\3.0a5.2\mwldeppc.exe Linker Warning:
#   FORCEACTIVE symbol 'lbl_41_data_FAAC' is either not a global symbol or 
#   doesn't exist.  Ignored.
### build\compilers\GC\3.0a5.2\mwldeppc.exe Linker Warning:
#   FORCEACTIVE symbol 'lbl_41_data_FAC4' is either not a global symbol or 
#   doesn't exist.  Ignored.
### build\compilers\GC\3.0a5.2\mwldeppc.exe Linker Warning:
#   FORCEACTIVE symbol 'lbl_41_data_10400' is either not a global symbol or 
#   doesn't exist.  Ignored.
### build\compilers\GC\3.0a5.2\mwldeppc.exe Linker Warning:
#   FORCEACTIVE symbol 'lbl_41_data_10414' is either not a global symbol or 
#   doesn't exist.  Ignored.
### build\compilers\GC\3.0a5.2\mwldeppc.exe Linker Warning:
#   FORCEACTIVE symbol 'lbl_41_data_11140' is either not a global symbol or 
#   doesn't exist.  Ignored.
### build\compilers\GC\3.0a5.2\mwldeppc.exe Linker Warning:
#   FORCEACTIVE symbol 'lbl_41_data_1115C' is either not a global symbol or 
#   doesn't exist.  Ignored.
### build\compilers\GC\3.0a5.2\mwldeppc.exe Linker Warning:
#   FORCEACTIVE symbol 'lbl_41_data_11BBC' is either not a global symbol or 
#   doesn't exist.  Ignored.
### build\compilers\GC\3.0a5.2\mwldeppc.exe Linker Warning:
#   FORCEACTIVE symbol 'lbl_41_data_11BD4' is either not a global symbol or 
#   doesn't exist.  Ignored.
### build\compilers\GC\3.0a5.2\mwldeppc.exe Linker Warning:
#   FORCEACTIVE symbol 'lbl_41_data_12838' is either not a global symbol or 
#   doesn't exist.  Ignored.
### build\compilers\GC\3.0a5.2\mwldeppc.exe Linker Warning:
#   FORCEACTIVE symbol 'lbl_41_data_12850' is either not a global symbol or 
#   doesn't exist.  Ignored.
### build\compilers\GC\3.0a5.2\mwldeppc.exe Linker Warning:
#   FORCEACTIVE symbol 'lbl_41_data_12B30' is either not a global symbol or 
#   doesn't exist.  Ignored.
### build\compilers\GC\3.0a5.2\mwldeppc.exe Linker Warning:
#   FORCEACTIVE symbol 'lbl_41_data_12B48' is either not a global symbol or 
#   doesn't exist.  Ignored.
### build\compilers\GC\3.0a5.2\mwldeppc.exe Linker Warning:
#   FORCEACTIVE symbol 'lbl_41_data_12DE4' is either not a global symbol or 
#   doesn't exist.  Ignored.
### build\compilers\GC\3.0a5.2\mwldeppc.exe Linker Warning:
#   FORCEACTIVE symbol 'lbl_41_data_12DFC' is either not a global symbol or 
#   doesn't exist.  Ignored.
### build\compilers\GC\3.0a5.2\mwldeppc.exe Linker Warning:
#   FORCEACTIVE symbol 'lbl_41_data_130C0' is either not a global symbol or 
#   doesn't exist.  Ignored.
### build\compilers\GC\3.0a5.2\mwldeppc.exe Linker Warning:
#   FORCEACTIVE symbol 'lbl_41_data_130D8' is either not a global symbol or 
#   doesn't exist.  Ignored.
### build\compilers\GC\3.0a5.2\mwldeppc.exe Linker Warning:
#   FORCEACTIVE symbol 'lbl_41_data_13390' is either not a global symbol or 
#   doesn't exist.  Ignored.
### build\compilers\GC\3.0a5.2\mwldeppc.exe Linker Warning:
#   FORCEACTIVE symbol 'lbl_41_data_133A8' is either not a global symbol or 
#   doesn't exist.  Ignored.
### build\compilers\GC\3.0a5.2\mwldeppc.exe Linker Warning:
#   FORCEACTIVE symbol 'lbl_41_data_1366C' is either not a global symbol or 
#   doesn't exist.  Ignored.
### build\compilers\GC\3.0a5.2\mwldeppc.exe Linker Warning:
#   FORCEACTIVE symbol 'lbl_41_data_13680' is either not a global symbol or 
#   doesn't exist.  Ignored.
### build\compilers\GC\3.0a5.2\mwldeppc.exe Linker Warning:
#   FORCEACTIVE symbol 'lbl_41_data_140D8' is either not a global symbol or 
#   doesn't exist.  Ignored.
### build\compilers\GC\3.0a5.2\mwldeppc.exe Linker Warning:
#   FORCEACTIVE symbol 'lbl_41_data_140F0' is either not a global symbol or 
#   doesn't exist.  Ignored.
### build\compilers\GC\3.0a5.2\mwldeppc.exe Linker Warning:
#   FORCEACTIVE symbol 'lbl_41_data_14B48' is either not a global symbol or 
#   doesn't exist.  Ignored.
### build\compilers\GC\3.0a5.2\mwldeppc.exe Linker Warning:
#   FORCEACTIVE symbol 'lbl_41_data_14B60' is either not a global symbol or 
#   doesn't exist.  Ignored.
### build\compilers\GC\3.0a5.2\mwldeppc.exe Linker Warning:
#   FORCEACTIVE symbol 'lbl_41_data_15364' is either not a global symbol or 
#   doesn't exist.  Ignored.
### build\compilers\GC\3.0a5.2\mwldeppc.exe Linker Warning:
#   FORCEACTIVE symbol 'lbl_41_data_15380' is either not a global symbol or 
#   doesn't exist.  Ignored.
### build\compilers\GC\3.0a5.2\mwldeppc.exe Linker Warning:
#   FORCEACTIVE symbol 'lbl_41_data_15DC4' is either not a global symbol or 
#   doesn't exist.  Ignored.
### build\compilers\GC\3.0a5.2\mwldeppc.exe Linker Warning:
#   FORCEACTIVE symbol 'lbl_41_data_15DE0' is either not a global symbol or 
#   doesn't exist.  Ignored.
### build\compilers\GC\3.0a5.2\mwldeppc.exe Linker Warning:
#   FORCEACTIVE symbol 'lbl_41_data_16098' is either not a global symbol or 
#   doesn't exist.  Ignored.
### build\compilers\GC\3.0a5.2\mwldeppc.exe Linker Warning:
#   FORCEACTIVE symbol 'lbl_41_data_160B4' is either not a global symbol or 
#   doesn't exist.  Ignored.
### build\compilers\GC\3.0a5.2\mwldeppc.exe Linker Warning:
#   FORCEACTIVE symbol 'lbl_41_data_16FF4' is either not a global symbol or 
#   doesn't exist.  Ignored.
### build\compilers\GC\3.0a5.2\mwldeppc.exe Linker Warning:
#   FORCEACTIVE symbol 'lbl_41_data_1700C' is either not a global symbol or 
#   doesn't exist.  Ignored.
### build\compilers\GC\3.0a5.2\mwldeppc.exe Linker Warning:
#   FORCEACTIVE symbol 'lbl_41_data_17030' is either not a global symbol or 
#   doesn't exist.  Ignored.
### build\compilers\GC\3.0a5.2\mwldeppc.exe Linker Warning:
#   FORCEACTIVE symbol 'lbl_41_data_17050' is either not a global symbol or 
#   doesn't exist.  Ignored.
### build\compilers\GC\3.0a5.2\mwldeppc.exe Linker Warning:
#   FORCEACTIVE symbol 'lbl_41_data_17073' is either not a global symbol or 
#   doesn't exist.  Ignored.
### build\compilers\GC\3.0a5.2\mwldeppc.exe Linker Warning:
#   FORCEACTIVE symbol 'lbl_41_data_17092' is either not a global symbol or 
#   doesn't exist.  Ignored.
### build\compilers\GC\3.0a5.2\mwldeppc.exe Linker Warning:
#   FORCEACTIVE symbol 'lbl_41_data_1732C' is either not a global symbol or 
#   doesn't exist.  Ignored.
### build\compilers\GC\3.0a5.2\mwldeppc.exe Linker Warning:
#   FORCEACTIVE symbol 'lbl_41_data_17344' is either not a global symbol or 
#   doesn't exist.  Ignored.
### build\compilers\GC\3.0a5.2\mwldeppc.exe Linker Warning:
#   FORCEACTIVE symbol 'lbl_41_data_17C04' is either not a global symbol or 
#   doesn't exist.  Ignored.
### build\compilers\GC\3.0a5.2\mwldeppc.exe Linker Warning:
#   FORCEACTIVE symbol 'lbl_41_data_17C20' is either not a global symbol or 
#   doesn't exist.  Ignored.
### build\compilers\GC\3.0a5.2\mwldeppc.exe Linker Warning:
#   FORCEACTIVE symbol 'lbl_41_data_17EC4' is either not a global symbol or 
#   doesn't exist.  Ignored.
### build\compilers\GC\3.0a5.2\mwldeppc.exe Linker Warning:
#   FORCEACTIVE symbol 'lbl_41_data_17EE0' is either not a global symbol or 
#   doesn't exist.  Ignored.
### build\compilers\GC\3.0a5.2\mwldeppc.exe Linker Warning:
#   FORCEACTIVE symbol 'lbl_41_data_18984' is either not a global symbol or 
#   doesn't exist.  Ignored.
### build\compilers\GC\3.0a5.2\mwldeppc.exe Linker Warning:
#   FORCEACTIVE symbol 'lbl_41_data_1899C' is either not a global symbol or 
#   doesn't exist.  Ignored.
### build\compilers\GC\3.0a5.2\mwldeppc.exe Linker Warning:
#   FORCEACTIVE symbol 'lbl_41_data_18D14' is either not a global symbol or 
#   doesn't exist.  Ignored.
### build\compilers\GC\3.0a5.2\mwldeppc.exe Linker Warning:
#   FORCEACTIVE symbol 'lbl_41_data_18D2C' is either not a global symbol or 
#   doesn't exist.  Ignored.
### build\compilers\GC\3.0a5.2\mwldeppc.exe Linker Warning:
#   FORCEACTIVE symbol 'lbl_41_data_197D4' is either not a global symbol or 
#   doesn't exist.  Ignored.
### build\compilers\GC\3.0a5.2\mwldeppc.exe Linker Warning:
#   FORCEACTIVE symbol 'lbl_41_data_197EC' is either not a global symbol or 
#   doesn't exist.  Ignored.
### build\compilers\GC\3.0a5.2\mwldeppc.exe Linker Warning:
#   FORCEACTIVE symbol 'lbl_41_data_19810' is either not a global symbol or 
#   doesn't exist.  Ignored.
### build\compilers\GC\3.0a5.2\mwldeppc.exe Linker Warning:
#   FORCEACTIVE symbol 'lbl_41_data_19837' is either not a global symbol or 
#   doesn't exist.  Ignored.
### build\compilers\GC\3.0a5.2\mwldeppc.exe Linker Warning:
#   FORCEACTIVE symbol 'lbl_41_data_19862' is either not a global symbol or 
#   doesn't exist.  Ignored.
### build\compilers\GC\3.0a5.2\mwldeppc.exe Linker Warning:
#   FORCEACTIVE symbol 'lbl_41_data_1A7FC' is either not a global symbol or 
#   doesn't exist.  Ignored.
### build\compilers\GC\3.0a5.2\mwldeppc.exe Linker Warning:
#   FORCEACTIVE symbol 'lbl_41_data_1A810' is either not a global symbol or 
#   doesn't exist.  Ignored.
### build\compilers\GC\3.0a5.2\mwldeppc.exe Linker Warning:
#   FORCEACTIVE symbol 'lbl_41_data_1B3F0' is either not a global symbol or 
#   doesn't exist.  Ignored.
### build\compilers\GC\3.0a5.2\mwldeppc.exe Linker Warning:
#   FORCEACTIVE symbol 'lbl_41_data_1B408' is either not a global symbol or 
#   doesn't exist.  Ignored.
### build\compilers\GC\3.0a5.2\mwldeppc.exe Linker Warning:
#   FORCEACTIVE symbol 'lbl_41_data_1C71C' is either not a global symbol or 
#   doesn't exist.  Ignored.
### build\compilers\GC\3.0a5.2\mwldeppc.exe Linker Warning:
#   FORCEACTIVE symbol 'lbl_41_data_1C738' is either not a global symbol or 
#   doesn't exist.  Ignored.
### build\compilers\GC\3.0a5.2\mwldeppc.exe Linker Warning:
#   FORCEACTIVE symbol 'lbl_41_data_1CA9C' is either not a global symbol or 
#   doesn't exist.  Ignored.
### build\compilers\GC\3.0a5.2\mwldeppc.exe Linker Warning:
#   FORCEACTIVE symbol 'lbl_41_data_1CAB8' is either not a global symbol or 
#   doesn't exist.  Ignored.
### build\compilers\GC\3.0a5.2\mwldeppc.exe Linker Warning:
#   FORCEACTIVE symbol 'lbl_41_data_1DE9C' is either not a global symbol or 
#   doesn't exist.  Ignored.
### build\compilers\GC\3.0a5.2\mwldeppc.exe Linker Warning:
#   FORCEACTIVE symbol 'lbl_41_data_1DEB4' is either not a global symbol or 
#   doesn't exist.  Ignored.
### build\compilers\GC\3.0a5.2\mwldeppc.exe Linker Warning:
#   FORCEACTIVE symbol 'lbl_41_data_1DED8' is either not a global symbol or 
#   doesn't exist.  Ignored.
### build\compilers\GC\3.0a5.2\mwldeppc.exe Linker Warning:
#   FORCEACTIVE symbol 'lbl_41_data_1DF02' is either not a global symbol or 
#   doesn't exist.  Ignored.
### build\compilers\GC\3.0a5.2\mwldeppc.exe Linker Warning:
#   FORCEACTIVE symbol 'lbl_41_data_1DF32' is either not a global symbol or 
#   doesn't exist.  Ignored.
### build\compilers\GC\3.0a5.2\mwldeppc.exe Linker Warning:
#   FORCEACTIVE symbol 'lbl_41_data_1DF58' is either not a global symbol or 
#   doesn't exist.  Ignored.
### build\compilers\GC\3.0a5.2\mwldeppc.exe Linker Warning:
#   FORCEACTIVE symbol 'lbl_41_data_1EAC0' is either not a global symbol or 
#   doesn't exist.  Ignored.
### build\compilers\GC\3.0a5.2\mwldeppc.exe Linker Warning:
#   FORCEACTIVE symbol 'lbl_41_data_1EADC' is either not a global symbol or 
#   doesn't exist.  Ignored.
### build\compilers\GC\3.0a5.2\mwldeppc.exe Linker Warning:
#   FORCEACTIVE symbol 'lbl_41_data_1FE04' is either not a global symbol or 
#   doesn't exist.  Ignored.
### build\compilers\GC\3.0a5.2\mwldeppc.exe Linker Warning:
#   FORCEACTIVE symbol 'lbl_41_data_1FE20' is either not a global symbol or 
#   doesn't exist.  Ignored.
### build\compilers\GC\3.0a5.2\mwldeppc.exe Linker Warning:
#   FORCEACTIVE symbol 'lbl_41_bss_38' is either not a global symbol or 
#   doesn't exist.  Ignored.
### build\compilers\GC\3.0a5.2\mwldeppc.exe Linker Warning:
#   FORCEACTIVE symbol 'lbl_41_bss_260' is either not a global symbol or 
#   doesn't exist.  Ignored.
### build\compilers\GC\3.0a5.2\mwldeppc.exe Linker Warning:
#   FORCEACTIVE symbol 'lbl_41_bss_2A8' is either not a global symbol or 
#   doesn't exist.  Ignored.
### build\compilers\GC\3.0a5.2\mwldeppc.exe Linker Warning:
#   FORCEACTIVE symbol 'lbl_41_bss_2C0' is either not a global symbol or 
#   doesn't exist.  Ignored.
### build\compilers\GC\3.0a5.2\mwldeppc.exe Linker Warning:
#   FORCEACTIVE symbol 'lbl_41_bss_2D8' is either not a global symbol or 
#   doesn't exist.  Ignored.
### build\compilers\GC\3.0a5.2\mwldeppc.exe Linker Warning:
#   FORCEACTIVE symbol 'lbl_41_bss_2F0' is either not a global symbol or 
#   doesn't exist.  Ignored.
### build\compilers\GC\3.0a5.2\mwldeppc.exe Linker Warning:
#   FORCEACTIVE symbol 'lbl_41_bss_2FC' is either not a global symbol or 
#   doesn't exist.  Ignored.
### build\compilers\GC\3.0a5.2\mwldeppc.exe Linker Warning:
#   FORCEACTIVE symbol 'lbl_41_bss_318' is either not a global symbol or 
#   doesn't exist.  Ignored.
### build\compilers\GC\3.0a5.2\mwldeppc.exe Linker Warning:
#   FORCEACTIVE symbol 'lbl_41_bss_330' is either not a global symbol or 
#   doesn't exist.  Ignored.
### build\compilers\GC\3.0a5.2\mwldeppc.exe Linker Warning:
#   FORCEACTIVE symbol 'lbl_41_bss_348' is either not a global symbol or 
#   doesn't exist.  Ignored.
### build\compilers\GC\3.0a5.2\mwldeppc.exe Linker Warning:
#   FORCEACTIVE symbol 'lbl_41_bss_370' is either not a global symbol or 
#   doesn't exist.  Ignored.
### build\compilers\GC\3.0a5.2\mwldeppc.exe Linker Warning:
#   FORCEACTIVE symbol 'lbl_41_bss_388' is either not a global symbol or 
#   doesn't exist.  Ignored.
### build\compilers\GC\3.0a5.2\mwldeppc.exe Linker Warning:
#   FORCEACTIVE symbol 'lbl_41_bss_3A0' is either not a global symbol or 
#   doesn't exist.  Ignored.
### build\compilers\GC\3.0a5.2\mwldeppc.exe Linker Warning:
#   FORCEACTIVE symbol 'lbl_41_bss_3B8' is either not a global symbol or 
#   doesn't exist.  Ignored.
### build\compilers\GC\3.0a5.2\mwldeppc.exe Linker Warning:
#   FORCEACTIVE symbol 'lbl_41_bss_3D0' is either not a global symbol or 
#   doesn't exist.  Ignored.
### build\compilers\GC\3.0a5.2\mwldeppc.exe Linker Warning:
#   FORCEACTIVE symbol 'lbl_41_bss_3E8' is either not a global symbol or 
#   doesn't exist.  Ignored.
### build\compilers\GC\3.0a5.2\mwldeppc.exe Linker Warning:
#   FORCEACTIVE symbol 'lbl_41_bss_410' is either not a global symbol or 
#   doesn't exist.  Ignored.
### build\compilers\GC\3.0a5.2\mwldeppc.exe Linker Warning:
#   FORCEACTIVE symbol 'lbl_41_bss_428' is either not a global symbol or 
#   doesn't exist.  Ignored.
### build\compilers\GC\3.0a5.2\mwldeppc.exe Linker Warning:
#   FORCEACTIVE symbol 'lbl_41_bss_440' is either not a global symbol or 
#   doesn't exist.  Ignored.
### build\compilers\GC\3.0a5.2\mwldeppc.exe Linker Warning:
#   FORCEACTIVE symbol 'lbl_41_bss_458' is either not a global symbol or 
#   doesn't exist.  Ignored.
### build\compilers\GC\3.0a5.2\mwldeppc.exe Linker Warning:
#   FORCEACTIVE symbol 'lbl_41_bss_538' is either not a global symbol or 
#   doesn't exist.  Ignored.
### build\compilers\GC\3.0a5.2\mwldeppc.exe Linker Warning:
#   FORCEACTIVE symbol 'lbl_41_bss_550' is either not a global symbol or 
#   doesn't exist.  Ignored.
### build\compilers\GC\3.0a5.2\mwldeppc.exe Linker Warning:
#   FORCEACTIVE symbol 'lbl_41_bss_568' is either not a global symbol or 
#   doesn't exist.  Ignored.
### build\compilers\GC\3.0a5.2\mwldeppc.exe Linker Warning:
#   FORCEACTIVE symbol 'lbl_41_bss_580' is either not a global symbol or 
#   doesn't exist.  Ignored.
### build\compilers\GC\3.0a5.2\mwldeppc.exe Linker Warning:
#   FORCEACTIVE symbol 'lbl_41_bss_598' is either not a global symbol or 
#   doesn't exist.  Ignored.
### build\compilers\GC\3.0a5.2\mwldeppc.exe Linker Warning:
#   FORCEACTIVE symbol 'lbl_41_bss_5B0' is either not a global symbol or 
#   doesn't exist.  Ignored.
### build\compilers\GC\3.0a5.2\mwldeppc.exe Linker Warning:
#   FORCEACTIVE symbol 'lbl_41_bss_5C8' is either not a global symbol or 
#   doesn't exist.  Ignored.
### build\compilers\GC\3.0a5.2\mwldeppc.exe Linker Warning:
#   FORCEACTIVE symbol 'lbl_41_bss_5E0' is either not a global symbol or 
#   doesn't exist.  Ignored.
### build\compilers\GC\3.0a5.2\mwldeppc.exe Linker Warning:
#   FORCEACTIVE symbol 'lbl_41_bss_5F8' is either not a global symbol or 
#   doesn't exist.  Ignored.
### build\compilers\GC\3.0a5.2\mwldeppc.exe Linker Warning:
#   FORCEACTIVE symbol 'lbl_41_bss_610' is either not a global symbol or 
#   doesn't exist.  Ignored.
### build\compilers\GC\3.0a5.2\mwldeppc.exe Linker Warning:
#   FORCEACTIVE symbol 'lbl_41_bss_628' is either not a global symbol or 
#   doesn't exist.  Ignored.
### build\compilers\GC\3.0a5.2\mwldeppc.exe Linker Warning:
#   FORCEACTIVE symbol 'lbl_41_bss_634' is either not a global symbol or 
#   doesn't exist.  Ignored.
### build\compilers\GC\3.0a5.2\mwldeppc.exe Linker Warning:
#   FORCEACTIVE symbol 'lbl_41_bss_640' is either not a global symbol or 
#   doesn't exist.  Ignored.
### build\compilers\GC\3.0a5.2\mwldeppc.exe Linker Warning:
#   FORCEACTIVE symbol 'lbl_41_bss_668' is either not a global symbol or 
#   doesn't exist.  Ignored.
### build\compilers\GC\3.0a5.2\mwldeppc.exe Linker Warning:
#   FORCEACTIVE symbol 'lbl_41_bss_680' is either not a global symbol or 
#   doesn't exist.  Ignored.
### build\compilers\GC\3.0a5.2\mwldeppc.exe Linker Warning:
#   FORCEACTIVE symbol 'lbl_41_bss_698' is either not a global symbol or 
#   doesn't exist.  Ignored.
### build\compilers\GC\3.0a5.2\mwldeppc.exe Linker Warning:
#   FORCEACTIVE symbol 'lbl_41_bss_6B0' is either not a global symbol or 
#   doesn't exist.  Ignored.
### build\compilers\GC\3.0a5.2\mwldeppc.exe Linker Warning:
#   FORCEACTIVE symbol 'lbl_41_bss_6C8' is either not a global symbol or 
#   doesn't exist.  Ignored.
### build\compilers\GC\3.0a5.2\mwldeppc.exe Linker Warning:
#   FORCEACTIVE symbol 'lbl_41_bss_6E0' is either not a global symbol or 
#   doesn't exist.  Ignored.
### build\compilers\GC\3.0a5.2\mwldeppc.exe Linker Warning:
#   FORCEACTIVE symbol 'lbl_41_bss_6F8' is either not a global symbol or 
#   doesn't exist.  Ignored.
### build\compilers\GC\3.0a5.2\mwldeppc.exe Linker Warning:
#   FORCEACTIVE symbol 'lbl_41_bss_710' is either not a global symbol or 
#   doesn't exist.  Ignored.
### build\compilers\GC\3.0a5.2\mwldeppc.exe Linker Warning:
#   FORCEACTIVE symbol 'lbl_41_bss_728' is either not a global symbol or 
#   doesn't exist.  Ignored.
### build\compilers\GC\3.0a5.2\mwldeppc.exe Linker Warning:
#   FORCEACTIVE symbol 'lbl_41_bss_740' is either not a global symbol or 
#   doesn't exist.  Ignored.
### build\compilers\GC\3.0a5.2\mwldeppc.exe Linker Warning:
#   FORCEACTIVE symbol 'lbl_41_bss_758' is either not a global symbol or 
#   doesn't exist.  Ignored.
### build\compilers\GC\3.0a5.2\mwldeppc.exe Linker Warning:
#   FORCEACTIVE symbol 'lbl_41_bss_770' is either not a global symbol or 
#   doesn't exist.  Ignored.
### build\compilers\GC\3.0a5.2\mwldeppc.exe Linker Warning:
#   FORCEACTIVE symbol 'lbl_41_bss_788' is either not a global symbol or 
#   doesn't exist.  Ignored.
### build\compilers\GC\3.0a5.2\mwldeppc.exe Linker Warning:
#   FORCEACTIVE symbol 'lbl_41_bss_7A0' is either not a global symbol or 
#   doesn't exist.  Ignored.
### build\compilers\GC\3.0a5.2\mwldeppc.exe Linker Warning:
#   FORCEACTIVE symbol 'lbl_41_bss_7B8' is either not a global symbol or 
#   doesn't exist.  Ignored.
### build\compilers\GC\3.0a5.2\mwldeppc.exe Linker Warning:
#   FORCEACTIVE symbol 'lbl_41_bss_7D0' is either not a global symbol or 
#   doesn't exist.  Ignored.
### build\compilers\GC\3.0a5.2\mwldeppc.exe Linker Warning:
#   FORCEACTIVE symbol 'lbl_41_bss_7E8' is either not a global symbol or 
#   doesn't exist.  Ignored.
### build\compilers\GC\3.0a5.2\mwldeppc.exe Linker Warning:
#   FORCEACTIVE symbol 'lbl_41_bss_800' is either not a global symbol or 
#   doesn't exist.  Ignored.
### build\compilers\GC\3.0a5.2\mwldeppc.exe Linker Warning:
#   FORCEACTIVE symbol 'lbl_41_bss_818' is either not a global symbol or 
#   doesn't exist.  Ignored.
### build\compilers\GC\3.0a5.2\mwldeppc.exe Linker Warning:
#   FORCEACTIVE symbol 'lbl_41_bss_830' is either not a global symbol or 
#   doesn't exist.  Ignored.
### build\compilers\GC\3.0a5.2\mwldeppc.exe Linker Warning:
#   FORCEACTIVE symbol 'lbl_41_bss_848' is either not a global symbol or 
#   doesn't exist.  Ignored.
[456/538] LINK build\RSBE01_01\st_tbreak\st_tbreak.plf
### build\compilers\GC\3.0a5.2\mwldeppc.exe Linker Warning:
#   FORCEACTIVE symbol 'lbl_89_rodata_A0' is either not a global symbol or 
#   doesn't exist.  Ignored.
### build\compilers\GC\3.0a5.2\mwldeppc.exe Linker Warning:
#   FORCEACTIVE symbol 'lbl_89_data_EB0' is either not a global symbol or 
#   doesn't exist.  Ignored.
### build\compilers\GC\3.0a5.2\mwldeppc.exe Linker Warning:
#   FORCEACTIVE symbol 'lbl_89_data_EC0' is either not a global symbol or 
#   doesn't exist.  Ignored.
### build\compilers\GC\3.0a5.2\mwldeppc.exe Linker Warning:
#   FORCEACTIVE symbol 'lbl_89_data_EF8' is either not a global symbol or 
#   doesn't exist.  Ignored.
### build\compilers\GC\3.0a5.2\mwldeppc.exe Linker Warning:
#   FORCEACTIVE symbol 'lbl_89_data_F00' is either not a global symbol or 
#   doesn't exist.  Ignored.
### build\compilers\GC\3.0a5.2\mwldeppc.exe Linker Warning:
#   FORCEACTIVE symbol 'lbl_89_data_F0C' is either not a global symbol or 
#   doesn't exist.  Ignored.
### build\compilers\GC\3.0a5.2\mwldeppc.exe Linker Warning:
#   FORCEACTIVE symbol 'lbl_89_data_F38' is either not a global symbol or 
#   doesn't exist.  Ignored.
### build\compilers\GC\3.0a5.2\mwldeppc.exe Linker Warning:
#   FORCEACTIVE symbol 'lbl_89_data_F40' is either not a global symbol or 
#   doesn't exist.  Ignored.
### build\compilers\GC\3.0a5.2\mwldeppc.exe Linker Warning:
#   FORCEACTIVE symbol 'lbl_89_data_F50' is either not a global symbol or 
#   doesn't exist.  Ignored.
### build\compilers\GC\3.0a5.2\mwldeppc.exe Linker Warning:
#   FORCEACTIVE symbol 'lbl_89_data_F78' is either not a global symbol or 
#   doesn't exist.  Ignored.
[457/538] LINK build\RSBE01_01\st_homerun\st_homerun.plf
[458/538] LINK build\RSBE01_01\st_otrain\st_otrain.plf
### build\compilers\GC\3.0a5.2\mwldeppc.exe Linker Warning:
#   FORCEACTIVE symbol '__sinit_\st_onlinetrainning_cpp' is either not a 
#   global symbol or doesn't exist.  Ignored.
### build\compilers\GC\3.0a5.2\mwldeppc.exe Linker Warning:
#   FORCEACTIVE symbol 'lbl_86_rodata_0' is either not a global symbol or 
#   doesn't exist.  Ignored.
### build\compilers\GC\3.0a5.2\mwldeppc.exe Linker Warning:
#   FORCEACTIVE symbol 'lbl_86_rodata_4' is either not a global symbol or 
#   doesn't exist.  Ignored.
### build\compilers\GC\3.0a5.2\mwldeppc.exe Linker Warning:
#   FORCEACTIVE symbol 'lbl_86_rodata_8' is either not a global symbol or 
#   doesn't exist.  Ignored.
### build\compilers\GC\3.0a5.2\mwldeppc.exe Linker Warning:
#   FORCEACTIVE symbol 'lbl_86_data_4' is either not a global symbol or 
#   doesn't exist.  Ignored.
### build\compilers\GC\3.0a5.2\mwldeppc.exe Linker Warning:
#   FORCEACTIVE symbol 'lbl_86_data_264' is either not a global symbol or 
#   doesn't exist.  Ignored.
### build\compilers\GC\3.0a5.2\mwldeppc.exe Linker Warning:
#   FORCEACTIVE symbol 'lbl_86_data_278' is either not a global symbol or 
#   doesn't exist.  Ignored.
### build\compilers\GC\3.0a5.2\mwldeppc.exe Linker Warning:
#   FORCEACTIVE symbol 'lbl_86_data_2A8' is either not a global symbol or 
#   doesn't exist.  Ignored.
### build\compilers\GC\3.0a5.2\mwldeppc.exe Linker Warning:
#   FORCEACTIVE symbol 'lbl_86_data_2B0' is either not a global symbol or 
#   doesn't exist.  Ignored.
### build\compilers\GC\3.0a5.2\mwldeppc.exe Linker Warning:
#   FORCEACTIVE symbol 'lbl_86_data_2D8' is either not a global symbol or 
#   doesn't exist.  Ignored.
### build\compilers\GC\3.0a5.2\mwldeppc.exe Linker Warning:
#   FORCEACTIVE symbol 'lbl_86_data_2E8' is either not a global symbol or 
#   doesn't exist.  Ignored.
### build\compilers\GC\3.0a5.2\mwldeppc.exe Linker Warning:
#   FORCEACTIVE symbol 'lbl_86_data_308' is either not a global symbol or 
#   doesn't exist.  Ignored.
### build\compilers\GC\3.0a5.2\mwldeppc.exe Linker Warning:
#   FORCEACTIVE symbol 'lbl_86_data_310' is either not a global symbol or 
#   doesn't exist.  Ignored.
### build\compilers\GC\3.0a5.2\mwldeppc.exe Linker Warning:
#   FORCEACTIVE symbol 'lbl_86_data_328' is either not a global symbol or 
#   doesn't exist.  Ignored.
### build\compilers\GC\3.0a5.2\mwldeppc.exe Linker Warning:
#   FORCEACTIVE symbol 'lbl_86_data_34C' is either not a global symbol or 
#   doesn't exist.  Ignored.
### build\compilers\GC\3.0a5.2\mwldeppc.exe Linker Warning:
#   FORCEACTIVE symbol 'lbl_86_data_374' is either not a global symbol or 
#   doesn't exist.  Ignored.
### build\compilers\GC\3.0a5.2\mwldeppc.exe Linker Warning:
#   FORCEACTIVE symbol 'lbl_86_data_388' is either not a global symbol or 
#   doesn't exist.  Ignored.
### build\compilers\GC\3.0a5.2\mwldeppc.exe Linker Warning:
#   FORCEACTIVE symbol 'lbl_86_bss_8' is either not a global symbol or doesn't 
#   exist.  Ignored.
[459/538] LINK build\RSBE01_01\st_dxpstadium\st_dxpstadium.plf
[460/538] LINK build\RSBE01_01\st_croll\st_croll.plf
[461/538] LINK build\RSBE01_01\st_dxzebes\st_dxzebes.plf
[462/538] LINK build\RSBE01_01\ft_mario\ft_mario.plf
### build\compilers\GC\3.0a5.2\mwldeppc.exe Linker Warning:
#   FORCEACTIVE symbol '__sinit_\ft_mario_status_uniq_process_special_n_cpp' 
#   is either not a global symbol or doesn't exist.  Ignored.
### build\compilers\GC\3.0a5.2\mwldeppc.exe Linker Warning:
#   FORCEACTIVE symbol 
#   '__sinit_\ft_mario_status_uniq_process_special_lw_shoot_cpp' is either not 
#   a global symbol or doesn't exist.  Ignored.
### build\compilers\GC\3.0a5.2\mwldeppc.exe Linker Warning:
#   FORCEACTIVE symbol '__sinit_\ft_mario_status_uniq_process_special_s_cpp' 
#   is either not a global symbol or doesn't exist.  Ignored.
### build\compilers\GC\3.0a5.2\mwldeppc.exe Linker Warning:
#   FORCEACTIVE symbol 'lbl_91_rodata_18' is either not a global symbol or 
#   doesn't exist.  Ignored.
### build\compilers\GC\3.0a5.2\mwldeppc.exe Linker Warning:
#   FORCEACTIVE symbol 'lbl_91_rodata_20' is either not a global symbol or 
#   doesn't exist.  Ignored.
### build\compilers\GC\3.0a5.2\mwldeppc.exe Linker Warning:
#   FORCEACTIVE symbol 'lbl_91_rodata_28' is either not a global symbol or 
#   doesn't exist.  Ignored.
### build\compilers\GC\3.0a5.2\mwldeppc.exe Linker Warning:
#   FORCEACTIVE symbol 'lbl_91_data_7750' is either not a global symbol or 
#   doesn't exist.  Ignored.
### build\compilers\GC\3.0a5.2\mwldeppc.exe Linker Warning:
#   FORCEACTIVE symbol 'lbl_91_data_7774' is either not a global symbol or 
#   doesn't exist.  Ignored.
### build\compilers\GC\3.0a5.2\mwldeppc.exe Linker Warning:
#   FORCEACTIVE symbol 'lbl_91_data_7788' is either not a global symbol or 
#   doesn't exist.  Ignored.
### build\compilers\GC\3.0a5.2\mwldeppc.exe Linker Warning:
#   FORCEACTIVE symbol 'lbl_91_data_77E8' is either not a global symbol or 
#   doesn't exist.  Ignored.
### build\compilers\GC\3.0a5.2\mwldeppc.exe Linker Warning:
#   FORCEACTIVE symbol 'lbl_91_data_7810' is either not a global symbol or 
#   doesn't exist.  Ignored.
### build\compilers\GC\3.0a5.2\mwldeppc.exe Linker Warning:
#   FORCEACTIVE symbol 'lbl_91_data_7828' is either not a global symbol or 
#   doesn't exist.  Ignored.
### build\compilers\GC\3.0a5.2\mwldeppc.exe Linker Warning:
#   FORCEACTIVE symbol 'lbl_91_data_7840' is either not a global symbol or 
#   doesn't exist.  Ignored.
### build\compilers\GC\3.0a5.2\mwldeppc.exe Linker Warning:
#   FORCEACTIVE symbol 'lbl_91_data_78AC' is either not a global symbol or 
#   doesn't exist.  Ignored.
### build\compilers\GC\3.0a5.2\mwldeppc.exe Linker Warning:
#   FORCEACTIVE symbol 'lbl_91_data_78D0' is either not a global symbol or 
#   doesn't exist.  Ignored.
### build\compilers\GC\3.0a5.2\mwldeppc.exe Linker Warning:
#   FORCEACTIVE symbol 'lbl_91_bss_1D8' is either not a global symbol or 
#   doesn't exist.  Ignored.
### build\compilers\GC\3.0a5.2\mwldeppc.exe Linker Warning:
#   FORCEACTIVE symbol 'lbl_91_bss_1E8' is either not a global symbol or 
#   doesn't exist.  Ignored.
### build\compilers\GC\3.0a5.2\mwldeppc.exe Linker Warning:
#   FORCEACTIVE symbol 'lbl_91_bss_1F8' is either not a global symbol or 
#   doesn't exist.  Ignored.
[463/538] LINK build\RSBE01_01\ft_link\ft_link.plf
[464/538] LINK build\RSBE01_01\ft_donkey\ft_donkey.plf
[465/538] LINK build\RSBE01_01\ft_samus\ft_samus.plf
[466/538] LINK build\RSBE01_01\ft_kirby\ft_kirby.plf
[467/538] LINK build\RSBE01_01\ft_fox\ft_fox.plf
[468/538] LINK build\RSBE01_01\sora_melee\sora_melee.plf
### build\compilers\GC\3.0a5.2\mwldeppc.exe Linker Warning:
#   FORCEACTIVE symbol '__sinit_\so_general_work_cpp' is either not a global 
#   symbol or doesn't exist.  Ignored.
### build\compilers\GC\3.0a5.2\mwldeppc.exe Linker Warning:
#   FORCEACTIVE symbol '__sinit_\so_general_work_abstract_cpp' is either not a 
#   global symbol or doesn't exist.  Ignored.
### build\compilers\GC\3.0a5.2\mwldeppc.exe Linker Warning:
#   FORCEACTIVE symbol '__sinit_\so_general_work_simple_cpp' is either not a 
#   global symbol or doesn't exist.  Ignored.
### build\compilers\GC\3.0a5.2\mwldeppc.exe Linker Warning:
#   FORCEACTIVE symbol '__sinit_\so_common_data_accesser_cpp' is either not a 
#   global symbol or doesn't exist.  Ignored.
### build\compilers\GC\3.0a5.2\mwldeppc.exe Linker Warning:
#   FORCEACTIVE symbol '__sinit_\mo_melee_cpp' is either not a global symbol 
#   or doesn't exist.  Ignored.
### build\compilers\GC\3.0a5.2\mwldeppc.exe Linker Warning:
#   FORCEACTIVE symbol 'lbl_27_rodata_318' is either not a global symbol or 
#   doesn't exist.  Ignored.
### build\compilers\GC\3.0a5.2\mwldeppc.exe Linker Warning:
#   FORCEACTIVE symbol 'lbl_27_rodata_31C' is either not a global symbol or 
#   doesn't exist.  Ignored.
### build\compilers\GC\3.0a5.2\mwldeppc.exe Linker Warning:
#   FORCEACTIVE symbol 'lbl_27_rodata_360' is either not a global symbol or 
#   doesn't exist.  Ignored.
### build\compilers\GC\3.0a5.2\mwldeppc.exe Linker Warning:
#   FORCEACTIVE symbol 'lbl_27_rodata_364' is either not a global symbol or 
#   doesn't exist.  Ignored.
### build\compilers\GC\3.0a5.2\mwldeppc.exe Linker Warning:
#   FORCEACTIVE symbol 'lbl_27_rodata_368' is either not a global symbol or 
#   doesn't exist.  Ignored.
### build\compilers\GC\3.0a5.2\mwldeppc.exe Linker Warning:
#   FORCEACTIVE symbol 'lbl_27_rodata_748' is either not a global symbol or 
#   doesn't exist.  Ignored.
### build\compilers\GC\3.0a5.2\mwldeppc.exe Linker Warning:
#   FORCEACTIVE symbol 'lbl_27_rodata_74C' is either not a global symbol or 
#   doesn't exist.  Ignored.
### build\compilers\GC\3.0a5.2\mwldeppc.exe Linker Warning:
#   FORCEACTIVE symbol 'lbl_27_rodata_C10' is either not a global symbol or 
#   doesn't exist.  Ignored.
### build\compilers\GC\3.0a5.2\mwldeppc.exe Linker Warning:
#   FORCEACTIVE symbol 'lbl_27_rodata_C18' is either not a global symbol or 
#   doesn't exist.  Ignored.
### build\compilers\GC\3.0a5.2\mwldeppc.exe Linker Warning:
#   FORCEACTIVE symbol 'lbl_27_rodata_C20' is either not a global symbol or 
#   doesn't exist.  Ignored.
### build\compilers\GC\3.0a5.2\mwldeppc.exe Linker Warning:
#   FORCEACTIVE symbol 'lbl_27_rodata_26A8' is either not a global symbol or 
#   doesn't exist.  Ignored.
### build\compilers\GC\3.0a5.2\mwldeppc.exe Linker Warning:
#   FORCEACTIVE symbol 'lbl_27_rodata_26AC' is either not a global symbol or 
#   doesn't exist.  Ignored.
### build\compilers\GC\3.0a5.2\mwldeppc.exe Linker Warning:
#   FORCEACTIVE symbol 'lbl_27_data_7D0' is either not a global symbol or 
#   doesn't exist.  Ignored.
### build\compilers\GC\3.0a5.2\mwldeppc.exe Linker Warning:
#   FORCEACTIVE symbol 'lbl_27_data_C14' is either not a global symbol or 
#   doesn't exist.  Ignored.
### build\compilers\GC\3.0a5.2\mwldeppc.exe Linker Warning:
#   FORCEACTIVE symbol 'lbl_27_data_C30' is either not a global symbol or 
#   doesn't exist.  Ignored.
### build\compilers\GC\3.0a5.2\mwldeppc.exe Linker Warning:
#   FORCEACTIVE symbol 'lbl_27_data_6004' is either not a global symbol or 
#   doesn't exist.  Ignored.
### build\compilers\GC\3.0a5.2\mwldeppc.exe Linker Warning:
#   FORCEACTIVE symbol 'lbl_27_data_6020' is either not a global symbol or 
#   doesn't exist.  Ignored.
### build\compilers\GC\3.0a5.2\mwldeppc.exe Linker Warning:
#   FORCEACTIVE symbol 'lbl_27_data_734C' is either not a global symbol or 
#   doesn't exist.  Ignored.
### build\compilers\GC\3.0a5.2\mwldeppc.exe Linker Warning:
#   FORCEACTIVE symbol 'lbl_27_data_7360' is either not a global symbol or 
#   doesn't exist.  Ignored.
### build\compilers\GC\3.0a5.2\mwldeppc.exe Linker Warning:
#   FORCEACTIVE symbol 'lbl_27_data_7380' is either not a global symbol or 
#   doesn't exist.  Ignored.
### build\compilers\GC\3.0a5.2\mwldeppc.exe Linker Warning:
#   FORCEACTIVE symbol 'lbl_27_data_7390' is either not a global symbol or 
#   doesn't exist.  Ignored.
### build\compilers\GC\3.0a5.2\mwldeppc.exe Linker Warning:
#   FORCEACTIVE symbol 'lbl_27_data_78B0' is either not a global symbol or 
#   doesn't exist.  Ignored.
### build\compilers\GC\3.0a5.2\mwldeppc.exe Linker Warning:
#   FORCEACTIVE symbol 'lbl_27_data_8060' is either not a global symbol or 
#   doesn't exist.  Ignored.
### build\compilers\GC\3.0a5.2\mwldeppc.exe Linker Warning:
#   FORCEACTIVE symbol 'lbl_27_data_8078' is either not a global symbol or 
#   doesn't exist.  Ignored.
### build\compilers\GC\3.0a5.2\mwldeppc.exe Linker Warning:
#   FORCEACTIVE symbol 'lbl_27_data_80D0' is either not a global symbol or 
#   doesn't exist.  Ignored.
### build\compilers\GC\3.0a5.2\mwldeppc.exe Linker Warning:
#   FORCEACTIVE symbol 'lbl_27_data_80E4' is either not a global symbol or 
#   doesn't exist.  Ignored.
### build\compilers\GC\3.0a5.2\mwldeppc.exe Linker Warning:
#   FORCEACTIVE symbol 'lbl_27_data_13B08' is either not a global symbol or 
#   doesn't exist.  Ignored.
### build\compilers\GC\3.0a5.2\mwldeppc.exe Linker Warning:
#   FORCEACTIVE symbol 'lbl_27_data_13B0C' is either not a global symbol or 
#   doesn't exist.  Ignored.
### build\compilers\GC\3.0a5.2\mwldeppc.exe Linker Warning:
#   FORCEACTIVE symbol 'lbl_27_data_13B80' is either not a global symbol or 
#   doesn't exist.  Ignored.
### build\compilers\GC\3.0a5.2\mwldeppc.exe Linker Warning:
#   FORCEACTIVE symbol 'lbl_27_data_13B90' is either not a global symbol or 
#   doesn't exist.  Ignored.
### build\compilers\GC\3.0a5.2\mwldeppc.exe Linker Warning:
#   FORCEACTIVE symbol 'lbl_27_data_13BB0' is either not a global symbol or 
#   doesn't exist.  Ignored.
### build\compilers\GC\3.0a5.2\mwldeppc.exe Linker Warning:
#   FORCEACTIVE symbol 'lbl_27_data_13BC8' is either not a global symbol or 
#   doesn't exist.  Ignored.
### build\compilers\GC\3.0a5.2\mwldeppc.exe Linker Warning:
#   FORCEACTIVE symbol 'lbl_27_data_13CC0' is either not a global symbol or 
#   doesn't exist.  Ignored.
### build\compilers\GC\3.0a5.2\mwldeppc.exe Linker Warning:
#   FORCEACTIVE symbol 'lbl_27_data_13CD4' is either not a global symbol or 
#   doesn't exist.  Ignored.
### build\compilers\GC\3.0a5.2\mwldeppc.exe Linker Warning:
#   FORCEACTIVE symbol 'lbl_27_data_15470' is either not a global symbol or 
#   doesn't exist.  Ignored.
### build\compilers\GC\3.0a5.2\mwldeppc.exe Linker Warning:
#   FORCEACTIVE symbol 'lbl_27_data_1548C' is either not a global symbol or 
#   doesn't exist.  Ignored.
### build\compilers\GC\3.0a5.2\mwldeppc.exe Linker Warning:
#   FORCEACTIVE symbol 'lbl_27_data_154A0' is either not a global symbol or 
#   doesn't exist.  Ignored.
### build\compilers\GC\3.0a5.2\mwldeppc.exe Linker Warning:
#   FORCEACTIVE symbol 'lbl_27_data_29230' is either not a global symbol or 
#   doesn't exist.  Ignored.
### build\compilers\GC\3.0a5.2\mwldeppc.exe Linker Warning:
#   FORCEACTIVE symbol 'lbl_27_data_29240' is either not a global symbol or 
#   doesn't exist.  Ignored.
### build\compilers\GC\3.0a5.2\mwldeppc.exe Linker Warning:
#   FORCEACTIVE symbol 'lbl_27_data_2927C' is either not a global symbol or 
#   doesn't exist.  Ignored.
### build\compilers\GC\3.0a5.2\mwldeppc.exe Linker Warning:
#   FORCEACTIVE symbol 'lbl_27_data_29288' is either not a global symbol or 
#   doesn't exist.  Ignored.
### build\compilers\GC\3.0a5.2\mwldeppc.exe Linker Warning:
#   FORCEACTIVE symbol 'lbl_27_data_2BC00' is either not a global symbol or 
#   doesn't exist.  Ignored.
### build\compilers\GC\3.0a5.2\mwldeppc.exe Linker Warning:
#   FORCEACTIVE symbol 'lbl_27_data_2BC20' is either not a global symbol or 
#   doesn't exist.  Ignored.
### build\compilers\GC\3.0a5.2\mwldeppc.exe Linker Warning:
#   FORCEACTIVE symbol 'lbl_27_data_2BC68' is either not a global symbol or 
#   doesn't exist.  Ignored.
### build\compilers\GC\3.0a5.2\mwldeppc.exe Linker Warning:
#   FORCEACTIVE symbol 'lbl_27_data_2BC80' is either not a global symbol or 
#   doesn't exist.  Ignored.
### build\compilers\GC\3.0a5.2\mwldeppc.exe Linker Warning:
#   FORCEACTIVE symbol 'lbl_27_data_32AD8' is either not a global symbol or 
#   doesn't exist.  Ignored.
### build\compilers\GC\3.0a5.2\mwldeppc.exe Linker Warning:
#   FORCEACTIVE symbol 'lbl_27_data_32AF8' is either not a global symbol or 
#   doesn't exist.  Ignored.
### build\compilers\GC\3.0a5.2\mwldeppc.exe Linker Warning:
#   FORCEACTIVE symbol 'lbl_27_data_32BA4' is either not a global symbol or 
#   doesn't exist.  Ignored.
### build\compilers\GC\3.0a5.2\mwldeppc.exe Linker Warning:
#   FORCEACTIVE symbol 'lbl_27_data_32BB8' is either not a global symbol or 
#   doesn't exist.  Ignored.
### build\compilers\GC\3.0a5.2\mwldeppc.exe Linker Warning:
#   FORCEACTIVE symbol 'lbl_27_data_32BD0' is either not a global symbol or 
#   doesn't exist.  Ignored.
### build\compilers\GC\3.0a5.2\mwldeppc.exe Linker Warning:
#   FORCEACTIVE symbol 'lbl_27_data_4C748' is either not a global symbol or 
#   doesn't exist.  Ignored.
### build\compilers\GC\3.0a5.2\mwldeppc.exe Linker Warning:
#   FORCEACTIVE symbol 'lbl_27_data_4C758' is either not a global symbol or 
#   doesn't exist.  Ignored.
### build\compilers\GC\3.0a5.2\mwldeppc.exe Linker Warning:
#   FORCEACTIVE symbol 'lbl_27_bss_1B30' is either not a global symbol or 
#   doesn't exist.  Ignored.
### build\compilers\GC\3.0a5.2\mwldeppc.exe Linker Warning:
#   FORCEACTIVE symbol 'lbl_27_bss_1B58' is either not a global symbol or 
#   doesn't exist.  Ignored.
### build\compilers\GC\3.0a5.2\mwldeppc.exe Linker Warning:
#   FORCEACTIVE symbol 'lbl_27_bss_1B70' is either not a global symbol or 
#   doesn't exist.  Ignored.
### build\compilers\GC\3.0a5.2\mwldeppc.exe Linker Warning:
#   FORCEACTIVE symbol 'lbl_27_bss_2CD0' is either not a global symbol or 
#   doesn't exist.  Ignored.
### build\compilers\GC\3.0a5.2\mwldeppc.exe Linker Warning:
#   FORCEACTIVE symbol 'lbl_27_bss_5040' is either not a global symbol or 
#   doesn't exist.  Ignored.
### build\compilers\GC\3.0a5.2\mwldeppc.exe Linker Warning:
#   FORCEACTIVE symbol 'g_ftGroundConditionCheckerImpl' is either not a global 
#   symbol or doesn't exist.  Ignored.
### build\compilers\GC\3.0a5.2\mwldeppc.exe Linker Warning:
#   FORCEACTIVE symbol '@unnamed@mo_melee_cpp@::bss_loc_8cc0' is either not a 
#   global symbol or doesn't exist.  Ignored.
[469/538] LINK build\RSBE01_01\ft_koopa\ft_koopa.plf
[470/538] LINK build\RSBE01_01\ft_peach\ft_peach.plf
[471/538] LINK build\RSBE01_01\ft_yoshi\ft_yoshi.plf
[472/538] LINK build\RSBE01_01\ft_pikachu\ft_pikachu.plf
[473/538] LINK build\RSBE01_01\ft_captain\ft_captain.plf
[474/538] LINK build\RSBE01_01\ft_falco\ft_falco.plf
[475/538] LINK build\RSBE01_01\ft_iceclimber\ft_iceclimber.plf
[476/538] LINK build\RSBE01_01\ft_gamewatch\ft_gamewatch.plf
[477/538] LINK build\RSBE01_01\ft_marth\ft_marth.plf
### build\compilers\GC\3.0a5.2\mwldeppc.exe Linker Warning:
#   FORCEACTIVE symbol '__sinit_\ft_marth_status_uniq_process_special_s_cpp' 
#   is either not a global symbol or doesn't exist.  Ignored.
### build\compilers\GC\3.0a5.2\mwldeppc.exe Linker Warning:
#   FORCEACTIVE symbol '__sinit_\ft_marth_status_uniq_process_special_lw_cpp' 
#   is either not a global symbol or doesn't exist.  Ignored.
### build\compilers\GC\3.0a5.2\mwldeppc.exe Linker Warning:
#   FORCEACTIVE symbol 'lbl_106_rodata_20' is either not a global symbol or 
#   doesn't exist.  Ignored.
### build\compilers\GC\3.0a5.2\mwldeppc.exe Linker Warning:
#   FORCEACTIVE symbol 'lbl_106_rodata_38' is either not a global symbol or 
#   doesn't exist.  Ignored.
### build\compilers\GC\3.0a5.2\mwldeppc.exe Linker Warning:
#   FORCEACTIVE symbol 'lbl_106_data_5410' is either not a global symbol or 
#   doesn't exist.  Ignored.
### build\compilers\GC\3.0a5.2\mwldeppc.exe Linker Warning:
#   FORCEACTIVE symbol 'lbl_106_data_5428' is either not a global symbol or 
#   doesn't exist.  Ignored.
### build\compilers\GC\3.0a5.2\mwldeppc.exe Linker Warning:
#   FORCEACTIVE symbol 'lbl_106_data_5494' is either not a global symbol or 
#   doesn't exist.  Ignored.
### build\compilers\GC\3.0a5.2\mwldeppc.exe Linker Warning:
#   FORCEACTIVE symbol 'lbl_106_data_54B8' is either not a global symbol or 
#   doesn't exist.  Ignored.
### build\compilers\GC\3.0a5.2\mwldeppc.exe Linker Warning:
#   FORCEACTIVE symbol 'lbl_106_data_54CC' is either not a global symbol or 
#   doesn't exist.  Ignored.
### build\compilers\GC\3.0a5.2\mwldeppc.exe Linker Warning:
#   FORCEACTIVE symbol 'lbl_106_data_5640' is either not a global symbol or 
#   doesn't exist.  Ignored.
### build\compilers\GC\3.0a5.2\mwldeppc.exe Linker Warning:
#   FORCEACTIVE symbol 'lbl_106_data_5664' is either not a global symbol or 
#   doesn't exist.  Ignored.
### build\compilers\GC\3.0a5.2\mwldeppc.exe Linker Warning:
#   FORCEACTIVE symbol 'lbl_106_bss_198' is either not a global symbol or 
#   doesn't exist.  Ignored.
### build\compilers\GC\3.0a5.2\mwldeppc.exe Linker Warning:
#   FORCEACTIVE symbol 'lbl_106_bss_1B8' is either not a global symbol or 
#   doesn't exist.  Ignored.
[478/538] LINK build\RSBE01_01\ft_luigi\ft_luigi.plf
### build\compilers\GC\3.0a5.2\mwldeppc.exe Linker Warning:
#   FORCEACTIVE symbol '__sinit_\ft_luigi_status_uniq_process_special_lw_cpp' 
#   is either not a global symbol or doesn't exist.  Ignored.
### build\compilers\GC\3.0a5.2\mwldeppc.exe Linker Warning:
#   FORCEACTIVE symbol 
#   '__sinit_\ft_luigi_status_uniq_process_special_s_ram_cpp' is either not a 
#   global symbol or doesn't exist.  Ignored.
### build\compilers\GC\3.0a5.2\mwldeppc.exe Linker Warning:
#   FORCEACTIVE symbol 
#   '__sinit_\ft_luigi_status_uniq_process_special_s_wall_cpp' is either not a 
#   global symbol or doesn't exist.  Ignored.
### build\compilers\GC\3.0a5.2\mwldeppc.exe Linker Warning:
#   FORCEACTIVE symbol 'lbl_99_rodata_28' is either not a global symbol or 
#   doesn't exist.  Ignored.
### build\compilers\GC\3.0a5.2\mwldeppc.exe Linker Warning:
#   FORCEACTIVE symbol 'lbl_99_rodata_30' is either not a global symbol or 
#   doesn't exist.  Ignored.
### build\compilers\GC\3.0a5.2\mwldeppc.exe Linker Warning:
#   FORCEACTIVE symbol 'lbl_99_rodata_34' is either not a global symbol or 
#   doesn't exist.  Ignored.
### build\compilers\GC\3.0a5.2\mwldeppc.exe Linker Warning:
#   FORCEACTIVE symbol 'lbl_99_rodata_38' is either not a global symbol or 
#   doesn't exist.  Ignored.
### build\compilers\GC\3.0a5.2\mwldeppc.exe Linker Warning:
#   FORCEACTIVE symbol 'lbl_99_rodata_40' is either not a global symbol or 
#   doesn't exist.  Ignored.
### build\compilers\GC\3.0a5.2\mwldeppc.exe Linker Warning:
#   FORCEACTIVE symbol 'lbl_99_data_63E8' is either not a global symbol or 
#   doesn't exist.  Ignored.
### build\compilers\GC\3.0a5.2\mwldeppc.exe Linker Warning:
#   FORCEACTIVE symbol 'lbl_99_data_640C' is either not a global symbol or 
#   doesn't exist.  Ignored.
### build\compilers\GC\3.0a5.2\mwldeppc.exe Linker Warning:
#   FORCEACTIVE symbol 'lbl_99_data_6420' is either not a global symbol or 
#   doesn't exist.  Ignored.
### build\compilers\GC\3.0a5.2\mwldeppc.exe Linker Warning:
#   FORCEACTIVE symbol 'lbl_99_data_6480' is either not a global symbol or 
#   doesn't exist.  Ignored.
### build\compilers\GC\3.0a5.2\mwldeppc.exe Linker Warning:
#   FORCEACTIVE symbol 'lbl_99_data_64A4' is either not a global symbol or 
#   doesn't exist.  Ignored.
### build\compilers\GC\3.0a5.2\mwldeppc.exe Linker Warning:
#   FORCEACTIVE symbol 'lbl_99_data_64B8' is either not a global symbol or 
#   doesn't exist.  Ignored.
### build\compilers\GC\3.0a5.2\mwldeppc.exe Linker Warning:
#   FORCEACTIVE symbol 'lbl_99_data_64D8' is either not a global symbol or 
#   doesn't exist.  Ignored.
### build\compilers\GC\3.0a5.2\mwldeppc.exe Linker Warning:
#   FORCEACTIVE symbol 'lbl_99_data_6544' is either not a global symbol or 
#   doesn't exist.  Ignored.
### build\compilers\GC\3.0a5.2\mwldeppc.exe Linker Warning:
#   FORCEACTIVE symbol 'lbl_99_data_656C' is either not a global symbol or 
#   doesn't exist.  Ignored.
### build\compilers\GC\3.0a5.2\mwldeppc.exe Linker Warning:
#   FORCEACTIVE symbol 'lbl_99_bss_1C0' is either not a global symbol or 
#   doesn't exist.  Ignored.
### build\compilers\GC\3.0a5.2\mwldeppc.exe Linker Warning:
#   FORCEACTIVE symbol 'lbl_99_bss_1D0' is either not a global symbol or 
#   doesn't exist.  Ignored.
### build\compilers\GC\3.0a5.2\mwldeppc.exe Linker Warning:
#   FORCEACTIVE symbol 'lbl_99_bss_1E0' is either not a global symbol or 
#   doesn't exist.  Ignored.
[479/538] LINK build\RSBE01_01\ft_zelda\ft_zelda.plf
### build\compilers\GC\3.0a5.2\mwldeppc.exe Linker Warning:
#   FORCEACTIVE symbol '__sinit_\ft_zelda_status_uniq_process_special_s_cpp' 
#   is either not a global symbol or doesn't exist.  Ignored.
### build\compilers\GC\3.0a5.2\mwldeppc.exe Linker Warning:
#   FORCEACTIVE symbol '__sinit_\ft_zelda_status_uniq_process_special_hi_cpp' 
#   is either not a global symbol or doesn't exist.  Ignored.
### build\compilers\GC\3.0a5.2\mwldeppc.exe Linker Warning:
#   FORCEACTIVE symbol '__sinit_\ft_zelda_status_uniq_process_special_hi2_cpp' 
#   is either not a global symbol or doesn't exist.  Ignored.
### build\compilers\GC\3.0a5.2\mwldeppc.exe Linker Warning:
#   FORCEACTIVE symbol '__sinit_\ft_zelda_status_uniq_process_special_hi3_cpp' 
#   is either not a global symbol or doesn't exist.  Ignored.
### build\compilers\GC\3.0a5.2\mwldeppc.exe Linker Warning:
#   FORCEACTIVE symbol '__sinit_\ft_zelda_status_uniq_process_special_lw_cpp' 
#   is either not a global symbol or doesn't exist.  Ignored.
### build\compilers\GC\3.0a5.2\mwldeppc.exe Linker Warning:
#   FORCEACTIVE symbol '__sinit_\ft_zelda_status_uniq_process_final_cpp' is 
#   either not a global symbol or doesn't exist.  Ignored.
### build\compilers\GC\3.0a5.2\mwldeppc.exe Linker Warning:
#   FORCEACTIVE symbol 'lbl_104_rodata_18' is either not a global symbol or 
#   doesn't exist.  Ignored.
### build\compilers\GC\3.0a5.2\mwldeppc.exe Linker Warning:
#   FORCEACTIVE symbol 'lbl_104_rodata_20' is either not a global symbol or 
#   doesn't exist.  Ignored.
### build\compilers\GC\3.0a5.2\mwldeppc.exe Linker Warning:
#   FORCEACTIVE symbol 'lbl_104_rodata_3C' is either not a global symbol or 
#   doesn't exist.  Ignored.
### build\compilers\GC\3.0a5.2\mwldeppc.exe Linker Warning:
#   FORCEACTIVE symbol 'lbl_104_rodata_40' is either not a global symbol or 
#   doesn't exist.  Ignored.
### build\compilers\GC\3.0a5.2\mwldeppc.exe Linker Warning:
#   FORCEACTIVE symbol 'lbl_104_rodata_48' is either not a global symbol or 
#   doesn't exist.  Ignored.
### build\compilers\GC\3.0a5.2\mwldeppc.exe Linker Warning:
#   FORCEACTIVE symbol 'lbl_104_rodata_50' is either not a global symbol or 
#   doesn't exist.  Ignored.
### build\compilers\GC\3.0a5.2\mwldeppc.exe Linker Warning:
#   FORCEACTIVE symbol 'lbl_104_rodata_54' is either not a global symbol or 
#   doesn't exist.  Ignored.
### build\compilers\GC\3.0a5.2\mwldeppc.exe Linker Warning:
#   FORCEACTIVE symbol 'lbl_104_rodata_58' is either not a global symbol or 
#   doesn't exist.  Ignored.
### build\compilers\GC\3.0a5.2\mwldeppc.exe Linker Warning:
#   FORCEACTIVE symbol 'lbl_104_rodata_60' is either not a global symbol or 
#   doesn't exist.  Ignored.
### build\compilers\GC\3.0a5.2\mwldeppc.exe Linker Warning:
#   FORCEACTIVE symbol 'lbl_104_rodata_64' is either not a global symbol or 
#   doesn't exist.  Ignored.
### build\compilers\GC\3.0a5.2\mwldeppc.exe Linker Warning:
#   FORCEACTIVE symbol 'lbl_104_rodata_68' is either not a global symbol or 
#   doesn't exist.  Ignored.
### build\compilers\GC\3.0a5.2\mwldeppc.exe Linker Warning:
#   FORCEACTIVE symbol 'lbl_104_data_7220' is either not a global symbol or 
#   doesn't exist.  Ignored.
### build\compilers\GC\3.0a5.2\mwldeppc.exe Linker Warning:
#   FORCEACTIVE symbol 'lbl_104_data_7244' is either not a global symbol or 
#   doesn't exist.  Ignored.
### build\compilers\GC\3.0a5.2\mwldeppc.exe Linker Warning:
#   FORCEACTIVE symbol 'lbl_104_data_7258' is either not a global symbol or 
#   doesn't exist.  Ignored.
### build\compilers\GC\3.0a5.2\mwldeppc.exe Linker Warning:
#   FORCEACTIVE symbol 'lbl_104_data_7278' is either not a global symbol or 
#   doesn't exist.  Ignored.
### build\compilers\GC\3.0a5.2\mwldeppc.exe Linker Warning:
#   FORCEACTIVE symbol 'lbl_104_data_7290' is either not a global symbol or 
#   doesn't exist.  Ignored.
### build\compilers\GC\3.0a5.2\mwldeppc.exe Linker Warning:
#   FORCEACTIVE symbol 'lbl_104_data_72FC' is either not a global symbol or 
#   doesn't exist.  Ignored.
### build\compilers\GC\3.0a5.2\mwldeppc.exe Linker Warning:
#   FORCEACTIVE symbol 'lbl_104_data_7320' is either not a global symbol or 
#   doesn't exist.  Ignored.
### build\compilers\GC\3.0a5.2\mwldeppc.exe Linker Warning:
#   FORCEACTIVE symbol 'lbl_104_data_7378' is either not a global symbol or 
#   doesn't exist.  Ignored.
### build\compilers\GC\3.0a5.2\mwldeppc.exe Linker Warning:
#   FORCEACTIVE symbol 'lbl_104_data_739C' is either not a global symbol or 
#   doesn't exist.  Ignored.
### build\compilers\GC\3.0a5.2\mwldeppc.exe Linker Warning:
#   FORCEACTIVE symbol 'lbl_104_data_73F0' is either not a global symbol or 
#   doesn't exist.  Ignored.
### build\compilers\GC\3.0a5.2\mwldeppc.exe Linker Warning:
#   FORCEACTIVE symbol 'lbl_104_data_7414' is either not a global symbol or 
#   doesn't exist.  Ignored.
### build\compilers\GC\3.0a5.2\mwldeppc.exe Linker Warning:
#   FORCEACTIVE symbol 'lbl_104_data_7468' is either not a global symbol or 
#   doesn't exist.  Ignored.
### build\compilers\GC\3.0a5.2\mwldeppc.exe Linker Warning:
#   FORCEACTIVE symbol 'lbl_104_data_748C' is either not a global symbol or 
#   doesn't exist.  Ignored.
### build\compilers\GC\3.0a5.2\mwldeppc.exe Linker Warning:
#   FORCEACTIVE symbol 'lbl_104_data_74E0' is either not a global symbol or 
#   doesn't exist.  Ignored.
### build\compilers\GC\3.0a5.2\mwldeppc.exe Linker Warning:
#   FORCEACTIVE symbol 'lbl_104_data_7500' is either not a global symbol or 
#   doesn't exist.  Ignored.
### build\compilers\GC\3.0a5.2\mwldeppc.exe Linker Warning:
#   FORCEACTIVE symbol 'lbl_104_bss_188' is either not a global symbol or 
#   doesn't exist.  Ignored.
### build\compilers\GC\3.0a5.2\mwldeppc.exe Linker Warning:
#   FORCEACTIVE symbol 'lbl_104_bss_198' is either not a global symbol or 
#   doesn't exist.  Ignored.
### build\compilers\GC\3.0a5.2\mwldeppc.exe Linker Warning:
#   FORCEACTIVE symbol 'lbl_104_bss_1A8' is either not a global symbol or 
#   doesn't exist.  Ignored.
### build\compilers\GC\3.0a5.2\mwldeppc.exe Linker Warning:
#   FORCEACTIVE symbol 'lbl_104_bss_1B8' is either not a global symbol or 
#   doesn't exist.  Ignored.
### build\compilers\GC\3.0a5.2\mwldeppc.exe Linker Warning:
#   FORCEACTIVE symbol 'lbl_104_bss_1C8' is either not a global symbol or 
#   doesn't exist.  Ignored.
### build\compilers\GC\3.0a5.2\mwldeppc.exe Linker Warning:
#   FORCEACTIVE symbol 'lbl_104_bss_1D8' is either not a global symbol or 
#   doesn't exist.  Ignored.
[480/538] LINK build\RSBE01_01\ft_ness\ft_ness.plf
### build\compilers\GC\3.0a5.2\mwldeppc.exe Linker Warning:
#   FORCEACTIVE symbol 
#   '__sinit_\ft_ness_status_uniq_process_attack_hi4_start_cpp' is either not 
#   a global symbol or doesn't exist.  Ignored.
### build\compilers\GC\3.0a5.2\mwldeppc.exe Linker Warning:
#   FORCEACTIVE symbol '__sinit_\ft_ness_status_uniq_process_attack_hi4_cpp' 
#   is either not a global symbol or doesn't exist.  Ignored.
### build\compilers\GC\3.0a5.2\mwldeppc.exe Linker Warning:
#   FORCEACTIVE symbol '__sinit_\ft_ness_status_uniq_process_attack_s4_cpp' is 
#   either not a global symbol or doesn't exist.  Ignored.
### build\compilers\GC\3.0a5.2\mwldeppc.exe Linker Warning:
#   FORCEACTIVE symbol '__sinit_\ft_ness_status_uniq_process_special_s_cpp' is 
#   either not a global symbol or doesn't exist.  Ignored.
### build\compilers\GC\3.0a5.2\mwldeppc.exe Linker Warning:
#   FORCEACTIVE symbol '__sinit_\ft_ness_status_uniq_process_special_hi_cpp' 
#   is either not a global symbol or doesn't exist.  Ignored.
### build\compilers\GC\3.0a5.2\mwldeppc.exe Linker Warning:
#   FORCEACTIVE symbol 
#   '__sinit_\ft_ness_status_uniq_process_special_hi_reflect_cpp' is either 
#   not a global symbol or doesn't exist.  Ignored.
### build\compilers\GC\3.0a5.2\mwldeppc.exe Linker Warning:
#   FORCEACTIVE symbol '__sinit_\ft_ness_status_uniq_process_special_lw_cpp' 
#   is either not a global symbol or doesn't exist.  Ignored.
### build\compilers\GC\3.0a5.2\mwldeppc.exe Linker Warning:
#   FORCEACTIVE symbol 
#   '__sinit_\ft_ness_status_uniq_process_special_lw_hold_cpp' is either not a 
#   global symbol or doesn't exist.  Ignored.
### build\compilers\GC\3.0a5.2\mwldeppc.exe Linker Warning:
#   FORCEACTIVE symbol 'lbl_101_rodata_28' is either not a global symbol or 
#   doesn't exist.  Ignored.
### build\compilers\GC\3.0a5.2\mwldeppc.exe Linker Warning:
#   FORCEACTIVE symbol 'lbl_101_rodata_30' is either not a global symbol or 
#   doesn't exist.  Ignored.
### build\compilers\GC\3.0a5.2\mwldeppc.exe Linker Warning:
#   FORCEACTIVE symbol 'lbl_101_rodata_88' is either not a global symbol or 
#   doesn't exist.  Ignored.
### build\compilers\GC\3.0a5.2\mwldeppc.exe Linker Warning:
#   FORCEACTIVE symbol 'lbl_101_rodata_90' is either not a global symbol or 
#   doesn't exist.  Ignored.
### build\compilers\GC\3.0a5.2\mwldeppc.exe Linker Warning:
#   FORCEACTIVE symbol 'lbl_101_data_8930' is either not a global symbol or 
#   doesn't exist.  Ignored.
### build\compilers\GC\3.0a5.2\mwldeppc.exe Linker Warning:
#   FORCEACTIVE symbol 'lbl_101_data_8958' is either not a global symbol or 
#   doesn't exist.  Ignored.
### build\compilers\GC\3.0a5.2\mwldeppc.exe Linker Warning:
#   FORCEACTIVE symbol 'lbl_101_data_896C' is either not a global symbol or 
#   doesn't exist.  Ignored.
### build\compilers\GC\3.0a5.2\mwldeppc.exe Linker Warning:
#   FORCEACTIVE symbol 'lbl_101_data_89C8' is either not a global symbol or 
#   doesn't exist.  Ignored.
### build\compilers\GC\3.0a5.2\mwldeppc.exe Linker Warning:
#   FORCEACTIVE symbol 'lbl_101_data_89EC' is either not a global symbol or 
#   doesn't exist.  Ignored.
### build\compilers\GC\3.0a5.2\mwldeppc.exe Linker Warning:
#   FORCEACTIVE symbol 'lbl_101_data_8A08' is either not a global symbol or 
#   doesn't exist.  Ignored.
### build\compilers\GC\3.0a5.2\mwldeppc.exe Linker Warning:
#   FORCEACTIVE symbol 'lbl_101_data_8A28' is either not a global symbol or 
#   doesn't exist.  Ignored.
### build\compilers\GC\3.0a5.2\mwldeppc.exe Linker Warning:
#   FORCEACTIVE symbol 'lbl_101_data_8A80' is either not a global symbol or 
#   doesn't exist.  Ignored.
### build\compilers\GC\3.0a5.2\mwldeppc.exe Linker Warning:
#   FORCEACTIVE symbol 'lbl_101_data_8AA0' is either not a global symbol or 
#   doesn't exist.  Ignored.
### build\compilers\GC\3.0a5.2\mwldeppc.exe Linker Warning:
#   FORCEACTIVE symbol 'lbl_101_data_8B00' is either not a global symbol or 
#   doesn't exist.  Ignored.
### build\compilers\GC\3.0a5.2\mwldeppc.exe Linker Warning:
#   FORCEACTIVE symbol 'lbl_101_data_8B20' is either not a global symbol or 
#   doesn't exist.  Ignored.
### build\compilers\GC\3.0a5.2\mwldeppc.exe Linker Warning:
#   FORCEACTIVE symbol 'lbl_101_data_8B78' is either not a global symbol or 
#   doesn't exist.  Ignored.
### build\compilers\GC\3.0a5.2\mwldeppc.exe Linker Warning:
#   FORCEACTIVE symbol 'lbl_101_data_8B9C' is either not a global symbol or 
#   doesn't exist.  Ignored.
### build\compilers\GC\3.0a5.2\mwldeppc.exe Linker Warning:
#   FORCEACTIVE symbol 'lbl_101_data_8CB0' is either not a global symbol or 
#   doesn't exist.  Ignored.
### build\compilers\GC\3.0a5.2\mwldeppc.exe Linker Warning:
#   FORCEACTIVE symbol 'lbl_101_data_8CD8' is either not a global symbol or 
#   doesn't exist.  Ignored.
### build\compilers\GC\3.0a5.2\mwldeppc.exe Linker Warning:
#   FORCEACTIVE symbol 'lbl_101_data_8D30' is either not a global symbol or 
#   doesn't exist.  Ignored.
### build\compilers\GC\3.0a5.2\mwldeppc.exe Linker Warning:
#   FORCEACTIVE symbol 'lbl_101_data_8D54' is either not a global symbol or 
#   doesn't exist.  Ignored.
### build\compilers\GC\3.0a5.2\mwldeppc.exe Linker Warning:
#   FORCEACTIVE symbol 'lbl_101_data_8DA8' is either not a global symbol or 
#   doesn't exist.  Ignored.
### build\compilers\GC\3.0a5.2\mwldeppc.exe Linker Warning:
#   FORCEACTIVE symbol 'lbl_101_data_8DD0' is either not a global symbol or 
#   doesn't exist.  Ignored.
### build\compilers\GC\3.0a5.2\mwldeppc.exe Linker Warning:
#   FORCEACTIVE symbol 'lbl_101_bss_1D0' is either not a global symbol or 
#   doesn't exist.  Ignored.
### build\compilers\GC\3.0a5.2\mwldeppc.exe Linker Warning:
#   FORCEACTIVE symbol 'lbl_101_bss_1E0' is either not a global symbol or 
#   doesn't exist.  Ignored.
### build\compilers\GC\3.0a5.2\mwldeppc.exe Linker Warning:
#   FORCEACTIVE symbol 'lbl_101_bss_1F0' is either not a global symbol or 
#   doesn't exist.  Ignored.
### build\compilers\GC\3.0a5.2\mwldeppc.exe Linker Warning:
#   FORCEACTIVE symbol 'lbl_101_bss_200' is either not a global symbol or 
#   doesn't exist.  Ignored.
### build\compilers\GC\3.0a5.2\mwldeppc.exe Linker Warning:
#   FORCEACTIVE symbol 'lbl_101_bss_210' is either not a global symbol or 
#   doesn't exist.  Ignored.
### build\compilers\GC\3.0a5.2\mwldeppc.exe Linker Warning:
#   FORCEACTIVE symbol 'lbl_101_bss_230' is either not a global symbol or 
#   doesn't exist.  Ignored.
### build\compilers\GC\3.0a5.2\mwldeppc.exe Linker Warning:
#   FORCEACTIVE symbol 'lbl_101_bss_240' is either not a global symbol or 
#   doesn't exist.  Ignored.
### build\compilers\GC\3.0a5.2\mwldeppc.exe Linker Warning:
#   FORCEACTIVE symbol 'lbl_101_bss_250' is either not a global symbol or 
#   doesn't exist.  Ignored.
[481/538] LINK build\RSBE01_01\ft_ganon\ft_ganon.plf
[482/538] LINK build\RSBE01_01\ft_metaknight\ft_metaknight.plf
### build\compilers\GC\3.0a5.2\mwldeppc.exe Linker Warning:
#   FORCEACTIVE symbol 
#   '__sinit_\ft_metaknight_status_uniq_process_special_s_rush_cpp' is either 
#   not a global symbol or doesn't exist.  Ignored.
### build\compilers\GC\3.0a5.2\mwldeppc.exe Linker Warning:
#   FORCEACTIVE symbol 
#   '__sinit_\ft_metaknight_status_uniq_process_special_s_end_cpp' is either 
#   not a global symbol or doesn't exist.  Ignored.
### build\compilers\GC\3.0a5.2\mwldeppc.exe Linker Warning:
#   FORCEACTIVE symbol 
#   '__sinit_\ft_metaknight_status_uniq_process_final_attack_gallery_cpp' is 
#   either not a global symbol or doesn't exist.  Ignored.
### build\compilers\GC\3.0a5.2\mwldeppc.exe Linker Warning:
#   FORCEACTIVE symbol 
#   '__sinit_\ft_metaknight_status_uniq_process_final_end_cpp' is either not a 
#   global symbol or doesn't exist.  Ignored.
### build\compilers\GC\3.0a5.2\mwldeppc.exe Linker Warning:
#   FORCEACTIVE symbol 'lbl_111_rodata_10' is either not a global symbol or 
#   doesn't exist.  Ignored.
### build\compilers\GC\3.0a5.2\mwldeppc.exe Linker Warning:
#   FORCEACTIVE symbol 'lbl_111_rodata_20' is either not a global symbol or 
#   doesn't exist.  Ignored.
### build\compilers\GC\3.0a5.2\mwldeppc.exe Linker Warning:
#   FORCEACTIVE symbol 'lbl_111_rodata_24' is either not a global symbol or 
#   doesn't exist.  Ignored.
### build\compilers\GC\3.0a5.2\mwldeppc.exe Linker Warning:
#   FORCEACTIVE symbol 'lbl_111_rodata_28' is either not a global symbol or 
#   doesn't exist.  Ignored.
### build\compilers\GC\3.0a5.2\mwldeppc.exe Linker Warning:
#   FORCEACTIVE symbol 'lbl_111_rodata_30' is either not a global symbol or 
#   doesn't exist.  Ignored.
### build\compilers\GC\3.0a5.2\mwldeppc.exe Linker Warning:
#   FORCEACTIVE symbol 'lbl_111_rodata_40' is either not a global symbol or 
#   doesn't exist.  Ignored.
### build\compilers\GC\3.0a5.2\mwldeppc.exe Linker Warning:
#   FORCEACTIVE symbol 'lbl_111_data_5D70' is either not a global symbol or 
#   doesn't exist.  Ignored.
### build\compilers\GC\3.0a5.2\mwldeppc.exe Linker Warning:
#   FORCEACTIVE symbol 'lbl_111_data_5D9C' is either not a global symbol or 
#   doesn't exist.  Ignored.
### build\compilers\GC\3.0a5.2\mwldeppc.exe Linker Warning:
#   FORCEACTIVE symbol 'lbl_111_data_5DB0' is either not a global symbol or 
#   doesn't exist.  Ignored.
### build\compilers\GC\3.0a5.2\mwldeppc.exe Linker Warning:
#   FORCEACTIVE symbol 'lbl_111_data_5E10' is either not a global symbol or 
#   doesn't exist.  Ignored.
### build\compilers\GC\3.0a5.2\mwldeppc.exe Linker Warning:
#   FORCEACTIVE symbol 'lbl_111_data_5E3C' is either not a global symbol or 
#   doesn't exist.  Ignored.
### build\compilers\GC\3.0a5.2\mwldeppc.exe Linker Warning:
#   FORCEACTIVE symbol 'lbl_111_data_5E90' is either not a global symbol or 
#   doesn't exist.  Ignored.
### build\compilers\GC\3.0a5.2\mwldeppc.exe Linker Warning:
#   FORCEACTIVE symbol 'lbl_111_data_5EC0' is either not a global symbol or 
#   doesn't exist.  Ignored.
### build\compilers\GC\3.0a5.2\mwldeppc.exe Linker Warning:
#   FORCEACTIVE symbol 'lbl_111_data_5F18' is either not a global symbol or 
#   doesn't exist.  Ignored.
### build\compilers\GC\3.0a5.2\mwldeppc.exe Linker Warning:
#   FORCEACTIVE symbol 'lbl_111_data_5F40' is either not a global symbol or 
#   doesn't exist.  Ignored.
### build\compilers\GC\3.0a5.2\mwldeppc.exe Linker Warning:
#   FORCEACTIVE symbol 'lbl_111_bss_178' is either not a global symbol or 
#   doesn't exist.  Ignored.
### build\compilers\GC\3.0a5.2\mwldeppc.exe Linker Warning:
#   FORCEACTIVE symbol 'lbl_111_bss_188' is either not a global symbol or 
#   doesn't exist.  Ignored.
### build\compilers\GC\3.0a5.2\mwldeppc.exe Linker Warning:
#   FORCEACTIVE symbol 'lbl_111_bss_198' is either not a global symbol or 
#   doesn't exist.  Ignored.
### build\compilers\GC\3.0a5.2\mwldeppc.exe Linker Warning:
#   FORCEACTIVE symbol 'lbl_111_bss_1A8' is either not a global symbol or 
#   doesn't exist.  Ignored.
[483/538] LINK build\RSBE01_01\ft_wario\ft_wario.plf
[484/538] LINK build\RSBE01_01\ft_pit\ft_pit.plf
### build\compilers\GC\3.0a5.2\mwldeppc.exe Linker Warning:
#   FORCEACTIVE symbol 
#   '__sinit_\ft_pit_status_uniq_process_special_s_revolve_cpp' is either not 
#   a global symbol or doesn't exist.  Ignored.
### build\compilers\GC\3.0a5.2\mwldeppc.exe Linker Warning:
#   FORCEACTIVE symbol 
#   '__sinit_\ft_pit_status_uniq_process_special_hi_fly_cpp' is either not a 
#   global symbol or doesn't exist.  Ignored.
### build\compilers\GC\3.0a5.2\mwldeppc.exe Linker Warning:
#   FORCEACTIVE symbol 
#   '__sinit_\ft_pit_status_uniq_process_special_lw_hold_cpp' is either not a 
#   global symbol or doesn't exist.  Ignored.
### build\compilers\GC\3.0a5.2\mwldeppc.exe Linker Warning:
#   FORCEACTIVE symbol 'lbl_112_rodata_20' is either not a global symbol or 
#   doesn't exist.  Ignored.
### build\compilers\GC\3.0a5.2\mwldeppc.exe Linker Warning:
#   FORCEACTIVE symbol 'lbl_112_rodata_24' is either not a global symbol or 
#   doesn't exist.  Ignored.
### build\compilers\GC\3.0a5.2\mwldeppc.exe Linker Warning:
#   FORCEACTIVE symbol 'lbl_112_data_6978' is either not a global symbol or 
#   doesn't exist.  Ignored.
### build\compilers\GC\3.0a5.2\mwldeppc.exe Linker Warning:
#   FORCEACTIVE symbol 'lbl_112_data_69A0' is either not a global symbol or 
#   doesn't exist.  Ignored.
### build\compilers\GC\3.0a5.2\mwldeppc.exe Linker Warning:
#   FORCEACTIVE symbol 'lbl_112_data_69B4' is either not a global symbol or 
#   doesn't exist.  Ignored.
### build\compilers\GC\3.0a5.2\mwldeppc.exe Linker Warning:
#   FORCEACTIVE symbol 'lbl_112_data_6A10' is either not a global symbol or 
#   doesn't exist.  Ignored.
### build\compilers\GC\3.0a5.2\mwldeppc.exe Linker Warning:
#   FORCEACTIVE symbol 'lbl_112_data_6A34' is either not a global symbol or 
#   doesn't exist.  Ignored.
### build\compilers\GC\3.0a5.2\mwldeppc.exe Linker Warning:
#   FORCEACTIVE symbol 'lbl_112_data_6A8C' is either not a global symbol or 
#   doesn't exist.  Ignored.
### build\compilers\GC\3.0a5.2\mwldeppc.exe Linker Warning:
#   FORCEACTIVE symbol 'lbl_112_data_6AB0' is either not a global symbol or 
#   doesn't exist.  Ignored.
### build\compilers\GC\3.0a5.2\mwldeppc.exe Linker Warning:
#   FORCEACTIVE symbol 'lbl_112_bss_1A0' is either not a global symbol or 
#   doesn't exist.  Ignored.
### build\compilers\GC\3.0a5.2\mwldeppc.exe Linker Warning:
#   FORCEACTIVE symbol 'lbl_112_bss_1B0' is either not a global symbol or 
#   doesn't exist.  Ignored.
### build\compilers\GC\3.0a5.2\mwldeppc.exe Linker Warning:
#   FORCEACTIVE symbol 'lbl_112_bss_1C0' is either not a global symbol or 
#   doesn't exist.  Ignored.
[485/538] LINK build\RSBE01_01\ft_poke\ft_poke.plf
[486/538] LINK build\RSBE01_01\ft_lucario\ft_lucario.plf
[487/538] LINK build\RSBE01_01\ft_robot\ft_robot.plf
[488/538] LINK build\RSBE01_01\ft_ike\ft_ike.plf
[489/538] LINK build\RSBE01_01\ft_toonlink\ft_toonlink.plf
[490/538] LINK build\RSBE01_01\ft_dedede\ft_dedede.plf
[491/538] LINK build\RSBE01_01\ft_snake\ft_snake.plf
[492/538] LINK build\RSBE01_01\ft_diddy\ft_diddy.plf
[493/538] LINK build\RSBE01_01\ft_purin\ft_purin.plf
[494/538] LINK build\RSBE01_01\ft_wolf\ft_wolf.plf
[495/538] LINK build\RSBE01_01\ft_pikmin\ft_pikmin.plf
[496/538] LINK build\RSBE01_01\ft_zako\ft_zako.plf
[497/538] MWCC build\RSBE01_01\src\sora\mt\mt_vector_old.o
[498/538] LINK build\RSBE01_01\ft_sonic\ft_sonic.plf
### build\compilers\GC\3.0a5.2\mwldeppc.exe Linker Warning:
#   FORCEACTIVE symbol 
#   '__sinit_\ft_sonic_status_uniq_process_special_lw_hold_cpp' is either not 
#   a global symbol or doesn't exist.  Ignored.
### build\compilers\GC\3.0a5.2\mwldeppc.exe Linker Warning:
#   FORCEACTIVE symbol '__sinit_\ft_sonic_status_uniq_process_final_end_cpp' 
#   is either not a global symbol or doesn't exist.  Ignored.
### build\compilers\GC\3.0a5.2\mwldeppc.exe Linker Warning:
#   FORCEACTIVE symbol 
#   '__sinit_\ft_sonic_status_uniq_process_special_s_wall_end_cpp' is either 
#   not a global symbol or doesn't exist.  Ignored.
### build\compilers\GC\3.0a5.2\mwldeppc.exe Linker Warning:
#   FORCEACTIVE symbol 'lbl_123_rodata_50' is either not a global symbol or 
#   doesn't exist.  Ignored.
### build\compilers\GC\3.0a5.2\mwldeppc.exe Linker Warning:
#   FORCEACTIVE symbol 'lbl_123_rodata_54' is either not a global symbol or 
#   doesn't exist.  Ignored.
### build\compilers\GC\3.0a5.2\mwldeppc.exe Linker Warning:
#   FORCEACTIVE symbol 'lbl_123_rodata_58' is either not a global symbol or 
#   doesn't exist.  Ignored.
### build\compilers\GC\3.0a5.2\mwldeppc.exe Linker Warning:
#   FORCEACTIVE symbol 'lbl_123_rodata_60' is either not a global symbol or 
#   doesn't exist.  Ignored.
### build\compilers\GC\3.0a5.2\mwldeppc.exe Linker Warning:
#   FORCEACTIVE symbol 'lbl_123_rodata_64' is either not a global symbol or 
#   doesn't exist.  Ignored.
### build\compilers\GC\3.0a5.2\mwldeppc.exe Linker Warning:
#   FORCEACTIVE symbol 'lbl_123_data_6708' is either not a global symbol or 
#   doesn't exist.  Ignored.
### build\compilers\GC\3.0a5.2\mwldeppc.exe Linker Warning:
#   FORCEACTIVE symbol 'lbl_123_data_6730' is either not a global symbol or 
#   doesn't exist.  Ignored.
### build\compilers\GC\3.0a5.2\mwldeppc.exe Linker Warning:
#   FORCEACTIVE symbol 'lbl_123_data_6788' is either not a global symbol or 
#   doesn't exist.  Ignored.
### build\compilers\GC\3.0a5.2\mwldeppc.exe Linker Warning:
#   FORCEACTIVE symbol 'lbl_123_data_67AC' is either not a global symbol or 
#   doesn't exist.  Ignored.
### build\compilers\GC\3.0a5.2\mwldeppc.exe Linker Warning:
#   FORCEACTIVE symbol 'lbl_123_data_6800' is either not a global symbol or 
#   doesn't exist.  Ignored.
### build\compilers\GC\3.0a5.2\mwldeppc.exe Linker Warning:
#   FORCEACTIVE symbol 'lbl_123_data_6828' is either not a global symbol or 
#   doesn't exist.  Ignored.
### build\compilers\GC\3.0a5.2\mwldeppc.exe Linker Warning:
#   FORCEACTIVE symbol 'lbl_123_bss_308' is either not a global symbol or 
#   doesn't exist.  Ignored.
### build\compilers\GC\3.0a5.2\mwldeppc.exe Linker Warning:
#   FORCEACTIVE symbol 'lbl_123_bss_318' is either not a global symbol or 
#   doesn't exist.  Ignored.
### build\compilers\GC\3.0a5.2\mwldeppc.exe Linker Warning:
#   FORCEACTIVE symbol 'lbl_123_bss_328' is either not a global symbol or 
#   doesn't exist.  Ignored.
[499/538] LINK build\RSBE01_01\ft_lucas\ft_lucas.plf
### build\compilers\GC\3.0a5.2\mwldeppc.exe Linker Warning:
#   FORCEACTIVE symbol '__sinit_\ft_lucas_status_uniq_process_attack_s4_cpp' 
#   is either not a global symbol or doesn't exist.  Ignored.
### build\compilers\GC\3.0a5.2\mwldeppc.exe Linker Warning:
#   FORCEACTIVE symbol '__sinit_\ft_lucas_status_uniq_process_air_lasso_cpp' 
#   is either not a global symbol or doesn't exist.  Ignored.
### build\compilers\GC\3.0a5.2\mwldeppc.exe Linker Warning:
#   FORCEACTIVE symbol '__sinit_\ft_lucas_status_uniq_process_special_s_cpp' 
#   is either not a global symbol or doesn't exist.  Ignored.
### build\compilers\GC\3.0a5.2\mwldeppc.exe Linker Warning:
#   FORCEACTIVE symbol '__sinit_\ft_lucas_status_uniq_process_special_hi_cpp' 
#   is either not a global symbol or doesn't exist.  Ignored.
### build\compilers\GC\3.0a5.2\mwldeppc.exe Linker Warning:
#   FORCEACTIVE symbol 
#   '__sinit_\ft_lucas_status_uniq_process_special_hi_attack_end_cpp' is 
#   either not a global symbol or doesn't exist.  Ignored.
### build\compilers\GC\3.0a5.2\mwldeppc.exe Linker Warning:
#   FORCEACTIVE symbol 
#   '__sinit_\ft_lucas_status_uniq_process_special_hi_reflect_cpp' is either 
#   not a global symbol or doesn't exist.  Ignored.
### build\compilers\GC\3.0a5.2\mwldeppc.exe Linker Warning:
#   FORCEACTIVE symbol '__sinit_\ft_lucas_status_uniq_process_special_lw_cpp' 
#   is either not a global symbol or doesn't exist.  Ignored.
### build\compilers\GC\3.0a5.2\mwldeppc.exe Linker Warning:
#   FORCEACTIVE symbol 
#   '__sinit_\ft_lucas_status_uniq_process_special_lw_hold_cpp' is either not 
#   a global symbol or doesn't exist.  Ignored.
### build\compilers\GC\3.0a5.2\mwldeppc.exe Linker Warning:
#   FORCEACTIVE symbol 'lbl_114_rodata_28' is either not a global symbol or 
#   doesn't exist.  Ignored.
### build\compilers\GC\3.0a5.2\mwldeppc.exe Linker Warning:
#   FORCEACTIVE symbol 'lbl_114_rodata_2C' is either not a global symbol or 
#   doesn't exist.  Ignored.
### build\compilers\GC\3.0a5.2\mwldeppc.exe Linker Warning:
#   FORCEACTIVE symbol 'lbl_114_rodata_30' is either not a global symbol or 
#   doesn't exist.  Ignored.
### build\compilers\GC\3.0a5.2\mwldeppc.exe Linker Warning:
#   FORCEACTIVE symbol 'lbl_114_rodata_38' is either not a global symbol or 
#   doesn't exist.  Ignored.
### build\compilers\GC\3.0a5.2\mwldeppc.exe Linker Warning:
#   FORCEACTIVE symbol 'lbl_114_rodata_98' is either not a global symbol or 
#   doesn't exist.  Ignored.
### build\compilers\GC\3.0a5.2\mwldeppc.exe Linker Warning:
#   FORCEACTIVE symbol 'lbl_114_rodata_9C' is either not a global symbol or 
#   doesn't exist.  Ignored.
### build\compilers\GC\3.0a5.2\mwldeppc.exe Linker Warning:
#   FORCEACTIVE symbol 'lbl_114_rodata_A0' is either not a global symbol or 
#   doesn't exist.  Ignored.
### build\compilers\GC\3.0a5.2\mwldeppc.exe Linker Warning:
#   FORCEACTIVE symbol 'lbl_114_rodata_A8' is either not a global symbol or 
#   doesn't exist.  Ignored.
### build\compilers\GC\3.0a5.2\mwldeppc.exe Linker Warning:
#   FORCEACTIVE symbol 'lbl_114_rodata_B0' is either not a global symbol or 
#   doesn't exist.  Ignored.
### build\compilers\GC\3.0a5.2\mwldeppc.exe Linker Warning:
#   FORCEACTIVE symbol 'lbl_114_data_8128' is either not a global symbol or 
#   doesn't exist.  Ignored.
### build\compilers\GC\3.0a5.2\mwldeppc.exe Linker Warning:
#   FORCEACTIVE symbol 'lbl_114_data_814C' is either not a global symbol or 
#   doesn't exist.  Ignored.
### build\compilers\GC\3.0a5.2\mwldeppc.exe Linker Warning:
#   FORCEACTIVE symbol 'lbl_114_data_8168' is either not a global symbol or 
#   doesn't exist.  Ignored.
### build\compilers\GC\3.0a5.2\mwldeppc.exe Linker Warning:
#   FORCEACTIVE symbol 'lbl_114_data_8188' is either not a global symbol or 
#   doesn't exist.  Ignored.
### build\compilers\GC\3.0a5.2\mwldeppc.exe Linker Warning:
#   FORCEACTIVE symbol 'lbl_114_data_819C' is either not a global symbol or 
#   doesn't exist.  Ignored.
### build\compilers\GC\3.0a5.2\mwldeppc.exe Linker Warning:
#   FORCEACTIVE symbol 'lbl_114_data_81F8' is either not a global symbol or 
#   doesn't exist.  Ignored.
### build\compilers\GC\3.0a5.2\mwldeppc.exe Linker Warning:
#   FORCEACTIVE symbol 'lbl_114_data_821C' is either not a global symbol or 
#   doesn't exist.  Ignored.
### build\compilers\GC\3.0a5.2\mwldeppc.exe Linker Warning:
#   FORCEACTIVE symbol 'lbl_114_data_8238' is either not a global symbol or 
#   doesn't exist.  Ignored.
### build\compilers\GC\3.0a5.2\mwldeppc.exe Linker Warning:
#   FORCEACTIVE symbol 'lbl_114_data_8254' is either not a global symbol or 
#   doesn't exist.  Ignored.
### build\compilers\GC\3.0a5.2\mwldeppc.exe Linker Warning:
#   FORCEACTIVE symbol 'lbl_114_data_82A8' is either not a global symbol or 
#   doesn't exist.  Ignored.
### build\compilers\GC\3.0a5.2\mwldeppc.exe Linker Warning:
#   FORCEACTIVE symbol 'lbl_114_data_82CC' is either not a global symbol or 
#   doesn't exist.  Ignored.
### build\compilers\GC\3.0a5.2\mwldeppc.exe Linker Warning:
#   FORCEACTIVE symbol 'lbl_114_data_8320' is either not a global symbol or 
#   doesn't exist.  Ignored.
### build\compilers\GC\3.0a5.2\mwldeppc.exe Linker Warning:
#   FORCEACTIVE symbol 'lbl_114_data_8344' is either not a global symbol or 
#   doesn't exist.  Ignored.
### build\compilers\GC\3.0a5.2\mwldeppc.exe Linker Warning:
#   FORCEACTIVE symbol 'lbl_114_data_8418' is either not a global symbol or 
#   doesn't exist.  Ignored.
### build\compilers\GC\3.0a5.2\mwldeppc.exe Linker Warning:
#   FORCEACTIVE symbol 'lbl_114_data_842C' is either not a global symbol or 
#   doesn't exist.  Ignored.
### build\compilers\GC\3.0a5.2\mwldeppc.exe Linker Warning:
#   FORCEACTIVE symbol 'lbl_114_data_8468' is either not a global symbol or 
#   doesn't exist.  Ignored.
### build\compilers\GC\3.0a5.2\mwldeppc.exe Linker Warning:
#   FORCEACTIVE symbol 'lbl_114_data_8498' is either not a global symbol or 
#   doesn't exist.  Ignored.
### build\compilers\GC\3.0a5.2\mwldeppc.exe Linker Warning:
#   FORCEACTIVE symbol 'lbl_114_data_84AC' is either not a global symbol or 
#   doesn't exist.  Ignored.
### build\compilers\GC\3.0a5.2\mwldeppc.exe Linker Warning:
#   FORCEACTIVE symbol 'lbl_114_data_84C8' is either not a global symbol or 
#   doesn't exist.  Ignored.
### build\compilers\GC\3.0a5.2\mwldeppc.exe Linker Warning:
#   FORCEACTIVE symbol 'lbl_114_data_84D8' is either not a global symbol or 
#   doesn't exist.  Ignored.
### build\compilers\GC\3.0a5.2\mwldeppc.exe Linker Warning:
#   FORCEACTIVE symbol 'lbl_114_data_852C' is either not a global symbol or 
#   doesn't exist.  Ignored.
### build\compilers\GC\3.0a5.2\mwldeppc.exe Linker Warning:
#   FORCEACTIVE symbol 'lbl_114_data_8558' is either not a global symbol or 
#   doesn't exist.  Ignored.
### build\compilers\GC\3.0a5.2\mwldeppc.exe Linker Warning:
#   FORCEACTIVE symbol 'lbl_114_data_85B0' is either not a global symbol or 
#   doesn't exist.  Ignored.
### build\compilers\GC\3.0a5.2\mwldeppc.exe Linker Warning:
#   FORCEACTIVE symbol 'lbl_114_data_85DC' is either not a global symbol or 
#   doesn't exist.  Ignored.
### build\compilers\GC\3.0a5.2\mwldeppc.exe Linker Warning:
#   FORCEACTIVE symbol 'lbl_114_data_8630' is either not a global symbol or 
#   doesn't exist.  Ignored.
### build\compilers\GC\3.0a5.2\mwldeppc.exe Linker Warning:
#   FORCEACTIVE symbol 'lbl_114_data_8654' is either not a global symbol or 
#   doesn't exist.  Ignored.
### build\compilers\GC\3.0a5.2\mwldeppc.exe Linker Warning:
#   FORCEACTIVE symbol 'lbl_114_data_86A8' is either not a global symbol or 
#   doesn't exist.  Ignored.
### build\compilers\GC\3.0a5.2\mwldeppc.exe Linker Warning:
#   FORCEACTIVE symbol 'lbl_114_data_86D0' is either not a global symbol or 
#   doesn't exist.  Ignored.
### build\compilers\GC\3.0a5.2\mwldeppc.exe Linker Warning:
#   FORCEACTIVE symbol 'lbl_114_bss_1D0' is either not a global symbol or 
#   doesn't exist.  Ignored.
### build\compilers\GC\3.0a5.2\mwldeppc.exe Linker Warning:
#   FORCEACTIVE symbol 'lbl_114_bss_1E0' is either not a global symbol or 
#   doesn't exist.  Ignored.
### build\compilers\GC\3.0a5.2\mwldeppc.exe Linker Warning:
#   FORCEACTIVE symbol 'lbl_114_bss_1F0' is either not a global symbol or 
#   doesn't exist.  Ignored.
### build\compilers\GC\3.0a5.2\mwldeppc.exe Linker Warning:
#   FORCEACTIVE symbol 'lbl_114_bss_200' is either not a global symbol or 
#   doesn't exist.  Ignored.
### build\compilers\GC\3.0a5.2\mwldeppc.exe Linker Warning:
#   FORCEACTIVE symbol 'lbl_114_bss_220' is either not a global symbol or 
#   doesn't exist.  Ignored.
### build\compilers\GC\3.0a5.2\mwldeppc.exe Linker Warning:
#   FORCEACTIVE symbol 'lbl_114_bss_230' is either not a global symbol or 
#   doesn't exist.  Ignored.
### build\compilers\GC\3.0a5.2\mwldeppc.exe Linker Warning:
#   FORCEACTIVE symbol 'lbl_114_bss_240' is either not a global symbol or 
#   doesn't exist.  Ignored.
### build\compilers\GC\3.0a5.2\mwldeppc.exe Linker Warning:
#   FORCEACTIVE symbol 'lbl_114_bss_250' is either not a global symbol or 
#   doesn't exist.  Ignored.
[500/538] MWCC build\RSBE01_01\src\sora\gf\gf_task_scheduler.o
[501/538] MWCC build\RSBE01_01\src\sora\mt\mt_trig.o
[502/538] MWCC build\RSBE01_01\src\sora\ip\ip_network_producer.o
[503/538] MWCC build\RSBE01_01\src\sora\cm\cm_controller_menu_pad.o
[504/538] MWCC build\RSBE01_01\src\sora\ut\ut_relocate.o
[505/538] MWCC build\RSBE01_01\src\sora\nt\nt_report.o
[506/538] MWCC build\RSBE01_01\src\mo_scene\sora_scene\sc_adv_gameover.o
[507/538] MWCC build\RSBE01_01\src\mo_fighter\ft_marth\ft_marth.o
[508/538] MWCC build\RSBE01_01\src\sora\ty\ty_fig_listmng.o
[509/538] MWCC build\RSBE01_01\src\mo_fighter\ft_marth\ft_marth_status_uniq_process_special_final.o
[510/538] MWCC build\RSBE01_01\src\mo_fighter\ft_marth\if_marth_final.o
[511/538] MWCC build\RSBE01_01\src\sora\ac\ac_cmd_interpreter.o
[512/538] MWCC build\RSBE01_01\src\mo_stage\st_battle\gr_battle_ground.o
[513/538] MWCC build\RSBE01_01\src\mo_stage\st_battle\gr_battle.o
[514/538] MWCC build\RSBE01_01\src\mo_fighter\ft_ness\ft_ness_status_uniq_process_special_hi_attack.o
[515/538] MWCC build\RSBE01_01\src\mo_fighter\ft_marth\ft_marth_status_uniq_process_special_hi.o
### mwcceppc.exe Compiler:
#    File: src\mo_fighter\ft_marth\ft_marth_status_uniq_process_special_hi.cpp
# ----------------------------------------------------------------------------
#      47:         stop->resetEnergy(6, &Vec2f(speedX, zero), &Vec3f(0.0f, 0.0f, 0.0f), moduleAccesser);  
# Warning:                                                  ^
#   (10142) not an lvalue
### mwcceppc.exe Compiler:
#      47: p->resetEnergy(6, &Vec2f(speedX, zero), &Vec3f(0.0f, 0.0f, 0.0f), moduleAccesser);  
# Warning:                                                                 ^
#   (10142) not an lvalue
### mwcceppc.exe Compiler:
#      49:         gravity->resetEnergy(0, &Vec2f(0.0f, zero), &Vec3f(0.0f, 0.0f, 0.0f), moduleAccesser);  
# Warning:                                                   ^
#   (10142) not an lvalue
### mwcceppc.exe Compiler:
#      49: ity->resetEnergy(0, &Vec2f(0.0f, zero), &Vec3f(0.0f, 0.0f, 0.0f), moduleAccesser);  
# Warning:                                                                 ^
#   (10142) not an lvalue
### mwcceppc.exe Compiler:
#      52:         normal->resetEnergy(5, &Vec2f(0.0f, 0.0f), &Vec3f(0.0f, 0.0f, 0.0f), moduleAccesser);  
# Warning:                                                  ^
#   (10142) not an lvalue
### mwcceppc.exe Compiler:
#      52: mal->resetEnergy(5, &Vec2f(0.0f, 0.0f), &Vec3f(0.0f, 0.0f, 0.0f), moduleAccesser);  
# Warning:                                                                 ^
#   (10142) not an lvalue
### mwcceppc.exe Compiler:
#      57:         normal->resetEnergy(3, &Vec2f(0.0f, 0.0f), &Vec3f(0.0f, 0.0f, 0.0f), moduleAccesser);  
# Warning:                                                  ^
#   (10142) not an lvalue
### mwcceppc.exe Compiler:
#      57: mal->resetEnergy(3, &Vec2f(0.0f, 0.0f), &Vec3f(0.0f, 0.0f, 0.0f), moduleAccesser);  
# Warning:                                                                 ^
#   (10142) not an lvalue
### mwcceppc.exe Compiler:
#      98:                 gravity->resetEnergy(0, &Vec2f(0.0f, speed.m_y), &Vec3f(0.0f, 0.0f, 0.0f), moduleAccesser);  
# Warning:                                                                ^
#   (10142) not an lvalue
### mwcceppc.exe Compiler:
#      98: resetEnergy(0, &Vec2f(0.0f, speed.m_y), &Vec3f(0.0f, 0.0f, 0.0f), moduleAccesser);  
# Warning:                                                                 ^
#   (10142) not an lvalue
### mwcceppc.exe Compiler:
#     106:              controller->resetEnergy(11, &Vec2f(speed.m_x, 0.0f), &Vec3f(0.0f, 0.0f, 0.0f), moduleAccesser);  
# Warning:                                                                 ^
#   (10142) not an lvalue
### mwcceppc.exe Compiler:
#     106: esetEnergy(11, &Vec2f(speed.m_x, 0.0f), &Vec3f(0.0f, 0.0f, 0.0f), moduleAccesser);  
# Warning:                                                                 ^
#   (10142) not an lvalue
[516/538] MWCC build\RSBE01_01\src\mo_stage\st_dxonett\st_dxonett.o
[517/538] MWCC build\RSBE01_01\src\mo_stage\st_kart\st_kart.o
[518/538] MWCC build\RSBE01_01\src\mo_stage\st_dxgreens\st_dxgreens.o
[519/538] MWCC build\RSBE01_01\src\mo_stage\st_battle\st_battle.o
[520/538] MWCC build\RSBE01_01\src\mo_fighter\ft_lucas\ft_lucas_status_uniq_process_special_hi_attack.o
[521/538] MWCC build\RSBE01_01\src\mo_fighter\ft_metaknight\ft_metaknight_status_uniq_process_final_hit_wait.o
[522/538] MWCC build\RSBE01_01\src\mo_fighter\ft_ike\ft_ike_status_uniq_process_special_s.o
### mwcceppc.exe Compiler:
#    File: src\mo_fighter\ft_ike\ft_ike_status_uniq_process_special_s.cpp
# -----------------------------------------------------------------------
#      54:                 gravity->resetEnergy(0, &Vec2f(0.0f, speedY), &Vec3f(0.0f, 0.0f, 0.0f), moduleAccesser);  
# Warning:                                                             ^
#   (10142) not an lvalue
### mwcceppc.exe Compiler:
#      54: y->resetEnergy(0, &Vec2f(0.0f, speedY), &Vec3f(0.0f, 0.0f, 0.0f), moduleAccesser);  
# Warning:                                                                 ^
#   (10142) not an lvalue
### mwcceppc.exe Compiler:
#      70:                 stop->resetEnergy(6, &Vec2f(speedX, 0.0f), &Vec3f(0.0f, 0.0f, 0.0f), moduleAccesser);  
# Warning:                                                          ^
#   (10142) not an lvalue
### mwcceppc.exe Compiler:
#      70: p->resetEnergy(6, &Vec2f(speedX, 0.0f), &Vec3f(0.0f, 0.0f, 0.0f), moduleAccesser);  
# Warning:                                                                 ^
#   (10142) not an lvalue
### mwcceppc.exe Compiler:
#      71: ValueAccesser::getConstantFloat(moduleAccesser, 0xFA8, 0), 0.0f));  
# Warning:                                                                 ^
#   (10142) not an lvalue
### mwcceppc.exe Compiler:
#      76:                 stop->resetEnergy(0, &Vec2f(speedX, 0.0f), &Vec3f(0.0f, 0.0f, 0.0f), moduleAccesser);  
# Warning:                                                          ^
#   (10142) not an lvalue
### mwcceppc.exe Compiler:
#      76: p->resetEnergy(0, &Vec2f(speedX, 0.0f), &Vec3f(0.0f, 0.0f, 0.0f), moduleAccesser);  
# Warning:                                                                 ^
#   (10142) not an lvalue
### mwcceppc.exe Compiler:
#      77: ValueAccesser::getConstantFloat(moduleAccesser, 0xFA7, 0), 0.0f));  
# Warning:                                                                 ^
#   (10142) not an lvalue
### mwcceppc.exe Compiler:
#      80:             fn_119_B6CC(&stop->m_28, &Vec2f(-1.0f, 0.0f));  
# Warning:                                                         ^
#   (10142) not an lvalue
### mwcceppc.exe Compiler:
#     102:                 gravity->resetEnergy(0, &Vec2f(0.0f, speedY), &Vec3f(0.0f, 0.0f, 0.0f), moduleAccesser);  
# Warning:                                                             ^
#   (10142) not an lvalue
### mwcceppc.exe Compiler:
#     102: y->resetEnergy(0, &Vec2f(0.0f, speedY), &Vec3f(0.0f, 0.0f, 0.0f), moduleAccesser);  
# Warning:                                                                 ^
#   (10142) not an lvalue
### mwcceppc.exe Compiler:
#     113:             stop->resetEnergy(resetType, &Vec2f(speedX, 0.0f), &Vec3f(0.0f, 0.0f, 0.0f), moduleAccesser);  
# Warning:                                                              ^
#   (10142) not an lvalue
### mwcceppc.exe Compiler:
#     113: Energy(resetType, &Vec2f(speedX, 0.0f), &Vec3f(0.0f, 0.0f, 0.0f), moduleAccesser);  
# Warning:                                                                 ^
#   (10142) not an lvalue
### mwcceppc.exe Compiler:
#     114:             fn_119_B6CC(&stop->m_28, &Vec2f(-1.0f, 0.0f));  
# Warning:                                                         ^
#   (10142) not an lvalue
### mwcceppc.exe Compiler:
#     141:                     stop->resetEnergy(6, &Vec2f(speedX, 0.0f), &Vec3f(0.0f, 0.0f, 0.0f), moduleAccesser);  
# Warning:                                                              ^
#   (10142) not an lvalue
### mwcceppc.exe Compiler:
#     141: p->resetEnergy(6, &Vec2f(speedX, 0.0f), &Vec3f(0.0f, 0.0f, 0.0f), moduleAccesser);  
# Warning:                                                                 ^
#   (10142) not an lvalue
### mwcceppc.exe Compiler:
#     142: ValueAccesser::getConstantFloat(moduleAccesser, 0xFA8, 0), 0.0f));  
# Warning:                                                                 ^
#   (10142) not an lvalue
### mwcceppc.exe Compiler:
#     144:                     stop->resetEnergy(0, &Vec2f(speedX, 0.0f), &Vec3f(0.0f, 0.0f, 0.0f), moduleAccesser);  
# Warning:                                                              ^
#   (10142) not an lvalue
### mwcceppc.exe Compiler:
#     144: p->resetEnergy(0, &Vec2f(speedX, 0.0f), &Vec3f(0.0f, 0.0f, 0.0f), moduleAccesser);  
# Warning:                                                                 ^
#   (10142) not an lvalue
### mwcceppc.exe Compiler:
#     145: ValueAccesser::getConstantFloat(moduleAccesser, 0xFA7, 0), 0.0f));  
# Warning:                                                                 ^
#   (10142) not an lvalue
### mwcceppc.exe Compiler:
#     147:                 fn_119_B6CC(&stop->m_28, &Vec2f(-1.0f, 0.0f));  
# Warning:                                                             ^
#   (10142) not an lvalue
### mwcceppc.exe Compiler:
#     164:             fn_119_B6CC(&stop->m_speed, &Vec2f(speedX, currentY));  
# Warning:                                                                 ^
#   (10142) not an lvalue
### mwcceppc.exe Compiler:
#     174:                   stop->resetEnergy(6, &Vec2f(current.m_x, 0.0f), &Vec3f(0.0f, 0.0f, 0.0f), moduleAccesser);  
# Warning:                                                                 ^
#   (10142) not an lvalue
### mwcceppc.exe Compiler:
#     174: setEnergy(6, &Vec2f(current.m_x, 0.0f), &Vec3f(0.0f, 0.0f, 0.0f), moduleAccesser);  
# Warning:                                                                 ^
#   (10142) not an lvalue
### mwcceppc.exe Compiler:
#     175:                gravity->resetEnergy(0, &Vec2f(0.0f, current.m_y), &Vec3f(0.0f, 0.0f, 0.0f), moduleAccesser);  
# Warning:                                                                 ^
#   (10142) not an lvalue
### mwcceppc.exe Compiler:
#     175: setEnergy(0, &Vec2f(0.0f, current.m_y), &Vec3f(0.0f, 0.0f, 0.0f), moduleAccesser);  
# Warning:                                                                 ^
#   (10142) not an lvalue
### mwcceppc.exe Compiler:
#     178:                   stop->resetEnergy(0, &Vec2f(current.m_x, 0.0f), &Vec3f(0.0f, 0.0f, 0.0f), moduleAccesser);  
# Warning:                                                                 ^
#   (10142) not an lvalue
### mwcceppc.exe Compiler:
#     178: setEnergy(0, &Vec2f(current.m_x, 0.0f), &Vec3f(0.0f, 0.0f, 0.0f), moduleAccesser);  
# Warning:                                                                 ^
#   (10142) not an lvalue
### mwcceppc.exe Compiler:
#     181:                 fn_119_B6CC(&stop->m_28, &Vec2f(-1.0f, 0.0f));  
# Warning:                                                             ^
#   (10142) not an lvalue
[523/538] MWCC build\RSBE01_01\src\mo_fighter\ft_ike\ft_ike_status_uniq_process_special_hi.o
### mwcceppc.exe Compiler:
#    File: src\mo_fighter\ft_ike\ft_ike_status_uniq_process_special_hi.cpp
# ------------------------------------------------------------------------
#      37:                 controller->resetEnergy(11, &Vec2f(0.0f, 0.0f), &Vec3f(0.0f, 0.0f, 0.0f), moduleAccesser);  
# Warning:                                                               ^
#   (10142) not an lvalue
### mwcceppc.exe Compiler:
#      37: er->resetEnergy(11, &Vec2f(0.0f, 0.0f), &Vec3f(0.0f, 0.0f, 0.0f), moduleAccesser);  
# Warning:                                                                 ^
#   (10142) not an lvalue
### mwcceppc.exe Compiler:
#      40:                 controller->resetEnergy(0, &Vec2f(0.0f, 0.0f), &Vec3f(0.0f, 0.0f, 0.0f), moduleAccesser);  
# Warning:                                                              ^
#   (10142) not an lvalue
### mwcceppc.exe Compiler:
#      40: ler->resetEnergy(0, &Vec2f(0.0f, 0.0f), &Vec3f(0.0f, 0.0f, 0.0f), moduleAccesser);  
# Warning:                                                                 ^
#   (10142) not an lvalue
### mwcceppc.exe Compiler:
#      44:       fn_119_B6CC(&controller->m_18, &Vec2f(param->m_7C, 100.0f));  
# Warning:                                                                 ^
#   (10142) not an lvalue
### mwcceppc.exe Compiler:
#      53:                 normal->resetEnergy(3, &Vec2f(0.0f, 0.0f), &Vec3f(0.0f, 0.0f, 0.0f), moduleAccesser);  
# Warning:                                                          ^
#   (10142) not an lvalue
### mwcceppc.exe Compiler:
#      53: mal->resetEnergy(3, &Vec2f(0.0f, 0.0f), &Vec3f(0.0f, 0.0f, 0.0f), moduleAccesser);  
# Warning:                                                                 ^
#   (10142) not an lvalue
### mwcceppc.exe Compiler:
#      55:                 normal->resetEnergy(5, &Vec2f(0.0f, 0.0f), &Vec3f(0.0f, 0.0f, 0.0f), moduleAccesser);  
# Warning:                                                          ^
#   (10142) not an lvalue
### mwcceppc.exe Compiler:
#      55: mal->resetEnergy(5, &Vec2f(0.0f, 0.0f), &Vec3f(0.0f, 0.0f, 0.0f), moduleAccesser);  
# Warning:                                                                 ^
#   (10142) not an lvalue
### mwcceppc.exe Compiler:
#      79:              controller->resetEnergy(11, &Vec2f(speed.m_x, 0.0f), &Vec3f(0.0f, 0.0f, 0.0f), moduleAccesser);  
# Warning:                                                                 ^
#   (10142) not an lvalue
### mwcceppc.exe Compiler:
#      79: esetEnergy(11, &Vec2f(speed.m_x, 0.0f), &Vec3f(0.0f, 0.0f, 0.0f), moduleAccesser);  
# Warning:                                                                 ^
#   (10142) not an lvalue
### mwcceppc.exe Compiler:
#      82:               controller->resetEnergy(0, &Vec2f(speed.m_x, 0.0f), &Vec3f(0.0f, 0.0f, 0.0f), moduleAccesser);  
# Warning:                                                                 ^
#   (10142) not an lvalue
### mwcceppc.exe Compiler:
#      82: resetEnergy(0, &Vec2f(speed.m_x, 0.0f), &Vec3f(0.0f, 0.0f, 0.0f), moduleAccesser);  
# Warning:                                                                 ^
#   (10142) not an lvalue
### mwcceppc.exe Compiler:
#      86:       fn_119_B6CC(&controller->m_18, &Vec2f(param->m_7C, 100.0f));  
# Warning:                                                                 ^
#   (10142) not an lvalue
### mwcceppc.exe Compiler:
#     103:                 controller->resetEnergy(0, &Vec2f(0.0f, 0.0f), &Vec3f(0.0f, 0.0f, 0.0f), moduleAccesser);  
# Warning:                                                              ^
#   (10142) not an lvalue
### mwcceppc.exe Compiler:
#     103: ler->resetEnergy(0, &Vec2f(0.0f, 0.0f), &Vec3f(0.0f, 0.0f, 0.0f), moduleAccesser);  
# Warning:                                                                 ^
#   (10142) not an lvalue
### mwcceppc.exe Compiler:
#     105:       fn_119_B6CC(&controller->m_18, &Vec2f(param->m_7C, 100.0f));  
# Warning:                                                                 ^
#   (10142) not an lvalue
[524/538] MWCC build\RSBE01_01\src\mo_fighter\ft_ike\ft_ike_status_uniq_process_special_lw.o
### mwcceppc.exe Compiler:
#    File: src\mo_fighter\ft_ike\ft_ike_status_uniq_process_special_lw.cpp
# ------------------------------------------------------------------------
#      38:                 stop->resetEnergy(0, &Vec2f(speed.m_x, 0.0f), &Vec3f(0.0f, 0.0f, 0.0f), moduleAccesser);  
# Warning:                                                             ^
#   (10142) not an lvalue
### mwcceppc.exe Compiler:
#      38: resetEnergy(0, &Vec2f(speed.m_x, 0.0f), &Vec3f(0.0f, 0.0f, 0.0f), moduleAccesser);  
# Warning:                                                                 ^
#   (10142) not an lvalue
### mwcceppc.exe Compiler:
#      46:                 stop->resetEnergy(6, &Vec2f(speedX, zero), &Vec3f(0.0f, 0.0f, 0.0f), moduleAccesser);  
# Warning:                                                          ^
#   (10142) not an lvalue
### mwcceppc.exe Compiler:
#      46: p->resetEnergy(6, &Vec2f(speedX, zero), &Vec3f(0.0f, 0.0f, 0.0f), moduleAccesser);  
# Warning:                                                                 ^
#   (10142) not an lvalue
### mwcceppc.exe Compiler:
#      50: lueAccesser::getConstantFloat(moduleAccesser, 0xFB6, 0), brakeY));  
# Warning:                                                                 ^
#   (10142) not an lvalue
### mwcceppc.exe Compiler:
#      52:                 gravity->resetEnergy(0, &Vec2f(0.0f, zero), &Vec3f(0.0f, 0.0f, 0.0f), moduleAccesser);  
# Warning:                                                           ^
#   (10142) not an lvalue
### mwcceppc.exe Compiler:
#      52: ity->resetEnergy(0, &Vec2f(0.0f, zero), &Vec3f(0.0f, 0.0f, 0.0f), moduleAccesser);  
# Warning:                                                                 ^
#   (10142) not an lvalue
### mwcceppc.exe Compiler:
#      92:                     stop->resetEnergy(0, &Vec2f(speed.m_x, 0.0f), &Vec3f(0.0f, 0.0f, 0.0f), moduleAccesser);  
# Warning:                                                                 ^
#   (10142) not an lvalue
### mwcceppc.exe Compiler:
#      92: resetEnergy(0, &Vec2f(speed.m_x, 0.0f), &Vec3f(0.0f, 0.0f, 0.0f), moduleAccesser);  
# Warning:                                                                 ^
#   (10142) not an lvalue
### mwcceppc.exe Compiler:
#      98:                     stop->resetEnergy(6, &Vec2f(speedX, 0.0f), &Vec3f(0.0f, 0.0f, 0.0f), moduleAccesser);  
# Warning:                                                              ^
#   (10142) not an lvalue
### mwcceppc.exe Compiler:
#      98: p->resetEnergy(6, &Vec2f(speedX, 0.0f), &Vec3f(0.0f, 0.0f, 0.0f), moduleAccesser);  
# Warning:                                                                 ^
#   (10142) not an lvalue
### mwcceppc.exe Compiler:
#      99: ValueAccesser::getConstantFloat(moduleAccesser, 0xFB6, 0), 0.0f));  
# Warning:                                                                 ^
#   (10142) not an lvalue
### mwcceppc.exe Compiler:
#     101:                     gravity->resetEnergy(0, &Vec2f(0.0f, speedY), &Vec3f(0.0f, 0.0f, 0.0f), moduleAccesser);  
# Warning:                                                                 ^
#   (10142) not an lvalue
### mwcceppc.exe Compiler:
#     101: y->resetEnergy(0, &Vec2f(0.0f, speedY), &Vec3f(0.0f, 0.0f, 0.0f), moduleAccesser);  
# Warning:                                                                 ^
#   (10142) not an lvalue
[525/538] MWCC build\RSBE01_01\src\mo_stage\st_dxbigblue\st_dxbigblue.o
[526/538] MWCC build\RSBE01_01\src\mo_stage\st_oldin\st_oldin.o
[527/538] MWCC build\RSBE01_01\src\mo_stage\st_emblem\st_emblem.o
[528/538] MWCC build\RSBE01_01\src\mo_stage\st_tbreak\st_tbreak.o
[529/538] MWCC build\RSBE01_01\src\mo_fighter\ft_ike\ft_ike_status_uniq_process_final.o
### mwcceppc.exe Compiler:
#    File: src\mo_fighter\ft_ike\ft_ike_status_uniq_process_final.cpp
# -------------------------------------------------------------------
#      95:             gravity->resetEnergy(0, &Vec2f(0.0f, speed), &Vec3f(0.0f, 0.0f, 0.0f), moduleAccesser);  
# Warning:                                                        ^
#   (10142) not an lvalue
### mwcceppc.exe Compiler:
#      95: ty->resetEnergy(0, &Vec2f(0.0f, speed), &Vec3f(0.0f, 0.0f, 0.0f), moduleAccesser);  
# Warning:                                                                 ^
#   (10142) not an lvalue
### mwcceppc.exe Compiler:
#     106:             gravity->resetEnergy(0, &Vec2f(0.0f, -speed), &Vec3f(0.0f, 0.0f, 0.0f), moduleAccesser);  
# Warning:                                                         ^
#   (10142) not an lvalue
### mwcceppc.exe Compiler:
#     106: y->resetEnergy(0, &Vec2f(0.0f, -speed), &Vec3f(0.0f, 0.0f, 0.0f), moduleAccesser);  
# Warning:                                                                 ^
#   (10142) not an lvalue
### mwcceppc.exe Compiler:
#     168:                 gravity->resetEnergy(0, &Vec2f(0.0f, -speed), &Vec3f(0.0f, 0.0f, 0.0f), moduleAccesser);  
# Warning:                                                             ^
#   (10142) not an lvalue
### mwcceppc.exe Compiler:
#     168: y->resetEnergy(0, &Vec2f(0.0f, -speed), &Vec3f(0.0f, 0.0f, 0.0f), moduleAccesser);  
# Warning:                                                                 ^
#   (10142) not an lvalue
[530/538] LINK build\RSBE01_01\main.elf
### build\compilers\GC\3.0a5.2\mwldeppc.exe Linker Warning:
#   FORCEACTIVE symbol '__sinit_\gf_shutdown_manager_cpp' is either not a 
#   global symbol or doesn't exist.  Ignored.
[531/538] DOL build\RSBE01_01\main.dol
[532/538] MWCC build\RSBE01_01\src\mo_fighter\ft_purin\ft_purin.o
### mwcceppc.exe Compiler:
#      In: include\lib\BrawlHeaders\Brawl\Include\so\so_module_accesser_build_data.h
#    From: src\mo_fighter\ft_purin\ft_purin.cpp
# ---------------------------------------------
#      31:         return rect;  
# Warning:                    ^
#   (10326) function result is a pointer/reference to an automatic/temporary 
#   variable
[533/538] REL
[534/538] CHECK config\RSBE01_01\binary-manifest.json
127 files OK
OK: 127/127 binaries verified
[535/538] REPORT
[536/538] PROGRESS
Progress:
  All: 1.95% matched, 1.52% linked (578 / 4405 files)
    Code: 309080 / 15833548 bytes (3661 / 92521 functions)
    Data: 856592 / 5667436 bytes (15.11%)
  DOL: 1.41% matched, 0.88% linked (67 / 1722 files)
    Code: 58648 / 4170064 bytes (517 / 14278 functions)
    Data: 6732 / 1724104 bytes (0.39%)
  Modules: 2.15% matched, 1.75% linked (511 / 2683 files)
    Code: 250432 / 11663484 bytes (3144 / 78243 functions)
    Data: 849860 / 3943332 bytes (21.55%)
PASS: OK: 127/127 binaries verified
$ C:\Users\balla\Documents\Brawl Decompile\.venv\Scripts\python.exe tools/verify_manifest.py config/RSBE01_01/binary-manifest.json --sha1-file config/RSBE01_01/build.sha1 --orig --dtk C:\Users\balla\Documents\Brawl Decompile\brawl\build\tools\dtk.exe
127 files OK
OK: 127/127 binaries verified
PASS: independent check 127/127, verifier tests OK, originals unchanged
$ C:\Users\balla\Documents\Brawl Decompile\.venv\Scripts\python.exe C:\Users\balla\Documents\Brawl Decompile\research\claude_tools\probe_source_rel.py ft_metaknight mo_fighter/ft_metaknight/ft_metaknight_status_uniq_process_final_attack_gallery
Original: 133744 6a88d88fdf8dda6a2a719ac92d176e0cd6f79670
Source probe: 133744 6a88d88fdf8dda6a2a719ac92d176e0cd6f79670
Full REL byte match: True
PASS: full-REL probe for ft_metaknight (mo_fighter/ft_metaknight/ft_metaknight_status_uniq_process_final_attack_gallery)
$ C:\Users\balla\Documents\Brawl Decompile\.venv\Scripts\python.exe C:\Users\balla\Documents\Brawl Decompile\research\claude_tools\probe_source_rel.py ft_metaknight mo_fighter/ft_metaknight/ft_metaknight_status_uniq_process_final_end
Original: 133744 6a88d88fdf8dda6a2a719ac92d176e0cd6f79670
Source probe: 133744 6a88d88fdf8dda6a2a719ac92d176e0cd6f79670
Full REL byte match: True
PASS: full-REL probe for ft_metaknight (mo_fighter/ft_metaknight/ft_metaknight_status_uniq_process_final_end)
$ C:\Users\balla\Documents\Brawl Decompile\.venv\Scripts\python.exe C:\Users\balla\Documents\Brawl Decompile\research\claude_tools\probe_source_rel.py st_heal mo_stage/st_heal/st_heal
Original: 14312 c5e0b6cf84f676e01b240c59d4b6f31e14cc16eb
Source probe: 14312 c5e0b6cf84f676e01b240c59d4b6f31e14cc16eb
Full REL byte match: True
PASS: full-REL probe for st_heal (mo_stage/st_heal/st_heal)
$ C:\Users\balla\Documents\Brawl Decompile\.venv\Scripts\python.exe C:\Users\balla\Documents\Brawl Decompile\research\claude_tools\mk_status_page.py
wrote C:\Users\balla\Documents\Brawl Decompile\research\status\brawl_status.html total 1.51%, 9 cards, 7 near-misses
INTEGRATED 3 commit(s). HEAD 4b478ca Park Meta Knight final hit wait at 11 of 12 functions
