Checkout: C:\Users\balla\Documents\Brawl Decompile\brawl-codex7 (codex/ike)
$ C:\Users\balla\Documents\Brawl Decompile\.venv\Scripts\ninja.exe
[1/2] SPLIT config\RSBE01_01\config.yml
 WARN Alignment for mo_fighter/ft_marth/ft_marth_status_uniq_process_special_hi.cpp .data expected 8, but starts at 4:0x00005584
[2/2] RUN configure.py
[1/4] SPLIT config\RSBE01_01\config.yml
 WARN Alignment for mo_fighter/ft_marth/ft_marth_status_uniq_process_special_hi.cpp .data expected 8, but starts at 4:0x00005584
[2/4] RUN configure.py
[1/499] MWCC build\RSBE01_01\src\global_destructor_chain.o
[2/499] MWCC build\RSBE01_01\src\mo_scene\sora_scene\sc_demo.o
[3/499] MWCC build\RSBE01_01\src\mo_scene\sora_scene\sc_tutorial.o
[4/499] MWCC build\RSBE01_01\src\mo_scene\sora_scene\sc_staffroll.o
[5/499] MWCC build\RSBE01_01\src\mo_scene\sora_scene\sc_seal_list.o
[6/499] MWCC build\RSBE01_01\src\mo_scene\sora_scene\sc_net_time_result.o
[7/499] MWCC build\RSBE01_01\src\mo_scene\sora_scene\sc_adv_selchar.o
[8/499] MWCC build\RSBE01_01\src\mo_scene\sora_scene\sc_adv_saveload.o
[9/499] MWCC build\RSBE01_01\src\mo_scene\sora_scene\sc_adv_result.o
[10/499] MWCC build\RSBE01_01\src\mo_scene\mo_scene.o
[11/499] MWCC build\RSBE01_01\src\home_button_icon.o
[12/499] MWCC build\RSBE01_01\src\mo_menu\mo_menu.o
[13/499] MWCC build\RSBE01_01\src\mo_menu\sora_menu_sel_char_access\sel_char_access.o
[14/499] MWCC build\RSBE01_01\src\mo_scene\sora_scene\sc_seal_disp.o
[15/499] MWCC build\RSBE01_01\src\mo_melee\sora_melee\so\so_heap_module_impl.o
[16/499] MWCC build\RSBE01_01\src\mo_scene\sora_scene\sc_adv_diff.o
### mwcceppc.exe Compiler:
#    File: src\mo_scene\sora_scene\sc_adv_diff.cpp
# ------------------------------------------------
#      67: }  
# Warning: ^
#   (33058) <string not found>
[17/499] MWCC build\RSBE01_01\src\mo_melee\sora_melee\so\so_general_work_abstract.o
[18/499] MWCC build\RSBE01_01\src\mo_melee\sora_melee\so\so_general_work_simple.o
[19/499] MWCC build\RSBE01_01\src\mo_melee\sora_melee\so\so_general_work.o
[20/499] MWCC build\RSBE01_01\src\mo_melee\sora_melee\so\model\so_model_module_simple.o
[21/499] MWCC build\RSBE01_01\src\mo_melee\sora_melee\so\anim\so_anim_chr.o
[22/499] MWCC build\RSBE01_01\src\mo_melee\sora_melee\so\model\so_model_virtual_node.o
[23/499] MWCC build\RSBE01_01\src\mo_adv_menu\mo_adv_menu.o
[24/499] MWCC build\RSBE01_01\src\mo_melee\sora_melee\so\so_resource_module_impl.o
[25/499] MWCC build\RSBE01_01\src\mo_adv_menu\sora_adv_menu_game_over\mu_adv_game_over.o
[26/499] MWCC build\RSBE01_01\src\mo_melee\sora_melee\ft\ft_class_info.o
[27/499] MWCC build\RSBE01_01\src\mo_adv_stage\mo_adv_stage.o
[28/499] MWCC build\RSBE01_01\src\mo_melee\mo_melee.o
[29/499] MWCC build\RSBE01_01\src\mo_melee\sora_melee\so\so_common_data_accesser.o
[30/499] MWCC build\RSBE01_01\src\mo_melee\sora_melee\so\so_photo_call_back.o
[31/499] MWCC build\RSBE01_01\src\mo_enemy\sora_enemy\wnem\wn_em_heap_module_impl.o
[32/499] MWCC build\RSBE01_01\src\mo_adv_menu\sora_adv_menu_telop\mu_adv_telop_task.o
[33/499] MWCC build\RSBE01_01\src\mo_melee\sora_melee\so\model\so_model_module_impl_variable.o
[34/499] MWCC build\RSBE01_01\src\mo_melee\sora_melee\so\so_controller_module_link_ref.o
[35/499] MWCC build\RSBE01_01\src\mo_melee\sora_melee\so\so_module_accesser.o
[36/499] MWCC build\RSBE01_01\src\mo_melee\sora_melee\so\anim\so_anim_cmd_interpreter_effect.o
[37/499] MWCC build\RSBE01_01\src\mo_enemy\sora_enemy\wnem\wn_em_resource_module_impl.o
[38/499] MWCC build\RSBE01_01\src\mo_melee\sora_melee\ft\ft_extend_param_accesser.o
[39/499] MWCC build\RSBE01_01\src\mo_melee\sora_melee\ft\ft_fighter_build_data.o
### mwcceppc.exe Compiler:
#      In: include\lib\BrawlHeaders\Brawl\Include\so\so_module_accesser_build_data.h
#    From: src\mo_melee\sora_melee\ft\ft_fighter_build_data.cpp
# -------------------------------------------------------------
#      31:         return rect;  
# Warning:                    ^
#   (10326) function result is a pointer/reference to an automatic/temporary 
#   variable
[40/499] MWCC build\RSBE01_01\src\mo_melee\sora_melee\st\st_common_gimmick.o
[41/499] MWCC build\RSBE01_01\src\mo_adv_stage\gr_adventure_final.o
[42/499] MWCC build\RSBE01_01\src\mo_enemy\sora_enemy\stop\em_stop_module_impl.o
[43/499] MWCC build\RSBE01_01\src\mo_enemy\sora_enemy\em_extend_param_accesser.o
[44/499] MWCC build\RSBE01_01\src\mo_enemy\sora_enemy\em_create.o
[45/499] MWCC build\RSBE01_01\src\mo_enemy\sora_enemy\resource\em_resource_module_impl.o
[46/499] MWCC build\RSBE01_01\src\mo_enemy\sora_enemy\em_target_search_unit.o
[47/499] MWCC build\RSBE01_01\src\mo_enemy\sora_enemy\em_external_value_accesser.o
[48/499] MWCC build\RSBE01_01\src\mo_enemy\sora_enemy\em_info.o
[49/499] MWCC build\RSBE01_01\src\mo_enemy\sora_enemy\boobas\em_boobas_param_accesser.o
[50/499] MWCC build\RSBE01_01\src\mo_enemy\sora_enemy\wnem\wn_em_report.o
[51/499] MWCC build\RSBE01_01\src\mo_enemy\sora_enemy\siralamos\em_siralamos_param_accesser.o
[52/499] MWCC build\RSBE01_01\src\mo_enemy\sora_enemy\roada\em_roada_param_accesser.o
[53/499] MWCC build\RSBE01_01\src\mo_enemy\sora_enemy\killer\em_killer_param_accesser.o
[54/499] MWCC build\RSBE01_01\src\mo_enemy\sora_enemy\popperam\em_popperam_param_accesser.o
[55/499] MWCC build\RSBE01_01\src\mo_enemy\sora_enemy\pacci\em_pacci_param_accesser.o
[56/499] MWCC build\RSBE01_01\src\mo_enemy\sora_enemy\jyakeel\em_jyakeel_param_accesser.o
[57/499] MWCC build\RSBE01_01\src\mo_enemy\sora_enemy\aroaros\em_aroaros_param_accesser.o
[58/499] MWCC build\RSBE01_01\src\mo_enemy\sora_enemy\cymal\em_cymal_param_accesser.o
[59/499] MWCC build\RSBE01_01\src\mo_enemy\sora_enemy\deathpod\em_deathpod_param_accesser.o
[60/499] MWCC build\RSBE01_01\src\mo_enemy\sora_enemy\dekakuribo\em_dekakuribo_param_accesser.o
[61/499] MWCC build\RSBE01_01\src\mo_enemy\sora_enemy\bucyulus\em_bucyulus_param_accesser.o
[62/499] MWCC build\RSBE01_01\src\mo_enemy\sora_enemy\botron\em_botron_param_accesser.o
[63/499] MWCC build\RSBE01_01\src\mo_enemy\sora_enemy\gyraan\em_gyraan_param_accesser.o
[64/499] MWCC build\RSBE01_01\src\mo_enemy\sora_enemy\mite\em_mite_param_accesser.o
[65/499] MWCC build\RSBE01_01\src\mo_enemy\sora_enemy\prim\em_prim_param_accesser.o
[66/499] MWCC build\RSBE01_01\src\mo_enemy\sora_enemy\cataguard\em_cataguard_param_accesser.o
[67/499] MWCC build\RSBE01_01\src\mo_enemy\sora_enemy\kuribo\em_kuribo_param_accesser.o
[68/499] MWCC build\RSBE01_01\src\mo_enemy\sora_enemy\flows\em_flows_param_accesser.o
[69/499] MWCC build\RSBE01_01\src\mo_enemy\sora_enemy\tautau\em_tautau_param_accesser.o
[70/499] MWCC build\RSBE01_01\src\mo_enemy\sora_enemy\shelly\em_shelly_param_accesser.o
[71/499] MWCC build\RSBE01_01\src\mo_enemy\sora_enemy\teckin\em_teckin_param_accesser.o
[72/499] MWCC build\RSBE01_01\src\mo_enemy\sora_enemy\spar\em_spar_param_accesser.o
[73/499] MWCC build\RSBE01_01\src\mo_enemy\sora_enemy\hammerbros\em_hammerbros_param_accesser.o
[74/499] MWCC build\RSBE01_01\src\mo_enemy\sora_enemy\kokkon\em_kokkon_param_accesser.o
[75/499] MWCC build\RSBE01_01\src\mo_enemy\sora_enemy\bombhead\em_bombhead_param_accesser.o
[76/499] MWCC build\RSBE01_01\src\mo_enemy\sora_enemy\ngagog\em_ngagog_param_accesser.o
[77/499] MWCC build\RSBE01_01\src\mo_enemy\sora_enemy\faulong\em_faulong_param_accesser.o
[78/499] MWCC build\RSBE01_01\src\mo_enemy\sora_enemy\bitan\em_bitan_param_accesser.o
[79/499] MWCC build\RSBE01_01\src\mo_enemy\sora_enemy\patapata\em_patapata_param_accesser.o
[80/499] MWCC build\RSBE01_01\src\mo_enemy\sora_enemy\jdus\em_jdus_param_accesser.o
[81/499] MWCC build\RSBE01_01\src\mo_enemy\sora_enemy\ghamgha\em_ghamgha_param_accesser.o
[82/499] MWCC build\RSBE01_01\src\mo_enemy\sora_enemy\robobeam\em_robobeam_param_accesser.o
[83/499] MWCC build\RSBE01_01\src\mo_enemy\sora_enemy\robodistance\em_robodistance_param_accesser.o
[84/499] MWCC build\RSBE01_01\src\mo_enemy\sora_enemy\robohoming\em_robohoming_param_accesser.o
[85/499] MWCC build\RSBE01_01\src\mo_enemy\sora_enemy\robopunch\em_robopunch_param_accesser.o
[86/499] MWCC build\RSBE01_01\src\mo_enemy\sora_enemy\arman\em_arman_param_accesser.o
[87/499] MWCC build\RSBE01_01\src\mo_enemy\sora_enemy\arman\wnem_proc_arman.o
[88/499] MWCC build\RSBE01_01\src\mo_enemy\sora_enemy\galfire\em_galfire_param_accesser.o
[89/499] MWCC build\RSBE01_01\src\mo_enemy\mo_enemy.o
[90/499] MWCC build\RSBE01_01\src\mo_enemy\sora_enemy\bosspackun\em_bosspackun_param_accesser.o
[91/499] MWCC build\RSBE01_01\src\mo_enemy\sora_enemy\ghamghabase\em_ghamghabase_param_accesser.o
[92/499] MWCC build\RSBE01_01\src\mo_stage\mo_stage.o
[93/499] MWCC build\RSBE01_01\src\mo_enemy\sora_enemy\galleom\em_galleom_param_accesser.o
[94/499] MWCC build\RSBE01_01\src\mo_enemy\sora_enemy\ridley\em_ridley_param_accesser.o
[95/499] MWCC build\RSBE01_01\src\mo_enemy\sora_enemy\rayquaza\em_rayquaza_param_accesser.o
[96/499] MWCC build\RSBE01_01\src\mo_enemy\sora_enemy\rayquaza\wnem_proc_rayquaza.o
[97/499] MWCC build\RSBE01_01\src\mo_enemy\sora_enemy\duon\em_duon_param_accesser.o
[98/499] MWCC build\RSBE01_01\src\mo_enemy\sora_enemy\porky\em_porky_param_accesser.o
[99/499] MWCC build\RSBE01_01\src\mo_enemy\sora_enemy\metaridley\em_metaridley_param_accesser.o
[100/499] MWCC build\RSBE01_01\src\mo_enemy\sora_enemy\falconflyer\em_falconflyer_param_accesser.o
[101/499] MWCC build\RSBE01_01\src\mo_enemy\sora_enemy\taboo\wnem_proc_taboo.o
[102/499] MWCC build\RSBE01_01\src\mo_enemy\sora_enemy\taboo\em_taboo_param_accesser.o
[103/499] MWCC build\RSBE01_01\src\mo_enemy\sora_enemy\masterhand\em_masterhand_param_accesser.o
[104/499] MWCC build\RSBE01_01\src\mo_enemy\sora_enemy\crazyhand\em_crazyhand_param_accesser.o
[105/499] MWCC build\RSBE01_01\src\mo_stage\st_battles\gr_battles.o
[106/499] MWCC build\RSBE01_01\src\mo_stage\st_config\gr_config.o
[107/499] MWCC build\RSBE01_01\src\mo_stage\st_final\gr_final.o
[108/499] MWCC build\RSBE01_01\src\mo_stage\st_mansion\gr_mansion.o
[109/499] MWCC build\RSBE01_01\src\mo_stage\st_mansion\gr_mansion_area_break.o
[110/499] MWCC build\RSBE01_01\src\mo_stage\st_battles\st_battles.o
[111/499] MWCC build\RSBE01_01\src\mo_stage\st_oldin\gr_oldin.o
[112/499] MWCC build\RSBE01_01\src\mo_stage\st_config\st_config.o
[113/499] MWCC build\RSBE01_01\src\mo_stage\st_mansion\gr_mansion_area_up.o
[114/499] MWCC build\RSBE01_01\src\mo_stage\st_final\st_final.o
[115/499] MWCC build\RSBE01_01\src\mo_stage\st_crayon\gr_crayon_yakumono.o
[116/499] MWCC build\RSBE01_01\src\mo_stage\st_mansion\gr_mansion_area_down.o
[117/499] MWCC build\RSBE01_01\src\mo_stage\st_tengan\gr_tengan.o
[118/499] MWCC build\RSBE01_01\src\mo_stage\st_tengan\gr_tengan_bg.o
[119/499] MWCC build\RSBE01_01\src\mo_stage\st_tengan\gr_tengan_ashiba.o
[120/499] MWCC build\RSBE01_01\src\mo_stage\st_starfox\st_starfox.o
[121/499] MWCC build\RSBE01_01\src\mo_stage\st_gw\gr_gw_scene.o
[122/499] MWCC build\RSBE01_01\src\mo_stage\st_crayon\st_crayon.o
[123/499] MWCC build\RSBE01_01\src\mo_stage\st_tengan\gr_tengan_floor.o
[124/499] MWCC build\RSBE01_01\src\mo_stage\st_gw\gr_gw_scene_chef.o
[125/499] MWCC build\RSBE01_01\src\mo_stage\st_gw\gr_gw_scene_lion.o
[126/499] MWCC build\RSBE01_01\src\mo_fighter\mo_fighter.o
[127/499] MWCC build\RSBE01_01\src\sora\sr\sr_getappname.o
[128/499] MWCC build\RSBE01_01\src\mo_stage\st_gw\gr_gw_scene_oil.o
[129/499] MWCC build\RSBE01_01\src\sora\sr\sr_revision.o
[130/499] MWCC build\RSBE01_01\src\sora\main.o
[131/499] MWCC build\RSBE01_01\src\sora\gf\gf_3d_scene_event.o
[132/499] MWCC build\RSBE01_01\src\sora\sr\sr_common.o
[133/499] MWCC build\RSBE01_01\src\sora\gf\gf_archive_load_thread.o
[134/499] MWCC build\RSBE01_01\src\mo_stage\st_newpork\gr_newpork.o
[135/499] MWCC build\RSBE01_01\src\mo_stage\st_gw\gr_gw_fire_etc.o
[136/499] MWCC build\RSBE01_01\src\mo_stage\st_dxshrine\gr_dxshrine.o
[137/499] MWCC build\RSBE01_01\src\sora\gf\gf_archive_file.o
[138/499] MWCC build\RSBE01_01\src\sora\gf\gf_archive_db.o
[139/499] MWCC build\RSBE01_01\src\mo_stage\st_dxbigblue\gr_dxbigblue.o
[140/499] MWCC build\RSBE01_01\src\mo_stage\st_greenhill\st_greenhill.o
[141/499] MWCC build\RSBE01_01\src\mo_stage\st_dxcorneria\gr_dxcorneria.o
[142/499] MWCC build\RSBE01_01\src\sora\gf\gf_callback.o
[143/499] MWCC build\RSBE01_01\src\sora\gf\gf_decomp.o
[144/499] MWCC build\RSBE01_01\src\sora\gf\gf_camera_controller.o
[145/499] MWCC build\RSBE01_01\src\sora\gf\gf_archive_manager.o
[146/499] MWCC build\RSBE01_01\src\sora\gf\gf_3d_scene_light_resource.o
[147/499] MWCC build\RSBE01_01\src\mo_stage\st_dxyorster\st_dxyorster.o
[148/499] MWCC build\RSBE01_01\src\mo_stage\st_tbreak\gr_tbreak.o
[149/499] MWCC build\RSBE01_01\src\mo_stage\st_otrain\st_onlinetrainning.o
[150/499] MWCC build\RSBE01_01\src\sora\gf\gf_gameframe_counter.o
[151/499] MWCC build\RSBE01_01\src\sora\gf\gf_task.o
[152/499] MWCC build\RSBE01_01\src\sora\gf\gf_pad_queue.o
[153/499] MWCC build\RSBE01_01\src\sora\gf\gf_pad_thread.o
[154/499] MWCC build\RSBE01_01\src\mo_stage\st_dxshrine\st_dxshrine.o
[155/499] MWCC build\RSBE01_01\src\sora\gf\gf_memory_util.o
[156/499] MWCC build\RSBE01_01\src\sora\gf\gf_file_io_request.o
[157/499] MWCC build\RSBE01_01\src\sora\gf\gf_slow_manager.o
[158/499] MWCC build\RSBE01_01\src\sora\gf\gf_file_io_handle.o
[159/499] MWCC build\RSBE01_01\src\sora\gf\gf_thread.o
[160/499] MWCC build\RSBE01_01\src\sora\gf\gf_system_callback.o
[161/499] MWCC build\RSBE01_01\src\mo_stage\st_dxgarden\st_dxgarden.o
[162/499] MWCC build\RSBE01_01\src\mo_fighter\ft_marth\ft_marth_status_uniq_process_special_lw.o
### mwcceppc.exe Compiler:
#    File: src\mo_fighter\ft_marth\ft_marth_status_uniq_process_special_lw.cpp
# ----------------------------------------------------------------------------
#      38:                 stop->resetEnergy(6, &Vec2f(speedX, zero), &Vec3f(0.0f, 0.0f, 0.0f), moduleAccesser);  
# Warning:                                                          ^
#   (10142) not an lvalue
### mwcceppc.exe Compiler:
#      38: p->resetEnergy(6, &Vec2f(speedX, zero), &Vec3f(0.0f, 0.0f, 0.0f), moduleAccesser);  
# Warning:                                                                 ^
#   (10142) not an lvalue
### mwcceppc.exe Compiler:
#      39: ValueAccesser::getConstantFloat(moduleAccesser, 0xFB1, 0), 0.0f));  
# Warning:                                                                 ^
#   (10142) not an lvalue
### mwcceppc.exe Compiler:
#      41:                 gravity->resetEnergy(0, &Vec2f(0.0f, zero), &Vec3f(0.0f, 0.0f, 0.0f), moduleAccesser);  
# Warning:                                                           ^
#   (10142) not an lvalue
### mwcceppc.exe Compiler:
#      41: ity->resetEnergy(0, &Vec2f(0.0f, zero), &Vec3f(0.0f, 0.0f, 0.0f), moduleAccesser);  
# Warning:                                                                 ^
#   (10142) not an lvalue
### mwcceppc.exe Compiler:
#      83:                     stop->resetEnergy(6, &Vec2f(speedX, 0.0f), &Vec3f(0.0f, 0.0f, 0.0f), moduleAccesser);  
# Warning:                                                              ^
#   (10142) not an lvalue
### mwcceppc.exe Compiler:
#      83: p->resetEnergy(6, &Vec2f(speedX, 0.0f), &Vec3f(0.0f, 0.0f, 0.0f), moduleAccesser);  
# Warning:                                                                 ^
#   (10142) not an lvalue
### mwcceppc.exe Compiler:
#      84: ValueAccesser::getConstantFloat(moduleAccesser, 0xFB1, 0), 0.0f));  
# Warning:                                                                 ^
#   (10142) not an lvalue
### mwcceppc.exe Compiler:
#      86:                     gravity->resetEnergy(0, &Vec2f(0.0f, speedY), &Vec3f(0.0f, 0.0f, 0.0f), moduleAccesser);  
# Warning:                                                                 ^
#   (10142) not an lvalue
### mwcceppc.exe Compiler:
#      86: y->resetEnergy(0, &Vec2f(0.0f, speedY), &Vec3f(0.0f, 0.0f, 0.0f), moduleAccesser);  
# Warning:                                                                 ^
#   (10142) not an lvalue
[163/499] MWCC build\RSBE01_01\src\sora\gf\gf_keep_fb.o
[164/499] MWCC build\RSBE01_01\src\sora\ef\ef_screen_handle.o
[165/499] MWCC build\RSBE01_01\src\sora\gf\gf_monitor.o
[166/499] MWCC build\RSBE01_01\src\sora\st\module.o
[167/499] MWCC build\RSBE01_01\src\sora\gf\gf_capture_util.o
[168/499] MWCC build\RSBE01_01\src\sora\ut\ut_list.o
[169/499] MWCC build\RSBE01_01\src\sora\mt\mt_prng.o
[170/499] MWCC build\RSBE01_01\src\sora\gf\gf_resource_loader.o
[171/499] MWCC build\RSBE01_01\src\sora\mv\mv_THPAudioDecode.o
[172/499] MWCC build\RSBE01_01\src\sora\ip\ip_human.o
[173/499] MWCC build\RSBE01_01\src\sora\mt\mt_prng_log.o
[174/499] MWCC build\RSBE01_01\src\mo_stage\st_heal\st_heal.o
[175/499] MWCC build\RSBE01_01\src\sora\cm\cm_controller_default.o
[176/499] MWCC build\RSBE01_01\src\sora\gf\gf_error_check.o
[177/499] MWCC build\RSBE01_01\src\sora\mv\mv_THPRead.o
[178/499] MWCC build\RSBE01_01\src\sora\cm\cm_controller_menu_fixed.o
[179/499] MWCC build\RSBE01_01\src\sora\ut\ut_nw.o
[180/499] MWCC build\RSBE01_01\src\sora\gf\gf_error_manager.o
[181/499] MWCC build\RSBE01_01\src\sora\if\if_wifipr_task.o
[182/499] MWCC build\RSBE01_01\src\sora\cm\cm_controller_melee_fixed.o
[183/499] MWCC build\RSBE01_01\src\sora\if\if_adv_task.o
[184/499] MWCC build\RSBE01_01\src\sora\gr\collision\gr_collision_data.o
[185/499] MWCC build\RSBE01_01\src\sora\gf\gf_shutdown_manager.o
[186/499] MWCC build\RSBE01_01\src\sora\gr\collision\gr_collision_shape.o
[187/499] MWCC build\RSBE01_01\src\sora\gr\collision\gr_collision_shape_rhombus.o
[188/499] MWCC build\RSBE01_01\src\sora\gr\gr_path.o
[189/499] MWCC build\RSBE01_01\src\sora\gr\collision\gr_collision_shape_circle.o
[190/499] MWCC build\RSBE01_01\src\sora\ec\ec_trace_mgr.o
[191/499] MWCC build\RSBE01_01\src\sora\cm\cm_stage_param.o
[192/499] MWCC build\RSBE01_01\src\sora\gr\collision\gr_collision_handle.o
[193/499] MWCC build\RSBE01_01\src\sora\ft\ft_system.o
[194/499] MWCC build\RSBE01_01\src\sora\nt\d_net_connect.o
[195/499] MWCC build\RSBE01_01\src\sora\nt\nt_offline.o
[196/499] MWCC build\RSBE01_01\src\sora\ac\ac_anim_cmd_impl.o
[197/499] MWCC build\RSBE01_01\src\sora\nt\nt_etc_so.o
[198/499] MWCC build\RSBE01_01\src\sora\ac\ac_null.o
[199/499] MWCC build\RSBE01_01\src\sora\if\if_stgedit.o
[200/499] LINK build\RSBE01_01\sora_menu_qm\sora_menu_qm.preplf
[201/499] MWCC build\RSBE01_01\src\Runtime.PPCEABI.H\__init_cpp_exceptions.o
[202/499] LINK build\RSBE01_01\sora_menu_main\sora_menu_main.preplf
[203/499] MWCC build\RSBE01_01\src\sora\ad\ad_static_data.o
[204/499] LINK build\RSBE01_01\sora_menu_tour\sora_menu_tour.preplf
[205/499] LINK build\RSBE01_01\sora_scene\sora_scene.preplf
[206/499] MWCC build\RSBE01_01\src\sora\nt\nt_send.o
[207/499] LINK build\RSBE01_01\sora_menu_replay\sora_menu_replay.preplf
[208/499] LINK build\RSBE01_01\sora_menu_intro\sora_menu_intro.preplf
[209/499] MWCC build\RSBE01_01\src\sora\snd\snd_init_thread.o
[210/499] MWCC build\RSBE01_01\src\sora\nt\nt_etc_dwc.o
[211/499] LINK build\RSBE01_01\sora_menu_friend_list\sora_menu_friend_list.preplf
[212/499] MWCC build\RSBE01_01\src\sora\st\st_data_container_magic.o
[213/499] LINK build\RSBE01_01\sora_menu_snap_shot\sora_menu_snap_shot.preplf
[214/499] LINK build\RSBE01_01\sora_menu_watch\sora_menu_watch.preplf
[215/499] MWCC build\RSBE01_01\src\sora\st\st_data_container.o
[216/499] LINK build\RSBE01_01\sora_menu_event\sora_menu_event.preplf
[217/499] LINK build\RSBE01_01\sora_menu_name\sora_menu_name.preplf
[218/499] LINK build\RSBE01_01\sora_menu_collect_viewer\sora_menu_collect_viewer.preplf
[219/499] LINK build\RSBE01_01\sora_menu_sel_char_access\sora_menu_sel_char_access.preplf
[220/499] MWCC build\RSBE01_01\src\sora\st\st_data_container_multi.o
[221/499] LINK build\RSBE01_01\sora_menu_edit\sora_menu_edit.preplf
[222/499] LINK build\RSBE01_01\sora_menu_sel_char\sora_menu_sel_char.preplf
[223/499] LINK build\RSBE01_01\sora_menu_sel_stage\sora_menu_sel_stage.preplf
[224/499] LINK build\RSBE01_01\sora_menu_game_over\sora_menu_game_over.preplf
[225/499] LINK build\RSBE01_01\sora_menu_rule\sora_menu_rule.preplf
[226/499] LINK build\RSBE01_01\sora_menu_simple_ending\sora_menu_simple_ending.preplf
[227/499] LINK build\RSBE01_01\sora_minigame\sora_minigame.preplf
[228/499] LINK build\RSBE01_01\sora_menu_time_result\sora_menu_time_result.preplf
[229/499] LINK build\RSBE01_01\sora_menu_boot\sora_menu_boot.preplf
[230/499] LINK build\RSBE01_01\sora_menu_challenger\sora_menu_challenger.preplf
[231/499] LINK build\RSBE01_01\sora_menu_title\sora_menu_title.preplf
[232/499] LINK build\RSBE01_01\sora_menu_title_sunset\sora_menu_title_sunset.preplf
[233/499] LINK build\RSBE01_01\sora_menu_fig_get_demo\sora_menu_fig_get_demo.preplf
[234/499] LINK build\RSBE01_01\sora_adv_menu_name\sora_adv_menu_name.preplf
[235/499] LINK build\RSBE01_01\sora_adv_menu_visual\sora_adv_menu_visual.preplf
[236/499] LINK build\RSBE01_01\sora_adv_menu_sel_char\sora_adv_menu_sel_char.preplf
[237/499] LINK build\RSBE01_01\sora_adv_menu_sel_map\sora_adv_menu_sel_map.preplf
[238/499] LINK build\RSBE01_01\sora_adv_menu_difficulty\sora_adv_menu_difficulty.preplf
[239/499] LINK build\RSBE01_01\sora_adv_menu_game_over\sora_adv_menu_game_over.preplf
[240/499] LINK build\RSBE01_01\sora_adv_menu_result\sora_adv_menu_result.preplf
[241/499] LINK build\RSBE01_01\sora_adv_menu_save_load\sora_adv_menu_save_load.preplf
[242/499] LINK build\RSBE01_01\sora_adv_menu_seal\sora_adv_menu_seal.preplf
[243/499] LINK build\RSBE01_01\sora_adv_menu_ending\sora_adv_menu_ending.preplf
[244/499] LINK build\RSBE01_01\sora_adv_menu_telop\sora_adv_menu_telop.preplf
[245/499] LINK build\RSBE01_01\sora_adv_menu_save_point\sora_adv_menu_save_point.preplf
[246/499] LINK build\RSBE01_01\sora_adv_stage\sora_adv_stage.preplf
[247/499] LINK build\RSBE01_01\st_battles\st_battles.preplf
[248/499] LINK build\RSBE01_01\st_battle\st_battle.preplf
[249/499] LINK build\RSBE01_01\st_config\st_config.preplf
[250/499] LINK build\RSBE01_01\st_final\st_final.preplf
[251/499] LINK build\RSBE01_01\st_dolpic\st_dolpic.preplf
[252/499] LINK build\RSBE01_01\st_mansion\st_mansion.preplf
[253/499] LINK build\RSBE01_01\st_mariopast\st_mariopast.preplf
[254/499] LINK build\RSBE01_01\st_kart\st_kart.preplf
[255/499] LINK build\RSBE01_01\st_donkey\st_donkey.preplf
[256/499] LINK build\RSBE01_01\st_jungle\st_jungle.preplf
[257/499] LINK build\RSBE01_01\st_pirates\st_pirates.preplf
[258/499] LINK build\RSBE01_01\st_oldin\st_oldin.preplf
[259/499] LINK build\RSBE01_01\st_norfair\st_norfair.preplf
[260/499] LINK build\RSBE01_01\st_orpheon\st_orpheon.preplf
[261/499] LINK build\RSBE01_01\st_crayon\st_crayon.preplf
[262/499] LINK build\RSBE01_01\st_halberd\st_halberd.preplf
[263/499] LINK build\RSBE01_01\st_starfox\st_starfox.preplf
[264/499] LINK build\RSBE01_01\st_stadium\st_stadium.preplf
[265/499] LINK build\RSBE01_01\st_tengan\st_tengan.preplf
[266/499] LINK build\RSBE01_01\st_fzero\st_fzero.preplf
[267/499] LINK build\RSBE01_01\st_ice\st_ice.preplf
[268/499] LINK build\RSBE01_01\st_gw\st_gw.preplf
[269/499] LINK build\RSBE01_01\sora_enemy\sora_enemy.preplf
[270/499] LINK build\RSBE01_01\st_emblem\st_emblem.preplf
[271/499] LINK build\RSBE01_01\st_madein\st_madein.preplf
[272/499] LINK build\RSBE01_01\st_earth\st_earth.preplf
[273/499] LINK build\RSBE01_01\st_palutena\st_palutena.preplf
[274/499] LINK build\RSBE01_01\st_famicom\st_famicom.preplf
[275/499] LINK build\RSBE01_01\st_newpork\st_newpork.preplf
[276/499] LINK build\RSBE01_01\st_village\st_village.preplf
[277/499] LINK build\RSBE01_01\st_metalgear\st_metalgear.preplf
[278/499] LINK build\RSBE01_01\st_greenhill\st_greenhill.preplf
[279/499] LINK build\RSBE01_01\st_pictchat\st_pictchat.preplf
[280/499] LINK build\RSBE01_01\st_plankton\st_plankton.preplf
[281/499] LINK build\RSBE01_01\st_dxshrine\st_dxshrine.preplf
[282/499] LINK build\RSBE01_01\st_dxyorster\st_dxyorster.preplf
[283/499] LINK build\RSBE01_01\st_dxgarden\st_dxgarden.preplf
[284/499] LINK build\RSBE01_01\st_dxonett\st_dxonett.preplf
[285/499] LINK build\RSBE01_01\st_dxgreens\st_dxgreens.preplf
[286/499] LINK build\RSBE01_01\st_dxrcruise\st_dxrcruise.preplf
[287/499] LINK build\RSBE01_01\st_dxbigblue\st_dxbigblue.preplf
[288/499] LINK build\RSBE01_01\st_dxcorneria\st_dxcorneria.preplf
[289/499] LINK build\RSBE01_01\st_dxpstadium\st_dxpstadium.preplf
[290/499] LINK build\RSBE01_01\st_dxzebes\st_dxzebes.preplf
[291/499] LINK build\RSBE01_01\st_stageedit\st_stageedit.preplf
[292/499] LINK build\RSBE01_01\st_otrain\st_otrain.preplf
[293/499] LINK build\RSBE01_01\st_heal\st_heal.preplf
[294/499] LINK build\RSBE01_01\st_homerun\st_homerun.preplf
[295/499] LINK build\RSBE01_01\st_tbreak\st_tbreak.preplf
[296/499] LINK build\RSBE01_01\st_croll\st_croll.preplf
[297/499] LINK build\RSBE01_01\ft_mario\ft_mario.preplf
[298/499] LINK build\RSBE01_01\ft_donkey\ft_donkey.preplf
[299/499] LINK build\RSBE01_01\ft_link\ft_link.preplf
[300/499] LINK build\RSBE01_01\ft_samus\ft_samus.preplf
[301/499] LINK build\RSBE01_01\ft_yoshi\ft_yoshi.preplf
[302/499] LINK build\RSBE01_01\ft_kirby\ft_kirby.preplf
[303/499] LINK build\RSBE01_01\sora_melee\sora_melee.preplf
[304/499] LINK build\RSBE01_01\ft_fox\ft_fox.preplf
[305/499] LINK build\RSBE01_01\ft_pikachu\ft_pikachu.preplf
[306/499] LINK build\RSBE01_01\ft_luigi\ft_luigi.preplf
[307/499] LINK build\RSBE01_01\ft_captain\ft_captain.preplf
[308/499] LINK build\RSBE01_01\ft_ness\ft_ness.preplf
[309/499] LINK build\RSBE01_01\ft_koopa\ft_koopa.preplf
[310/499] LINK build\RSBE01_01\ft_peach\ft_peach.preplf
[311/499] LINK build\RSBE01_01\ft_zelda\ft_zelda.preplf
[312/499] LINK build\RSBE01_01\ft_iceclimber\ft_iceclimber.preplf
[313/499] LINK build\RSBE01_01\ft_marth\ft_marth.preplf
[314/499] LINK build\RSBE01_01\ft_gamewatch\ft_gamewatch.preplf
[315/499] LINK build\RSBE01_01\ft_falco\ft_falco.preplf
[316/499] LINK build\RSBE01_01\ft_ganon\ft_ganon.preplf
[317/499] LINK build\RSBE01_01\ft_wario\ft_wario.preplf
[318/499] LINK build\RSBE01_01\ft_metaknight\ft_metaknight.preplf
[319/499] LINK build\RSBE01_01\ft_pit\ft_pit.preplf
[320/499] LINK build\RSBE01_01\ft_pikmin\ft_pikmin.preplf
[321/499] LINK build\RSBE01_01\ft_lucas\ft_lucas.preplf
[322/499] LINK build\RSBE01_01\ft_diddy\ft_diddy.preplf
[323/499] LINK build\RSBE01_01\ft_poke\ft_poke.preplf
[324/499] LINK build\RSBE01_01\ft_dedede\ft_dedede.preplf
[325/499] LINK build\RSBE01_01\ft_lucario\ft_lucario.preplf
[326/499] LINK build\RSBE01_01\ft_ike\ft_ike.preplf
[327/499] LINK build\RSBE01_01\ft_robot\ft_robot.preplf
[328/499] LINK build\RSBE01_01\ft_toonlink\ft_toonlink.preplf
[329/499] LINK build\RSBE01_01\ft_snake\ft_snake.preplf
[330/499] LINK build\RSBE01_01\ft_sonic\ft_sonic.preplf
[331/499] LINK build\RSBE01_01\ft_purin\ft_purin.preplf
[332/499] LINK build\RSBE01_01\ft_wolf\ft_wolf.preplf
[333/499] LINK build\RSBE01_01\ft_zako\ft_zako.preplf
[334/499] LINK build\RSBE01_01\sora_menu_main\sora_menu_main.plf
[335/499] LINK build\RSBE01_01\sora_menu_tour\sora_menu_tour.plf
[336/499] LINK build\RSBE01_01\sora_menu_qm\sora_menu_qm.plf
[337/499] LINK build\RSBE01_01\sora_menu_edit\sora_menu_edit.plf
[338/499] LINK build\RSBE01_01\sora_menu_collect_viewer\sora_menu_collect_viewer.plf
[339/499] LINK build\RSBE01_01\sora_menu_replay\sora_menu_replay.plf
[340/499] LINK build\RSBE01_01\sora_menu_snap_shot\sora_menu_snap_shot.plf
[341/499] LINK build\RSBE01_01\sora_menu_event\sora_menu_event.plf
[342/499] LINK build\RSBE01_01\sora_menu_sel_char\sora_menu_sel_char.plf
[343/499] LINK build\RSBE01_01\sora_menu_sel_stage\sora_menu_sel_stage.plf
[344/499] LINK build\RSBE01_01\sora_menu_game_over\sora_menu_game_over.plf
[345/499] LINK build\RSBE01_01\sora_menu_intro\sora_menu_intro.plf
[346/499] LINK build\RSBE01_01\sora_menu_friend_list\sora_menu_friend_list.plf
[347/499] LINK build\RSBE01_01\sora_menu_watch\sora_menu_watch.plf
[348/499] LINK build\RSBE01_01\sora_menu_name\sora_menu_name.plf
[349/499] LINK build\RSBE01_01\sora_menu_rule\sora_menu_rule.plf
[350/499] LINK build\RSBE01_01\sora_menu_simple_ending\sora_menu_simple_ending.plf
[351/499] LINK build\RSBE01_01\sora_minigame\sora_minigame.plf
[352/499] LINK build\RSBE01_01\sora_menu_time_result\sora_menu_time_result.plf
[353/499] LINK build\RSBE01_01\sora_menu_boot\sora_menu_boot.plf
[354/499] LINK build\RSBE01_01\sora_menu_challenger\sora_menu_challenger.plf
[355/499] LINK build\RSBE01_01\sora_menu_title\sora_menu_title.plf
[356/499] LINK build\RSBE01_01\sora_menu_title_sunset\sora_menu_title_sunset.plf
[357/499] LINK build\RSBE01_01\sora_menu_fig_get_demo\sora_menu_fig_get_demo.plf
[358/499] LINK build\RSBE01_01\sora_adv_menu_name\sora_adv_menu_name.plf
[359/499] LINK build\RSBE01_01\sora_adv_menu_visual\sora_adv_menu_visual.plf
[360/499] LINK build\RSBE01_01\sora_adv_menu_sel_char\sora_adv_menu_sel_char.plf
[361/499] LINK build\RSBE01_01\sora_adv_menu_sel_map\sora_adv_menu_sel_map.plf
[362/499] LINK build\RSBE01_01\sora_adv_menu_difficulty\sora_adv_menu_difficulty.plf
[363/499] LINK build\RSBE01_01\sora_adv_menu_game_over\sora_adv_menu_game_over.plf
[364/499] LINK build\RSBE01_01\sora_adv_menu_result\sora_adv_menu_result.plf
[365/499] LINK build\RSBE01_01\sora_adv_menu_save_load\sora_adv_menu_save_load.plf
[366/499] LINK build\RSBE01_01\sora_adv_menu_seal\sora_adv_menu_seal.plf
[367/499] LINK build\RSBE01_01\sora_adv_menu_ending\sora_adv_menu_ending.plf
[368/499] LINK build\RSBE01_01\sora_adv_menu_save_point\sora_adv_menu_save_point.plf
[369/499] LINK build\RSBE01_01\st_battle\st_battle.plf
[370/499] LINK build\RSBE01_01\sora_menu_sel_char_access\sora_menu_sel_char_access.plf
### build\compilers\GC\3.0a5.2\mwldeppc.exe Linker Warning:
#   FORCEACTIVE symbol 'lbl_17_section4_0' is either not a global symbol or 
#   doesn't exist.  Ignored.
[371/499] LINK build\RSBE01_01\st_battles\st_battles.plf
### build\compilers\GC\3.0a5.2\mwldeppc.exe Linker Warning:
#   FORCEACTIVE symbol '__sinit_\st_battles_cpp' is either not a global symbol 
#   or doesn't exist.  Ignored.
### build\compilers\GC\3.0a5.2\mwldeppc.exe Linker Warning:
#   FORCEACTIVE symbol 'lbl_42_rodata_0' is either not a global symbol or 
#   doesn't exist.  Ignored.
### build\compilers\GC\3.0a5.2\mwldeppc.exe Linker Warning:
#   FORCEACTIVE symbol 'lbl_42_rodata_4' is either not a global symbol or 
#   doesn't exist.  Ignored.
### build\compilers\GC\3.0a5.2\mwldeppc.exe Linker Warning:
#   FORCEACTIVE symbol 'lbl_42_data_0' is either not a global symbol or 
#   doesn't exist.  Ignored.
### build\compilers\GC\3.0a5.2\mwldeppc.exe Linker Warning:
#   FORCEACTIVE symbol 'lbl_42_data_288' is either not a global symbol or 
#   doesn't exist.  Ignored.
### build\compilers\GC\3.0a5.2\mwldeppc.exe Linker Warning:
#   FORCEACTIVE symbol 'lbl_42_data_298' is either not a global symbol or 
#   doesn't exist.  Ignored.
### build\compilers\GC\3.0a5.2\mwldeppc.exe Linker Warning:
#   FORCEACTIVE symbol 'lbl_42_data_2C0' is either not a global symbol or 
#   doesn't exist.  Ignored.
### build\compilers\GC\3.0a5.2\mwldeppc.exe Linker Warning:
#   FORCEACTIVE symbol 'lbl_42_data_2C8' is either not a global symbol or 
#   doesn't exist.  Ignored.
### build\compilers\GC\3.0a5.2\mwldeppc.exe Linker Warning:
#   FORCEACTIVE symbol 'lbl_42_data_2D0' is either not a global symbol or 
#   doesn't exist.  Ignored.
### build\compilers\GC\3.0a5.2\mwldeppc.exe Linker Warning:
#   FORCEACTIVE symbol 'lbl_42_data_2F0' is either not a global symbol or 
#   doesn't exist.  Ignored.
### build\compilers\GC\3.0a5.2\mwldeppc.exe Linker Warning:
#   FORCEACTIVE symbol 'lbl_42_data_2F8' is either not a global symbol or 
#   doesn't exist.  Ignored.
### build\compilers\GC\3.0a5.2\mwldeppc.exe Linker Warning:
#   FORCEACTIVE symbol 'lbl_42_data_308' is either not a global symbol or 
#   doesn't exist.  Ignored.
### build\compilers\GC\3.0a5.2\mwldeppc.exe Linker Warning:
#   FORCEACTIVE symbol 'lbl_42_data_320' is either not a global symbol or 
#   doesn't exist.  Ignored.
### build\compilers\GC\3.0a5.2\mwldeppc.exe Linker Warning:
#   FORCEACTIVE symbol 'lbl_42_data_328' is either not a global symbol or 
#   doesn't exist.  Ignored.
### build\compilers\GC\3.0a5.2\mwldeppc.exe Linker Warning:
#   FORCEACTIVE symbol 'lbl_42_data_330' is either not a global symbol or 
#   doesn't exist.  Ignored.
### build\compilers\GC\3.0a5.2\mwldeppc.exe Linker Warning:
#   FORCEACTIVE symbol 'lbl_42_data_340' is either not a global symbol or 
#   doesn't exist.  Ignored.
### build\compilers\GC\3.0a5.2\mwldeppc.exe Linker Warning:
#   FORCEACTIVE symbol 'lbl_42_data_348' is either not a global symbol or 
#   doesn't exist.  Ignored.
### build\compilers\GC\3.0a5.2\mwldeppc.exe Linker Warning:
#   FORCEACTIVE symbol 'lbl_42_data_350' is either not a global symbol or 
#   doesn't exist.  Ignored.
### build\compilers\GC\3.0a5.2\mwldeppc.exe Linker Warning:
#   FORCEACTIVE symbol 'lbl_42_data_36C' is either not a global symbol or 
#   doesn't exist.  Ignored.
### build\compilers\GC\3.0a5.2\mwldeppc.exe Linker Warning:
#   FORCEACTIVE symbol 'lbl_42_data_390' is either not a global symbol or 
#   doesn't exist.  Ignored.
### build\compilers\GC\3.0a5.2\mwldeppc.exe Linker Warning:
#   FORCEACTIVE symbol 'lbl_42_data_3A0' is either not a global symbol or 
#   doesn't exist.  Ignored.
### build\compilers\GC\3.0a5.2\mwldeppc.exe Linker Warning:
#   FORCEACTIVE symbol 'lbl_42_data_3A8' is either not a global symbol or 
#   doesn't exist.  Ignored.
### build\compilers\GC\3.0a5.2\mwldeppc.exe Linker Warning:
#   FORCEACTIVE symbol 'lbl_42_data_3B8' is either not a global symbol or 
#   doesn't exist.  Ignored.
### build\compilers\GC\3.0a5.2\mwldeppc.exe Linker Warning:
#   FORCEACTIVE symbol 'lbl_42_data_588' is either not a global symbol or 
#   doesn't exist.  Ignored.
### build\compilers\GC\3.0a5.2\mwldeppc.exe Linker Warning:
#   FORCEACTIVE symbol 'lbl_42_data_598' is either not a global symbol or 
#   doesn't exist.  Ignored.
### build\compilers\GC\3.0a5.2\mwldeppc.exe Linker Warning:
#   FORCEACTIVE symbol 'lbl_42_data_5C0' is either not a global symbol or 
#   doesn't exist.  Ignored.
### build\compilers\GC\3.0a5.2\mwldeppc.exe Linker Warning:
#   FORCEACTIVE symbol 'lbl_42_data_5C8' is either not a global symbol or 
#   doesn't exist.  Ignored.
### build\compilers\GC\3.0a5.2\mwldeppc.exe Linker Warning:
#   FORCEACTIVE symbol 'lbl_42_data_5D4' is either not a global symbol or 
#   doesn't exist.  Ignored.
### build\compilers\GC\3.0a5.2\mwldeppc.exe Linker Warning:
#   FORCEACTIVE symbol 'lbl_42_data_5F0' is either not a global symbol or 
#   doesn't exist.  Ignored.
### build\compilers\GC\3.0a5.2\mwldeppc.exe Linker Warning:
#   FORCEACTIVE symbol 'lbl_42_data_5F8' is either not a global symbol or 
#   doesn't exist.  Ignored.
### build\compilers\GC\3.0a5.2\mwldeppc.exe Linker Warning:
#   FORCEACTIVE symbol 'lbl_42_data_604' is either not a global symbol or 
#   doesn't exist.  Ignored.
### build\compilers\GC\3.0a5.2\mwldeppc.exe Linker Warning:
#   FORCEACTIVE symbol 'lbl_42_data_618' is either not a global symbol or 
#   doesn't exist.  Ignored.
### build\compilers\GC\3.0a5.2\mwldeppc.exe Linker Warning:
#   FORCEACTIVE symbol 'lbl_42_data_620' is either not a global symbol or 
#   doesn't exist.  Ignored.
### build\compilers\GC\3.0a5.2\mwldeppc.exe Linker Warning:
#   FORCEACTIVE symbol 'lbl_42_data_628' is either not a global symbol or 
#   doesn't exist.  Ignored.
### build\compilers\GC\3.0a5.2\mwldeppc.exe Linker Warning:
#   FORCEACTIVE symbol 'lbl_42_data_638' is either not a global symbol or 
#   doesn't exist.  Ignored.
### build\compilers\GC\3.0a5.2\mwldeppc.exe Linker Warning:
#   FORCEACTIVE symbol 'lbl_42_bss_8' is either not a global symbol or doesn't 
#   exist.  Ignored.
[372/499] LINK build\RSBE01_01\st_config\st_config.plf
### build\compilers\GC\3.0a5.2\mwldeppc.exe Linker Warning:
#   FORCEACTIVE symbol '__sinit_\st_config_cpp' is either not a global symbol 
#   or doesn't exist.  Ignored.
### build\compilers\GC\3.0a5.2\mwldeppc.exe Linker Warning:
#   FORCEACTIVE symbol 'lbl_44_rodata_0' is either not a global symbol or 
#   doesn't exist.  Ignored.
### build\compilers\GC\3.0a5.2\mwldeppc.exe Linker Warning:
#   FORCEACTIVE symbol 'lbl_44_rodata_4' is either not a global symbol or 
#   doesn't exist.  Ignored.
### build\compilers\GC\3.0a5.2\mwldeppc.exe Linker Warning:
#   FORCEACTIVE symbol 'lbl_44_data_0' is either not a global symbol or 
#   doesn't exist.  Ignored.
### build\compilers\GC\3.0a5.2\mwldeppc.exe Linker Warning:
#   FORCEACTIVE symbol 'lbl_44_data_C' is either not a global symbol or 
#   doesn't exist.  Ignored.
### build\compilers\GC\3.0a5.2\mwldeppc.exe Linker Warning:
#   FORCEACTIVE symbol 'lbl_44_data_10' is either not a global symbol or 
#   doesn't exist.  Ignored.
### build\compilers\GC\3.0a5.2\mwldeppc.exe Linker Warning:
#   FORCEACTIVE symbol 'lbl_44_data_23C' is either not a global symbol or 
#   doesn't exist.  Ignored.
### build\compilers\GC\3.0a5.2\mwldeppc.exe Linker Warning:
#   FORCEACTIVE symbol 'lbl_44_data_248' is either not a global symbol or 
#   doesn't exist.  Ignored.
### build\compilers\GC\3.0a5.2\mwldeppc.exe Linker Warning:
#   FORCEACTIVE symbol 'lbl_44_data_278' is either not a global symbol or 
#   doesn't exist.  Ignored.
### build\compilers\GC\3.0a5.2\mwldeppc.exe Linker Warning:
#   FORCEACTIVE symbol 'lbl_44_data_280' is either not a global symbol or 
#   doesn't exist.  Ignored.
### build\compilers\GC\3.0a5.2\mwldeppc.exe Linker Warning:
#   FORCEACTIVE symbol 'lbl_44_data_2A0' is either not a global symbol or 
#   doesn't exist.  Ignored.
### build\compilers\GC\3.0a5.2\mwldeppc.exe Linker Warning:
#   FORCEACTIVE symbol 'lbl_44_data_2A8' is either not a global symbol or 
#   doesn't exist.  Ignored.
### build\compilers\GC\3.0a5.2\mwldeppc.exe Linker Warning:
#   FORCEACTIVE symbol 'lbl_44_data_2B8' is either not a global symbol or 
#   doesn't exist.  Ignored.
### build\compilers\GC\3.0a5.2\mwldeppc.exe Linker Warning:
#   FORCEACTIVE symbol 'lbl_44_data_2D0' is either not a global symbol or 
#   doesn't exist.  Ignored.
### build\compilers\GC\3.0a5.2\mwldeppc.exe Linker Warning:
#   FORCEACTIVE symbol 'lbl_44_data_2D8' is either not a global symbol or 
#   doesn't exist.  Ignored.
### build\compilers\GC\3.0a5.2\mwldeppc.exe Linker Warning:
#   FORCEACTIVE symbol 'lbl_44_data_2E0' is either not a global symbol or 
#   doesn't exist.  Ignored.
### build\compilers\GC\3.0a5.2\mwldeppc.exe Linker Warning:
#   FORCEACTIVE symbol 'lbl_44_data_2F0' is either not a global symbol or 
#   doesn't exist.  Ignored.
### build\compilers\GC\3.0a5.2\mwldeppc.exe Linker Warning:
#   FORCEACTIVE symbol 'lbl_44_data_2F8' is either not a global symbol or 
#   doesn't exist.  Ignored.
### build\compilers\GC\3.0a5.2\mwldeppc.exe Linker Warning:
#   FORCEACTIVE symbol 'lbl_44_data_308' is either not a global symbol or 
#   doesn't exist.  Ignored.
### build\compilers\GC\3.0a5.2\mwldeppc.exe Linker Warning:
#   FORCEACTIVE symbol 'lbl_44_data_31C' is either not a global symbol or 
#   doesn't exist.  Ignored.
### build\compilers\GC\3.0a5.2\mwldeppc.exe Linker Warning:
#   FORCEACTIVE symbol 'lbl_44_data_33C' is either not a global symbol or 
#   doesn't exist.  Ignored.
### build\compilers\GC\3.0a5.2\mwldeppc.exe Linker Warning:
#   FORCEACTIVE symbol 'lbl_44_data_348' is either not a global symbol or 
#   doesn't exist.  Ignored.
### build\compilers\GC\3.0a5.2\mwldeppc.exe Linker Warning:
#   FORCEACTIVE symbol 'lbl_44_data_350' is either not a global symbol or 
#   doesn't exist.  Ignored.
### build\compilers\GC\3.0a5.2\mwldeppc.exe Linker Warning:
#   FORCEACTIVE symbol 'lbl_44_data_360' is either not a global symbol or 
#   doesn't exist.  Ignored.
### build\compilers\GC\3.0a5.2\mwldeppc.exe Linker Warning:
#   FORCEACTIVE symbol 'lbl_44_data_368' is either not a global symbol or 
#   doesn't exist.  Ignored.
### build\compilers\GC\3.0a5.2\mwldeppc.exe Linker Warning:
#   FORCEACTIVE symbol 'lbl_44_data_530' is either not a global symbol or 
#   doesn't exist.  Ignored.
### build\compilers\GC\3.0a5.2\mwldeppc.exe Linker Warning:
#   FORCEACTIVE symbol 'lbl_44_data_53C' is either not a global symbol or 
#   doesn't exist.  Ignored.
### build\compilers\GC\3.0a5.2\mwldeppc.exe Linker Warning:
#   FORCEACTIVE symbol 'lbl_44_data_560' is either not a global symbol or 
#   doesn't exist.  Ignored.
### build\compilers\GC\3.0a5.2\mwldeppc.exe Linker Warning:
#   FORCEACTIVE symbol 'lbl_44_data_568' is either not a global symbol or 
#   doesn't exist.  Ignored.
### build\compilers\GC\3.0a5.2\mwldeppc.exe Linker Warning:
#   FORCEACTIVE symbol 'lbl_44_data_574' is either not a global symbol or 
#   doesn't exist.  Ignored.
### build\compilers\GC\3.0a5.2\mwldeppc.exe Linker Warning:
#   FORCEACTIVE symbol 'lbl_44_data_590' is either not a global symbol or 
#   doesn't exist.  Ignored.
### build\compilers\GC\3.0a5.2\mwldeppc.exe Linker Warning:
#   FORCEACTIVE symbol 'lbl_44_data_598' is either not a global symbol or 
#   doesn't exist.  Ignored.
### build\compilers\GC\3.0a5.2\mwldeppc.exe Linker Warning:
#   FORCEACTIVE symbol 'lbl_44_data_5A4' is either not a global symbol or 
#   doesn't exist.  Ignored.
### build\compilers\GC\3.0a5.2\mwldeppc.exe Linker Warning:
#   FORCEACTIVE symbol 'lbl_44_data_5B8' is either not a global symbol or 
#   doesn't exist.  Ignored.
### build\compilers\GC\3.0a5.2\mwldeppc.exe Linker Warning:
#   FORCEACTIVE symbol 'lbl_44_data_5C0' is either not a global symbol or 
#   doesn't exist.  Ignored.
### build\compilers\GC\3.0a5.2\mwldeppc.exe Linker Warning:
#   FORCEACTIVE symbol 'lbl_44_data_5C8' is either not a global symbol or 
#   doesn't exist.  Ignored.
### build\compilers\GC\3.0a5.2\mwldeppc.exe Linker Warning:
#   FORCEACTIVE symbol 'lbl_44_data_5D8' is either not a global symbol or 
#   doesn't exist.  Ignored.
### build\compilers\GC\3.0a5.2\mwldeppc.exe Linker Warning:
#   FORCEACTIVE symbol 'lbl_44_bss_8' is either not a global symbol or doesn't 
#   exist.  Ignored.
### build\compilers\GC\3.0a5.2\mwldeppc.exe Linker Warning:
#   FORCEACTIVE symbol 'lbl_44_bss_14' is either not a global symbol or 
#   doesn't exist.  Ignored.
[373/499] LINK build\RSBE01_01\sora_adv_menu_telop\sora_adv_menu_telop.plf
### build\compilers\GC\3.0a5.2\mwldeppc.exe Linker Warning:
#   FORCEACTIVE symbol 'lbl_38_rodata_0' is either not a global symbol or 
#   doesn't exist.  Ignored.
### build\compilers\GC\3.0a5.2\mwldeppc.exe Linker Warning:
#   FORCEACTIVE symbol 'lbl_38_data_0' is either not a global symbol or 
#   doesn't exist.  Ignored.
### build\compilers\GC\3.0a5.2\mwldeppc.exe Linker Warning:
#   FORCEACTIVE symbol 'lbl_38_data_8' is either not a global symbol or 
#   doesn't exist.  Ignored.
### build\compilers\GC\3.0a5.2\mwldeppc.exe Linker Warning:
#   FORCEACTIVE symbol 'lbl_38_data_78' is either not a global symbol or 
#   doesn't exist.  Ignored.
### build\compilers\GC\3.0a5.2\mwldeppc.exe Linker Warning:
#   FORCEACTIVE symbol 'lbl_38_data_88' is either not a global symbol or 
#   doesn't exist.  Ignored.
### build\compilers\GC\3.0a5.2\mwldeppc.exe Linker Warning:
#   FORCEACTIVE symbol 'lbl_38_data_A0' is either not a global symbol or 
#   doesn't exist.  Ignored.
[374/499] LINK build\RSBE01_01\st_final\st_final.plf
### build\compilers\GC\3.0a5.2\mwldeppc.exe Linker Warning:
#   FORCEACTIVE symbol '__sinit_\st_final_cpp' is either not a global symbol 
#   or doesn't exist.  Ignored.
### build\compilers\GC\3.0a5.2\mwldeppc.exe Linker Warning:
#   FORCEACTIVE symbol 'lbl_45_rodata_0' is either not a global symbol or 
#   doesn't exist.  Ignored.
### build\compilers\GC\3.0a5.2\mwldeppc.exe Linker Warning:
#   FORCEACTIVE symbol 'lbl_45_rodata_4' is either not a global symbol or 
#   doesn't exist.  Ignored.
### build\compilers\GC\3.0a5.2\mwldeppc.exe Linker Warning:
#   FORCEACTIVE symbol 'lbl_45_rodata_8' is either not a global symbol or 
#   doesn't exist.  Ignored.
### build\compilers\GC\3.0a5.2\mwldeppc.exe Linker Warning:
#   FORCEACTIVE symbol 'lbl_45_data_0' is either not a global symbol or 
#   doesn't exist.  Ignored.
### build\compilers\GC\3.0a5.2\mwldeppc.exe Linker Warning:
#   FORCEACTIVE symbol 'lbl_45_data_3C' is either not a global symbol or 
#   doesn't exist.  Ignored.
### build\compilers\GC\3.0a5.2\mwldeppc.exe Linker Warning:
#   FORCEACTIVE symbol 'lbl_45_data_258' is either not a global symbol or 
#   doesn't exist.  Ignored.
### build\compilers\GC\3.0a5.2\mwldeppc.exe Linker Warning:
#   FORCEACTIVE symbol 'lbl_45_data_260' is either not a global symbol or 
#   doesn't exist.  Ignored.
### build\compilers\GC\3.0a5.2\mwldeppc.exe Linker Warning:
#   FORCEACTIVE symbol 'lbl_45_data_288' is either not a global symbol or 
#   doesn't exist.  Ignored.
### build\compilers\GC\3.0a5.2\mwldeppc.exe Linker Warning:
#   FORCEACTIVE symbol 'lbl_45_data_290' is either not a global symbol or 
#   doesn't exist.  Ignored.
### build\compilers\GC\3.0a5.2\mwldeppc.exe Linker Warning:
#   FORCEACTIVE symbol 'lbl_45_data_298' is either not a global symbol or 
#   doesn't exist.  Ignored.
### build\compilers\GC\3.0a5.2\mwldeppc.exe Linker Warning:
#   FORCEACTIVE symbol 'lbl_45_data_2B8' is either not a global symbol or 
#   doesn't exist.  Ignored.
### build\compilers\GC\3.0a5.2\mwldeppc.exe Linker Warning:
#   FORCEACTIVE symbol 'lbl_45_data_2C0' is either not a global symbol or 
#   doesn't exist.  Ignored.
### build\compilers\GC\3.0a5.2\mwldeppc.exe Linker Warning:
#   FORCEACTIVE symbol 'lbl_45_data_2D0' is either not a global symbol or 
#   doesn't exist.  Ignored.
### build\compilers\GC\3.0a5.2\mwldeppc.exe Linker Warning:
#   FORCEACTIVE symbol 'lbl_45_data_2E8' is either not a global symbol or 
#   doesn't exist.  Ignored.
### build\compilers\GC\3.0a5.2\mwldeppc.exe Linker Warning:
#   FORCEACTIVE symbol 'lbl_45_data_2F0' is either not a global symbol or 
#   doesn't exist.  Ignored.
### build\compilers\GC\3.0a5.2\mwldeppc.exe Linker Warning:
#   FORCEACTIVE symbol 'lbl_45_data_2F8' is either not a global symbol or 
#   doesn't exist.  Ignored.
### build\compilers\GC\3.0a5.2\mwldeppc.exe Linker Warning:
#   FORCEACTIVE symbol 'lbl_45_data_308' is either not a global symbol or 
#   doesn't exist.  Ignored.
### build\compilers\GC\3.0a5.2\mwldeppc.exe Linker Warning:
#   FORCEACTIVE symbol 'lbl_45_data_310' is either not a global symbol or 
#   doesn't exist.  Ignored.
### build\compilers\GC\3.0a5.2\mwldeppc.exe Linker Warning:
#   FORCEACTIVE symbol 'lbl_45_data_320' is either not a global symbol or 
#   doesn't exist.  Ignored.
### build\compilers\GC\3.0a5.2\mwldeppc.exe Linker Warning:
#   FORCEACTIVE symbol 'lbl_45_data_334' is either not a global symbol or 
#   doesn't exist.  Ignored.
### build\compilers\GC\3.0a5.2\mwldeppc.exe Linker Warning:
#   FORCEACTIVE symbol 'lbl_45_data_350' is either not a global symbol or 
#   doesn't exist.  Ignored.
### build\compilers\GC\3.0a5.2\mwldeppc.exe Linker Warning:
#   FORCEACTIVE symbol 'lbl_45_data_360' is either not a global symbol or 
#   doesn't exist.  Ignored.
### build\compilers\GC\3.0a5.2\mwldeppc.exe Linker Warning:
#   FORCEACTIVE symbol 'lbl_45_data_368' is either not a global symbol or 
#   doesn't exist.  Ignored.
### build\compilers\GC\3.0a5.2\mwldeppc.exe Linker Warning:
#   FORCEACTIVE symbol 'lbl_45_data_378' is either not a global symbol or 
#   doesn't exist.  Ignored.
### build\compilers\GC\3.0a5.2\mwldeppc.exe Linker Warning:
#   FORCEACTIVE symbol 'lbl_45_data_380' is either not a global symbol or 
#   doesn't exist.  Ignored.
### build\compilers\GC\3.0a5.2\mwldeppc.exe Linker Warning:
#   FORCEACTIVE symbol 'lbl_45_data_388' is either not a global symbol or 
#   doesn't exist.  Ignored.
### build\compilers\GC\3.0a5.2\mwldeppc.exe Linker Warning:
#   FORCEACTIVE symbol 'lbl_45_data_390' is either not a global symbol or 
#   doesn't exist.  Ignored.
### build\compilers\GC\3.0a5.2\mwldeppc.exe Linker Warning:
#   FORCEACTIVE symbol 'lbl_45_data_560' is either not a global symbol or 
#   doesn't exist.  Ignored.
### build\compilers\GC\3.0a5.2\mwldeppc.exe Linker Warning:
#   FORCEACTIVE symbol 'lbl_45_data_568' is either not a global symbol or 
#   doesn't exist.  Ignored.
### build\compilers\GC\3.0a5.2\mwldeppc.exe Linker Warning:
#   FORCEACTIVE symbol 'lbl_45_data_590' is either not a global symbol or 
#   doesn't exist.  Ignored.
### build\compilers\GC\3.0a5.2\mwldeppc.exe Linker Warning:
#   FORCEACTIVE symbol 'lbl_45_data_598' is either not a global symbol or 
#   doesn't exist.  Ignored.
### build\compilers\GC\3.0a5.2\mwldeppc.exe Linker Warning:
#   FORCEACTIVE symbol 'lbl_45_data_5A4' is either not a global symbol or 
#   doesn't exist.  Ignored.
### build\compilers\GC\3.0a5.2\mwldeppc.exe Linker Warning:
#   FORCEACTIVE symbol 'lbl_45_data_5C0' is either not a global symbol or 
#   doesn't exist.  Ignored.
### build\compilers\GC\3.0a5.2\mwldeppc.exe Linker Warning:
#   FORCEACTIVE symbol 'lbl_45_data_5C8' is either not a global symbol or 
#   doesn't exist.  Ignored.
### build\compilers\GC\3.0a5.2\mwldeppc.exe Linker Warning:
#   FORCEACTIVE symbol 'lbl_45_data_5D4' is either not a global symbol or 
#   doesn't exist.  Ignored.
### build\compilers\GC\3.0a5.2\mwldeppc.exe Linker Warning:
#   FORCEACTIVE symbol 'lbl_45_data_5E8' is either not a global symbol or 
#   doesn't exist.  Ignored.
### build\compilers\GC\3.0a5.2\mwldeppc.exe Linker Warning:
#   FORCEACTIVE symbol 'lbl_45_data_5F0' is either not a global symbol or 
#   doesn't exist.  Ignored.
### build\compilers\GC\3.0a5.2\mwldeppc.exe Linker Warning:
#   FORCEACTIVE symbol 'lbl_45_data_5F8' is either not a global symbol or 
#   doesn't exist.  Ignored.
### build\compilers\GC\3.0a5.2\mwldeppc.exe Linker Warning:
#   FORCEACTIVE symbol 'lbl_45_data_608' is either not a global symbol or 
#   doesn't exist.  Ignored.
### build\compilers\GC\3.0a5.2\mwldeppc.exe Linker Warning:
#   FORCEACTIVE symbol 'lbl_45_bss_8' is either not a global symbol or doesn't 
#   exist.  Ignored.
### build\compilers\GC\3.0a5.2\mwldeppc.exe Linker Warning:
#   FORCEACTIVE symbol 'lbl_45_bss_14' is either not a global symbol or 
#   doesn't exist.  Ignored.
[375/499] LINK build\RSBE01_01\sora_scene\sora_scene.plf
### build\compilers\GC\3.0a5.2\mwldeppc.exe Linker Warning:
#   FORCEACTIVE symbol 'lbl_1_rodata_18' is either not a global symbol or 
#   doesn't exist.  Ignored.
### build\compilers\GC\3.0a5.2\mwldeppc.exe Linker Warning:
#   FORCEACTIVE symbol 'lbl_1_rodata_8C0' is either not a global symbol or 
#   doesn't exist.  Ignored.
### build\compilers\GC\3.0a5.2\mwldeppc.exe Linker Warning:
#   FORCEACTIVE symbol 'lbl_1_data_18D8' is either not a global symbol or 
#   doesn't exist.  Ignored.
### build\compilers\GC\3.0a5.2\mwldeppc.exe Linker Warning:
#   FORCEACTIVE symbol 'lbl_1_data_1900' is either not a global symbol or 
#   doesn't exist.  Ignored.
### build\compilers\GC\3.0a5.2\mwldeppc.exe Linker Warning:
#   FORCEACTIVE symbol 'lbl_1_data_190C' is either not a global symbol or 
#   doesn't exist.  Ignored.
### build\compilers\GC\3.0a5.2\mwldeppc.exe Linker Warning:
#   FORCEACTIVE symbol 'lbl_1_data_5DA0' is either not a global symbol or 
#   doesn't exist.  Ignored.
### build\compilers\GC\3.0a5.2\mwldeppc.exe Linker Warning:
#   FORCEACTIVE symbol 'lbl_1_data_5DAC' is either not a global symbol or 
#   doesn't exist.  Ignored.
### build\compilers\GC\3.0a5.2\mwldeppc.exe Linker Warning:
#   FORCEACTIVE symbol 'lbl_1_data_5DD4' is either not a global symbol or 
#   doesn't exist.  Ignored.
### build\compilers\GC\3.0a5.2\mwldeppc.exe Linker Warning:
#   FORCEACTIVE symbol 'lbl_1_data_5DE0' is either not a global symbol or 
#   doesn't exist.  Ignored.
### build\compilers\GC\3.0a5.2\mwldeppc.exe Linker Warning:
#   FORCEACTIVE symbol 'lbl_1_data_5E1C' is either not a global symbol or 
#   doesn't exist.  Ignored.
### build\compilers\GC\3.0a5.2\mwldeppc.exe Linker Warning:
#   FORCEACTIVE symbol 'lbl_1_data_5E28' is either not a global symbol or 
#   doesn't exist.  Ignored.
### build\compilers\GC\3.0a5.2\mwldeppc.exe Linker Warning:
#   FORCEACTIVE symbol 'lbl_1_data_5E48' is either not a global symbol or 
#   doesn't exist.  Ignored.
### build\compilers\GC\3.0a5.2\mwldeppc.exe Linker Warning:
#   FORCEACTIVE symbol 'lbl_1_data_5E54' is either not a global symbol or 
#   doesn't exist.  Ignored.
### build\compilers\GC\3.0a5.2\mwldeppc.exe Linker Warning:
#   FORCEACTIVE symbol 'lbl_1_data_5E74' is either not a global symbol or 
#   doesn't exist.  Ignored.
### build\compilers\GC\3.0a5.2\mwldeppc.exe Linker Warning:
#   FORCEACTIVE symbol 'lbl_1_data_5E80' is either not a global symbol or 
#   doesn't exist.  Ignored.
### build\compilers\GC\3.0a5.2\mwldeppc.exe Linker Warning:
#   FORCEACTIVE symbol 'lbl_1_data_5E88' is either not a global symbol or 
#   doesn't exist.  Ignored.
### build\compilers\GC\3.0a5.2\mwldeppc.exe Linker Warning:
#   FORCEACTIVE symbol 'lbl_1_data_5E90' is either not a global symbol or 
#   doesn't exist.  Ignored.
### build\compilers\GC\3.0a5.2\mwldeppc.exe Linker Warning:
#   FORCEACTIVE symbol 'lbl_1_data_5E98' is either not a global symbol or 
#   doesn't exist.  Ignored.
### build\compilers\GC\3.0a5.2\mwldeppc.exe Linker Warning:
#   FORCEACTIVE symbol 'lbl_1_data_5F08' is either not a global symbol or 
#   doesn't exist.  Ignored.
### build\compilers\GC\3.0a5.2\mwldeppc.exe Linker Warning:
#   FORCEACTIVE symbol 'lbl_1_data_5F14' is either not a global symbol or 
#   doesn't exist.  Ignored.
### build\compilers\GC\3.0a5.2\mwldeppc.exe Linker Warning:
#   FORCEACTIVE symbol 'lbl_1_data_6488' is either not a global symbol or 
#   doesn't exist.  Ignored.
### build\compilers\GC\3.0a5.2\mwldeppc.exe Linker Warning:
#   FORCEACTIVE symbol 'lbl_1_data_6494' is either not a global symbol or 
#   doesn't exist.  Ignored.
### build\compilers\GC\3.0a5.2\mwldeppc.exe Linker Warning:
#   FORCEACTIVE symbol 'lbl_1_data_64C8' is either not a global symbol or 
#   doesn't exist.  Ignored.
### build\compilers\GC\3.0a5.2\mwldeppc.exe Linker Warning:
#   FORCEACTIVE symbol 'lbl_1_data_64D4' is either not a global symbol or 
#   doesn't exist.  Ignored.
[376/499] LINK build\RSBE01_01\sora_adv_stage\sora_adv_stage.plf
### build\compilers\GC\3.0a5.2\mwldeppc.exe Linker Warning:
#   FORCEACTIVE symbol 'lbl_40_rodata_8E8' is either not a global symbol or 
#   doesn't exist.  Ignored.
### build\compilers\GC\3.0a5.2\mwldeppc.exe Linker Warning:
#   FORCEACTIVE symbol 'lbl_40_data_177D8' is either not a global symbol or 
#   doesn't exist.  Ignored.
### build\compilers\GC\3.0a5.2\mwldeppc.exe Linker Warning:
#   FORCEACTIVE symbol 'lbl_40_data_177E0' is either not a global symbol or 
#   doesn't exist.  Ignored.
### build\compilers\GC\3.0a5.2\mwldeppc.exe Linker Warning:
#   FORCEACTIVE symbol 'lbl_40_data_179B4' is either not a global symbol or 
#   doesn't exist.  Ignored.
### build\compilers\GC\3.0a5.2\mwldeppc.exe Linker Warning:
#   FORCEACTIVE symbol 'lbl_40_data_179C8' is either not a global symbol or 
#   doesn't exist.  Ignored.
[377/499] LINK build\RSBE01_01\st_dolpic\st_dolpic.plf
[378/499] LINK build\RSBE01_01\st_mansion\st_mansion.plf
[379/499] LINK build\RSBE01_01\st_donkey\st_donkey.plf
[380/499] LINK build\RSBE01_01\st_kart\st_kart.plf
[381/499] LINK build\RSBE01_01\st_mariopast\st_mariopast.plf
[382/499] LINK build\RSBE01_01\st_pirates\st_pirates.plf
[383/499] LINK build\RSBE01_01\st_jungle\st_jungle.plf
[384/499] LINK build\RSBE01_01\st_norfair\st_norfair.plf
[385/499] LINK build\RSBE01_01\st_orpheon\st_orpheon.plf
[386/499] LINK build\RSBE01_01\st_starfox\st_starfox.plf
[387/499] LINK build\RSBE01_01\st_halberd\st_halberd.plf
[388/499] LINK build\RSBE01_01\st_stadium\st_stadium.plf
[389/499] LINK build\RSBE01_01\st_fzero\st_fzero.plf
[390/499] LINK build\RSBE01_01\st_ice\st_ice.plf
[391/499] LINK build\RSBE01_01\st_madein\st_madein.plf
[392/499] LINK build\RSBE01_01\st_gw\st_gw.plf
[393/499] LINK build\RSBE01_01\st_emblem\st_emblem.plf
[394/499] LINK build\RSBE01_01\st_palutena\st_palutena.plf
[395/499] LINK build\RSBE01_01\st_earth\st_earth.plf
[396/499] LINK build\RSBE01_01\st_famicom\st_famicom.plf
[397/499] LINK build\RSBE01_01\st_village\st_village.plf
[398/499] LINK build\RSBE01_01\st_metalgear\st_metalgear.plf
[399/499] LINK build\RSBE01_01\st_pictchat\st_pictchat.plf
[400/499] LINK build\RSBE01_01\st_plankton\st_plankton.plf
[401/499] LINK build\RSBE01_01\st_dxshrine\st_dxshrine.plf
### build\compilers\GC\3.0a5.2\mwldeppc.exe Linker Warning:
#   FORCEACTIVE symbol 'grDxShrine::__vtable' is either not a global symbol or 
#   doesn't exist.  Ignored.
### build\compilers\GC\3.0a5.2\mwldeppc.exe Linker Warning:
#   FORCEACTIVE symbol '@7862' is either not a global symbol or doesn't exist. 
#    Ignored.
### build\compilers\GC\3.0a5.2\mwldeppc.exe Linker Warning:
#   FORCEACTIVE symbol 'stDxShrine::bss_loc_14' is either not a global symbol 
#   or doesn't exist.  Ignored.
[402/499] LINK build\RSBE01_01\st_newpork\st_newpork.plf
### build\compilers\GC\3.0a5.2\mwldeppc.exe Linker Warning:
#   FORCEACTIVE symbol 'lbl_69_rodata_88' is either not a global symbol or 
#   doesn't exist.  Ignored.
### build\compilers\GC\3.0a5.2\mwldeppc.exe Linker Warning:
#   FORCEACTIVE symbol 'lbl_69_rodata_8C' is either not a global symbol or 
#   doesn't exist.  Ignored.
### build\compilers\GC\3.0a5.2\mwldeppc.exe Linker Warning:
#   FORCEACTIVE symbol 'lbl_69_data_CD0' is either not a global symbol or 
#   doesn't exist.  Ignored.
### build\compilers\GC\3.0a5.2\mwldeppc.exe Linker Warning:
#   FORCEACTIVE symbol 'lbl_69_data_CDC' is either not a global symbol or 
#   doesn't exist.  Ignored.
### build\compilers\GC\3.0a5.2\mwldeppc.exe Linker Warning:
#   FORCEACTIVE symbol 'lbl_69_data_D18' is either not a global symbol or 
#   doesn't exist.  Ignored.
### build\compilers\GC\3.0a5.2\mwldeppc.exe Linker Warning:
#   FORCEACTIVE symbol 'lbl_69_data_D24' is either not a global symbol or 
#   doesn't exist.  Ignored.
### build\compilers\GC\3.0a5.2\mwldeppc.exe Linker Warning:
#   FORCEACTIVE symbol 'lbl_69_data_D58' is either not a global symbol or 
#   doesn't exist.  Ignored.
### build\compilers\GC\3.0a5.2\mwldeppc.exe Linker Warning:
#   FORCEACTIVE symbol 'lbl_69_data_D68' is either not a global symbol or 
#   doesn't exist.  Ignored.
### build\compilers\GC\3.0a5.2\mwldeppc.exe Linker Warning:
#   FORCEACTIVE symbol 'lbl_69_data_D98' is either not a global symbol or 
#   doesn't exist.  Ignored.
### build\compilers\GC\3.0a5.2\mwldeppc.exe Linker Warning:
#   FORCEACTIVE symbol 'lbl_69_data_DA4' is either not a global symbol or 
#   doesn't exist.  Ignored.
### build\compilers\GC\3.0a5.2\mwldeppc.exe Linker Warning:
#   FORCEACTIVE symbol 'lbl_69_data_DC8' is either not a global symbol or 
#   doesn't exist.  Ignored.
### build\compilers\GC\3.0a5.2\mwldeppc.exe Linker Warning:
#   FORCEACTIVE symbol 'lbl_69_data_DD4' is either not a global symbol or 
#   doesn't exist.  Ignored.
### build\compilers\GC\3.0a5.2\mwldeppc.exe Linker Warning:
#   FORCEACTIVE symbol 'lbl_69_data_DF0' is either not a global symbol or 
#   doesn't exist.  Ignored.
### build\compilers\GC\3.0a5.2\mwldeppc.exe Linker Warning:
#   FORCEACTIVE symbol 'lbl_69_data_DF8' is either not a global symbol or 
#   doesn't exist.  Ignored.
[403/499] LINK build\RSBE01_01\st_dxgarden\st_dxgarden.plf
### build\compilers\GC\3.0a5.2\mwldeppc.exe Linker Warning:
#   FORCEACTIVE symbol '__sinit_\st_dxgarden_cpp' is either not a global 
#   symbol or doesn't exist.  Ignored.
### build\compilers\GC\3.0a5.2\mwldeppc.exe Linker Warning:
#   FORCEACTIVE symbol 'lbl_77_rodata_0' is either not a global symbol or 
#   doesn't exist.  Ignored.
### build\compilers\GC\3.0a5.2\mwldeppc.exe Linker Warning:
#   FORCEACTIVE symbol 'lbl_77_rodata_20' is either not a global symbol or 
#   doesn't exist.  Ignored.
### build\compilers\GC\3.0a5.2\mwldeppc.exe Linker Warning:
#   FORCEACTIVE symbol 'lbl_77_data_0' is either not a global symbol or 
#   doesn't exist.  Ignored.
### build\compilers\GC\3.0a5.2\mwldeppc.exe Linker Warning:
#   FORCEACTIVE symbol 'lbl_77_data_C' is either not a global symbol or 
#   doesn't exist.  Ignored.
### build\compilers\GC\3.0a5.2\mwldeppc.exe Linker Warning:
#   FORCEACTIVE symbol 'lbl_77_data_1C' is either not a global symbol or 
#   doesn't exist.  Ignored.
### build\compilers\GC\3.0a5.2\mwldeppc.exe Linker Warning:
#   FORCEACTIVE symbol 'lbl_77_data_28' is either not a global symbol or 
#   doesn't exist.  Ignored.
### build\compilers\GC\3.0a5.2\mwldeppc.exe Linker Warning:
#   FORCEACTIVE symbol 'lbl_77_data_38' is either not a global symbol or 
#   doesn't exist.  Ignored.
### build\compilers\GC\3.0a5.2\mwldeppc.exe Linker Warning:
#   FORCEACTIVE symbol 'lbl_77_data_40' is either not a global symbol or 
#   doesn't exist.  Ignored.
### build\compilers\GC\3.0a5.2\mwldeppc.exe Linker Warning:
#   FORCEACTIVE symbol 'lbl_77_data_50' is either not a global symbol or 
#   doesn't exist.  Ignored.
### build\compilers\GC\3.0a5.2\mwldeppc.exe Linker Warning:
#   FORCEACTIVE symbol 'lbl_77_data_60' is either not a global symbol or 
#   doesn't exist.  Ignored.
### build\compilers\GC\3.0a5.2\mwldeppc.exe Linker Warning:
#   FORCEACTIVE symbol 'lbl_77_data_B8' is either not a global symbol or 
#   doesn't exist.  Ignored.
### build\compilers\GC\3.0a5.2\mwldeppc.exe Linker Warning:
#   FORCEACTIVE symbol 'lbl_77_data_C8' is either not a global symbol or 
#   doesn't exist.  Ignored.
### build\compilers\GC\3.0a5.2\mwldeppc.exe Linker Warning:
#   FORCEACTIVE symbol 'lbl_77_data_3F8' is either not a global symbol or 
#   doesn't exist.  Ignored.
### build\compilers\GC\3.0a5.2\mwldeppc.exe Linker Warning:
#   FORCEACTIVE symbol 'lbl_77_data_404' is either not a global symbol or 
#   doesn't exist.  Ignored.
### build\compilers\GC\3.0a5.2\mwldeppc.exe Linker Warning:
#   FORCEACTIVE symbol 'lbl_77_data_430' is either not a global symbol or 
#   doesn't exist.  Ignored.
### build\compilers\GC\3.0a5.2\mwldeppc.exe Linker Warning:
#   FORCEACTIVE symbol 'lbl_77_data_438' is either not a global symbol or 
#   doesn't exist.  Ignored.
### build\compilers\GC\3.0a5.2\mwldeppc.exe Linker Warning:
#   FORCEACTIVE symbol 'lbl_77_data_460' is either not a global symbol or 
#   doesn't exist.  Ignored.
### build\compilers\GC\3.0a5.2\mwldeppc.exe Linker Warning:
#   FORCEACTIVE symbol 'lbl_77_data_470' is either not a global symbol or 
#   doesn't exist.  Ignored.
### build\compilers\GC\3.0a5.2\mwldeppc.exe Linker Warning:
#   FORCEACTIVE symbol 'lbl_77_data_490' is either not a global symbol or 
#   doesn't exist.  Ignored.
### build\compilers\GC\3.0a5.2\mwldeppc.exe Linker Warning:
#   FORCEACTIVE symbol 'lbl_77_data_498' is either not a global symbol or 
#   doesn't exist.  Ignored.
### build\compilers\GC\3.0a5.2\mwldeppc.exe Linker Warning:
#   FORCEACTIVE symbol 'lbl_77_data_4B0' is either not a global symbol or 
#   doesn't exist.  Ignored.
### build\compilers\GC\3.0a5.2\mwldeppc.exe Linker Warning:
#   FORCEACTIVE symbol 'lbl_77_data_4D8' is either not a global symbol or 
#   doesn't exist.  Ignored.
### build\compilers\GC\3.0a5.2\mwldeppc.exe Linker Warning:
#   FORCEACTIVE symbol 'lbl_77_data_4F8' is either not a global symbol or 
#   doesn't exist.  Ignored.
### build\compilers\GC\3.0a5.2\mwldeppc.exe Linker Warning:
#   FORCEACTIVE symbol 'lbl_77_data_510' is either not a global symbol or 
#   doesn't exist.  Ignored.
### build\compilers\GC\3.0a5.2\mwldeppc.exe Linker Warning:
#   FORCEACTIVE symbol 'lbl_77_bss_8' is either not a global symbol or doesn't 
#   exist.  Ignored.
[404/499] LINK build\RSBE01_01\st_crayon\st_crayon.plf
### build\compilers\GC\3.0a5.2\mwldeppc.exe Linker Warning:
#   FORCEACTIVE symbol '__sinit_\st_crayon_cpp' is either not a global symbol 
#   or doesn't exist.  Ignored.
### build\compilers\GC\3.0a5.2\mwldeppc.exe Linker Warning:
#   FORCEACTIVE symbol 'lbl_56_rodata_0' is either not a global symbol or 
#   doesn't exist.  Ignored.
### build\compilers\GC\3.0a5.2\mwldeppc.exe Linker Warning:
#   FORCEACTIVE symbol 'lbl_56_rodata_4' is either not a global symbol or 
#   doesn't exist.  Ignored.
### build\compilers\GC\3.0a5.2\mwldeppc.exe Linker Warning:
#   FORCEACTIVE symbol 'lbl_56_data_0' is either not a global symbol or 
#   doesn't exist.  Ignored.
### build\compilers\GC\3.0a5.2\mwldeppc.exe Linker Warning:
#   FORCEACTIVE symbol 'lbl_56_data_2C8' is either not a global symbol or 
#   doesn't exist.  Ignored.
### build\compilers\GC\3.0a5.2\mwldeppc.exe Linker Warning:
#   FORCEACTIVE symbol 'lbl_56_data_2D4' is either not a global symbol or 
#   doesn't exist.  Ignored.
### build\compilers\GC\3.0a5.2\mwldeppc.exe Linker Warning:
#   FORCEACTIVE symbol 'lbl_56_data_300' is either not a global symbol or 
#   doesn't exist.  Ignored.
### build\compilers\GC\3.0a5.2\mwldeppc.exe Linker Warning:
#   FORCEACTIVE symbol 'lbl_56_data_308' is either not a global symbol or 
#   doesn't exist.  Ignored.
### build\compilers\GC\3.0a5.2\mwldeppc.exe Linker Warning:
#   FORCEACTIVE symbol 'lbl_56_data_330' is either not a global symbol or 
#   doesn't exist.  Ignored.
### build\compilers\GC\3.0a5.2\mwldeppc.exe Linker Warning:
#   FORCEACTIVE symbol 'lbl_56_data_340' is either not a global symbol or 
#   doesn't exist.  Ignored.
### build\compilers\GC\3.0a5.2\mwldeppc.exe Linker Warning:
#   FORCEACTIVE symbol 'lbl_56_data_360' is either not a global symbol or 
#   doesn't exist.  Ignored.
### build\compilers\GC\3.0a5.2\mwldeppc.exe Linker Warning:
#   FORCEACTIVE symbol 'lbl_56_data_368' is either not a global symbol or 
#   doesn't exist.  Ignored.
### build\compilers\GC\3.0a5.2\mwldeppc.exe Linker Warning:
#   FORCEACTIVE symbol 'lbl_56_data_380' is either not a global symbol or 
#   doesn't exist.  Ignored.
### build\compilers\GC\3.0a5.2\mwldeppc.exe Linker Warning:
#   FORCEACTIVE symbol 'lbl_56_data_3A4' is either not a global symbol or 
#   doesn't exist.  Ignored.
### build\compilers\GC\3.0a5.2\mwldeppc.exe Linker Warning:
#   FORCEACTIVE symbol 'lbl_56_data_3C4' is either not a global symbol or 
#   doesn't exist.  Ignored.
### build\compilers\GC\3.0a5.2\mwldeppc.exe Linker Warning:
#   FORCEACTIVE symbol 'lbl_56_data_3D8' is either not a global symbol or 
#   doesn't exist.  Ignored.
### build\compilers\GC\3.0a5.2\mwldeppc.exe Linker Warning:
#   FORCEACTIVE symbol 'lbl_56_data_10D8' is either not a global symbol or 
#   doesn't exist.  Ignored.
### build\compilers\GC\3.0a5.2\mwldeppc.exe Linker Warning:
#   FORCEACTIVE symbol 'lbl_56_data_10EC' is either not a global symbol or 
#   doesn't exist.  Ignored.
### build\compilers\GC\3.0a5.2\mwldeppc.exe Linker Warning:
#   FORCEACTIVE symbol 'lbl_56_bss_8' is either not a global symbol or doesn't 
#   exist.  Ignored.
### build\compilers\GC\3.0a5.2\mwldeppc.exe Linker Warning:
#   FORCEACTIVE symbol 'lbl_56_bss_14' is either not a global symbol or 
#   doesn't exist.  Ignored.
[405/499] LINK build\RSBE01_01\st_tengan\st_tengan.plf
### build\compilers\GC\3.0a5.2\mwldeppc.exe Linker Warning:
#   FORCEACTIVE symbol 'lbl_60_rodata_F8' is either not a global symbol or 
#   doesn't exist.  Ignored.
### build\compilers\GC\3.0a5.2\mwldeppc.exe Linker Warning:
#   FORCEACTIVE symbol 'lbl_60_rodata_FC' is either not a global symbol or 
#   doesn't exist.  Ignored.
### build\compilers\GC\3.0a5.2\mwldeppc.exe Linker Warning:
#   FORCEACTIVE symbol 'lbl_60_rodata_100' is either not a global symbol or 
#   doesn't exist.  Ignored.
### build\compilers\GC\3.0a5.2\mwldeppc.exe Linker Warning:
#   FORCEACTIVE symbol 'lbl_60_rodata_108' is either not a global symbol or 
#   doesn't exist.  Ignored.
### build\compilers\GC\3.0a5.2\mwldeppc.exe Linker Warning:
#   FORCEACTIVE symbol 'lbl_60_data_838' is either not a global symbol or 
#   doesn't exist.  Ignored.
### build\compilers\GC\3.0a5.2\mwldeppc.exe Linker Warning:
#   FORCEACTIVE symbol 'lbl_60_data_A08' is either not a global symbol or 
#   doesn't exist.  Ignored.
### build\compilers\GC\3.0a5.2\mwldeppc.exe Linker Warning:
#   FORCEACTIVE symbol 'lbl_60_data_A14' is either not a global symbol or 
#   doesn't exist.  Ignored.
### build\compilers\GC\3.0a5.2\mwldeppc.exe Linker Warning:
#   FORCEACTIVE symbol 'lbl_60_data_A40' is either not a global symbol or 
#   doesn't exist.  Ignored.
### build\compilers\GC\3.0a5.2\mwldeppc.exe Linker Warning:
#   FORCEACTIVE symbol 'lbl_60_data_A4C' is either not a global symbol or 
#   doesn't exist.  Ignored.
### build\compilers\GC\3.0a5.2\mwldeppc.exe Linker Warning:
#   FORCEACTIVE symbol 'lbl_60_data_A70' is either not a global symbol or 
#   doesn't exist.  Ignored.
### build\compilers\GC\3.0a5.2\mwldeppc.exe Linker Warning:
#   FORCEACTIVE symbol 'lbl_60_data_A7C' is either not a global symbol or 
#   doesn't exist.  Ignored.
### build\compilers\GC\3.0a5.2\mwldeppc.exe Linker Warning:
#   FORCEACTIVE symbol 'lbl_60_data_A98' is either not a global symbol or 
#   doesn't exist.  Ignored.
### build\compilers\GC\3.0a5.2\mwldeppc.exe Linker Warning:
#   FORCEACTIVE symbol 'lbl_60_data_AA0' is either not a global symbol or 
#   doesn't exist.  Ignored.
### build\compilers\GC\3.0a5.2\mwldeppc.exe Linker Warning:
#   FORCEACTIVE symbol 'lbl_60_data_AB8' is either not a global symbol or 
#   doesn't exist.  Ignored.
### build\compilers\GC\3.0a5.2\mwldeppc.exe Linker Warning:
#   FORCEACTIVE symbol 'lbl_60_data_CD0' is either not a global symbol or 
#   doesn't exist.  Ignored.
### build\compilers\GC\3.0a5.2\mwldeppc.exe Linker Warning:
#   FORCEACTIVE symbol 'lbl_60_data_CDC' is either not a global symbol or 
#   doesn't exist.  Ignored.
### build\compilers\GC\3.0a5.2\mwldeppc.exe Linker Warning:
#   FORCEACTIVE symbol 'lbl_60_data_FB0' is either not a global symbol or 
#   doesn't exist.  Ignored.
### build\compilers\GC\3.0a5.2\mwldeppc.exe Linker Warning:
#   FORCEACTIVE symbol 'lbl_60_data_FC0' is either not a global symbol or 
#   doesn't exist.  Ignored.
### build\compilers\GC\3.0a5.2\mwldeppc.exe Linker Warning:
#   FORCEACTIVE symbol 'lbl_60_data_11C4' is either not a global symbol or 
#   doesn't exist.  Ignored.
### build\compilers\GC\3.0a5.2\mwldeppc.exe Linker Warning:
#   FORCEACTIVE symbol 'lbl_60_data_11D4' is either not a global symbol or 
#   doesn't exist.  Ignored.
[406/499] LINK build\RSBE01_01\st_oldin\st_oldin.plf
### build\compilers\GC\3.0a5.2\mwldeppc.exe Linker Warning:
#   FORCEACTIVE symbol 'lbl_53_data_888' is either not a global symbol or 
#   doesn't exist.  Ignored.
### build\compilers\GC\3.0a5.2\mwldeppc.exe Linker Warning:
#   FORCEACTIVE symbol 'lbl_53_data_890' is either not a global symbol or 
#   doesn't exist.  Ignored.
### build\compilers\GC\3.0a5.2\mwldeppc.exe Linker Warning:
#   FORCEACTIVE symbol 'lbl_53_data_8C8' is either not a global symbol or 
#   doesn't exist.  Ignored.
### build\compilers\GC\3.0a5.2\mwldeppc.exe Linker Warning:
#   FORCEACTIVE symbol 'lbl_53_data_8D0' is either not a global symbol or 
#   doesn't exist.  Ignored.
### build\compilers\GC\3.0a5.2\mwldeppc.exe Linker Warning:
#   FORCEACTIVE symbol 'lbl_53_data_8DC' is either not a global symbol or 
#   doesn't exist.  Ignored.
### build\compilers\GC\3.0a5.2\mwldeppc.exe Linker Warning:
#   FORCEACTIVE symbol 'lbl_53_data_908' is either not a global symbol or 
#   doesn't exist.  Ignored.
### build\compilers\GC\3.0a5.2\mwldeppc.exe Linker Warning:
#   FORCEACTIVE symbol 'lbl_53_data_910' is either not a global symbol or 
#   doesn't exist.  Ignored.
### build\compilers\GC\3.0a5.2\mwldeppc.exe Linker Warning:
#   FORCEACTIVE symbol 'lbl_53_data_920' is either not a global symbol or 
#   doesn't exist.  Ignored.
### build\compilers\GC\3.0a5.2\mwldeppc.exe Linker Warning:
#   FORCEACTIVE symbol 'lbl_53_data_948' is either not a global symbol or 
#   doesn't exist.  Ignored.
### build\compilers\GC\3.0a5.2\mwldeppc.exe Linker Warning:
#   FORCEACTIVE symbol 'lbl_53_data_950' is either not a global symbol or 
#   doesn't exist.  Ignored.
### build\compilers\GC\3.0a5.2\mwldeppc.exe Linker Warning:
#   FORCEACTIVE symbol 'lbl_53_data_95C' is either not a global symbol or 
#   doesn't exist.  Ignored.
### build\compilers\GC\3.0a5.2\mwldeppc.exe Linker Warning:
#   FORCEACTIVE symbol 'lbl_53_data_978' is either not a global symbol or 
#   doesn't exist.  Ignored.
### build\compilers\GC\3.0a5.2\mwldeppc.exe Linker Warning:
#   FORCEACTIVE symbol 'lbl_53_data_980' is either not a global symbol or 
#   doesn't exist.  Ignored.
### build\compilers\GC\3.0a5.2\mwldeppc.exe Linker Warning:
#   FORCEACTIVE symbol 'lbl_53_data_98C' is either not a global symbol or 
#   doesn't exist.  Ignored.
### build\compilers\GC\3.0a5.2\mwldeppc.exe Linker Warning:
#   FORCEACTIVE symbol 'lbl_53_data_9A0' is either not a global symbol or 
#   doesn't exist.  Ignored.
### build\compilers\GC\3.0a5.2\mwldeppc.exe Linker Warning:
#   FORCEACTIVE symbol 'lbl_53_data_9A8' is either not a global symbol or 
#   doesn't exist.  Ignored.
### build\compilers\GC\3.0a5.2\mwldeppc.exe Linker Warning:
#   FORCEACTIVE symbol 'lbl_53_data_9B0' is either not a global symbol or 
#   doesn't exist.  Ignored.
### build\compilers\GC\3.0a5.2\mwldeppc.exe Linker Warning:
#   FORCEACTIVE symbol 'lbl_53_data_9C0' is either not a global symbol or 
#   doesn't exist.  Ignored.
[407/499] LINK build\RSBE01_01\st_greenhill\st_greenhill.plf
### build\compilers\GC\3.0a5.2\mwldeppc.exe Linker Warning:
#   FORCEACTIVE symbol '__sinit_\st_greenhill_cpp' is either not a global 
#   symbol or doesn't exist.  Ignored.
### build\compilers\GC\3.0a5.2\mwldeppc.exe Linker Warning:
#   FORCEACTIVE symbol 'lbl_72_rodata_0' is either not a global symbol or 
#   doesn't exist.  Ignored.
### build\compilers\GC\3.0a5.2\mwldeppc.exe Linker Warning:
#   FORCEACTIVE symbol 'lbl_72_rodata_4' is either not a global symbol or 
#   doesn't exist.  Ignored.
### build\compilers\GC\3.0a5.2\mwldeppc.exe Linker Warning:
#   FORCEACTIVE symbol 'lbl_72_data_0' is either not a global symbol or 
#   doesn't exist.  Ignored.
### build\compilers\GC\3.0a5.2\mwldeppc.exe Linker Warning:
#   FORCEACTIVE symbol 'lbl_72_data_C' is either not a global symbol or 
#   doesn't exist.  Ignored.
### build\compilers\GC\3.0a5.2\mwldeppc.exe Linker Warning:
#   FORCEACTIVE symbol 'lbl_72_data_1C' is either not a global symbol or 
#   doesn't exist.  Ignored.
### build\compilers\GC\3.0a5.2\mwldeppc.exe Linker Warning:
#   FORCEACTIVE symbol 'lbl_72_data_30' is either not a global symbol or 
#   doesn't exist.  Ignored.
### build\compilers\GC\3.0a5.2\mwldeppc.exe Linker Warning:
#   FORCEACTIVE symbol 'lbl_72_data_C8' is either not a global symbol or 
#   doesn't exist.  Ignored.
### build\compilers\GC\3.0a5.2\mwldeppc.exe Linker Warning:
#   FORCEACTIVE symbol 'lbl_72_data_DC' is either not a global symbol or 
#   doesn't exist.  Ignored.
### build\compilers\GC\3.0a5.2\mwldeppc.exe Linker Warning:
#   FORCEACTIVE symbol 'lbl_72_data_408' is either not a global symbol or 
#   doesn't exist.  Ignored.
### build\compilers\GC\3.0a5.2\mwldeppc.exe Linker Warning:
#   FORCEACTIVE symbol 'lbl_72_data_414' is either not a global symbol or 
#   doesn't exist.  Ignored.
### build\compilers\GC\3.0a5.2\mwldeppc.exe Linker Warning:
#   FORCEACTIVE symbol 'lbl_72_data_440' is either not a global symbol or 
#   doesn't exist.  Ignored.
### build\compilers\GC\3.0a5.2\mwldeppc.exe Linker Warning:
#   FORCEACTIVE symbol 'lbl_72_data_448' is either not a global symbol or 
#   doesn't exist.  Ignored.
### build\compilers\GC\3.0a5.2\mwldeppc.exe Linker Warning:
#   FORCEACTIVE symbol 'lbl_72_data_470' is either not a global symbol or 
#   doesn't exist.  Ignored.
### build\compilers\GC\3.0a5.2\mwldeppc.exe Linker Warning:
#   FORCEACTIVE symbol 'lbl_72_data_480' is either not a global symbol or 
#   doesn't exist.  Ignored.
### build\compilers\GC\3.0a5.2\mwldeppc.exe Linker Warning:
#   FORCEACTIVE symbol 'lbl_72_data_4A0' is either not a global symbol or 
#   doesn't exist.  Ignored.
### build\compilers\GC\3.0a5.2\mwldeppc.exe Linker Warning:
#   FORCEACTIVE symbol 'lbl_72_data_4A8' is either not a global symbol or 
#   doesn't exist.  Ignored.
### build\compilers\GC\3.0a5.2\mwldeppc.exe Linker Warning:
#   FORCEACTIVE symbol 'lbl_72_data_4C0' is either not a global symbol or 
#   doesn't exist.  Ignored.
### build\compilers\GC\3.0a5.2\mwldeppc.exe Linker Warning:
#   FORCEACTIVE symbol 'lbl_72_data_4E4' is either not a global symbol or 
#   doesn't exist.  Ignored.
### build\compilers\GC\3.0a5.2\mwldeppc.exe Linker Warning:
#   FORCEACTIVE symbol 'lbl_72_data_508' is either not a global symbol or 
#   doesn't exist.  Ignored.
### build\compilers\GC\3.0a5.2\mwldeppc.exe Linker Warning:
#   FORCEACTIVE symbol 'lbl_72_data_520' is either not a global symbol or 
#   doesn't exist.  Ignored.
### build\compilers\GC\3.0a5.2\mwldeppc.exe Linker Warning:
#   FORCEACTIVE symbol 'lbl_72_bss_8' is either not a global symbol or doesn't 
#   exist.  Ignored.
[408/499] LINK build\RSBE01_01\st_dxonett\st_dxonett.plf
[409/499] LINK build\RSBE01_01\st_dxyorster\st_dxyorster.plf
### build\compilers\GC\3.0a5.2\mwldeppc.exe Linker Warning:
#   FORCEACTIVE symbol '__sinit_\st_dxyorster_cpp' is either not a global 
#   symbol or doesn't exist.  Ignored.
### build\compilers\GC\3.0a5.2\mwldeppc.exe Linker Warning:
#   FORCEACTIVE symbol 'lbl_76_rodata_0' is either not a global symbol or 
#   doesn't exist.  Ignored.
### build\compilers\GC\3.0a5.2\mwldeppc.exe Linker Warning:
#   FORCEACTIVE symbol 'lbl_76_rodata_4' is either not a global symbol or 
#   doesn't exist.  Ignored.
### build\compilers\GC\3.0a5.2\mwldeppc.exe Linker Warning:
#   FORCEACTIVE symbol 'lbl_76_data_0' is either not a global symbol or 
#   doesn't exist.  Ignored.
### build\compilers\GC\3.0a5.2\mwldeppc.exe Linker Warning:
#   FORCEACTIVE symbol 'lbl_76_data_C' is either not a global symbol or 
#   doesn't exist.  Ignored.
### build\compilers\GC\3.0a5.2\mwldeppc.exe Linker Warning:
#   FORCEACTIVE symbol 'lbl_76_data_1C' is either not a global symbol or 
#   doesn't exist.  Ignored.
### build\compilers\GC\3.0a5.2\mwldeppc.exe Linker Warning:
#   FORCEACTIVE symbol 'lbl_76_data_2C' is either not a global symbol or 
#   doesn't exist.  Ignored.
### build\compilers\GC\3.0a5.2\mwldeppc.exe Linker Warning:
#   FORCEACTIVE symbol 'lbl_76_data_3C' is either not a global symbol or 
#   doesn't exist.  Ignored.
### build\compilers\GC\3.0a5.2\mwldeppc.exe Linker Warning:
#   FORCEACTIVE symbol 'lbl_76_data_7C' is either not a global symbol or 
#   doesn't exist.  Ignored.
### build\compilers\GC\3.0a5.2\mwldeppc.exe Linker Warning:
#   FORCEACTIVE symbol 'lbl_76_data_94' is either not a global symbol or 
#   doesn't exist.  Ignored.
### build\compilers\GC\3.0a5.2\mwldeppc.exe Linker Warning:
#   FORCEACTIVE symbol 'lbl_76_data_A8' is either not a global symbol or 
#   doesn't exist.  Ignored.
### build\compilers\GC\3.0a5.2\mwldeppc.exe Linker Warning:
#   FORCEACTIVE symbol 'lbl_76_data_C0' is either not a global symbol or 
#   doesn't exist.  Ignored.
### build\compilers\GC\3.0a5.2\mwldeppc.exe Linker Warning:
#   FORCEACTIVE symbol 'lbl_76_data_300' is either not a global symbol or 
#   doesn't exist.  Ignored.
### build\compilers\GC\3.0a5.2\mwldeppc.exe Linker Warning:
#   FORCEACTIVE symbol 'lbl_76_data_30C' is either not a global symbol or 
#   doesn't exist.  Ignored.
### build\compilers\GC\3.0a5.2\mwldeppc.exe Linker Warning:
#   FORCEACTIVE symbol 'lbl_76_data_338' is either not a global symbol or 
#   doesn't exist.  Ignored.
### build\compilers\GC\3.0a5.2\mwldeppc.exe Linker Warning:
#   FORCEACTIVE symbol 'lbl_76_data_340' is either not a global symbol or 
#   doesn't exist.  Ignored.
### build\compilers\GC\3.0a5.2\mwldeppc.exe Linker Warning:
#   FORCEACTIVE symbol 'lbl_76_data_368' is either not a global symbol or 
#   doesn't exist.  Ignored.
### build\compilers\GC\3.0a5.2\mwldeppc.exe Linker Warning:
#   FORCEACTIVE symbol 'lbl_76_data_378' is either not a global symbol or 
#   doesn't exist.  Ignored.
### build\compilers\GC\3.0a5.2\mwldeppc.exe Linker Warning:
#   FORCEACTIVE symbol 'lbl_76_data_398' is either not a global symbol or 
#   doesn't exist.  Ignored.
### build\compilers\GC\3.0a5.2\mwldeppc.exe Linker Warning:
#   FORCEACTIVE symbol 'lbl_76_data_3A0' is either not a global symbol or 
#   doesn't exist.  Ignored.
### build\compilers\GC\3.0a5.2\mwldeppc.exe Linker Warning:
#   FORCEACTIVE symbol 'lbl_76_data_3B8' is either not a global symbol or 
#   doesn't exist.  Ignored.
### build\compilers\GC\3.0a5.2\mwldeppc.exe Linker Warning:
#   FORCEACTIVE symbol 'lbl_76_data_3DC' is either not a global symbol or 
#   doesn't exist.  Ignored.
### build\compilers\GC\3.0a5.2\mwldeppc.exe Linker Warning:
#   FORCEACTIVE symbol 'lbl_76_data_400' is either not a global symbol or 
#   doesn't exist.  Ignored.
### build\compilers\GC\3.0a5.2\mwldeppc.exe Linker Warning:
#   FORCEACTIVE symbol 'lbl_76_data_418' is either not a global symbol or 
#   doesn't exist.  Ignored.
### build\compilers\GC\3.0a5.2\mwldeppc.exe Linker Warning:
#   FORCEACTIVE symbol 'lbl_76_bss_8' is either not a global symbol or doesn't 
#   exist.  Ignored.
[410/499] LINK build\RSBE01_01\st_dxrcruise\st_dxrcruise.plf
[411/499] LINK build\RSBE01_01\st_stageedit\st_stageedit.plf
[412/499] LINK build\RSBE01_01\st_dxpstadium\st_dxpstadium.plf
[413/499] LINK build\RSBE01_01\st_dxzebes\st_dxzebes.plf
[414/499] LINK build\RSBE01_01\st_homerun\st_homerun.plf
[415/499] LINK build\RSBE01_01\st_croll\st_croll.plf
[416/499] LINK build\RSBE01_01\st_dxgreens\st_dxgreens.plf
### build\compilers\GC\3.0a5.2\mwldeppc.exe Linker Warning:
#   FORCEACTIVE symbol 'stDxGreens::create()' is either not a global symbol or 
#   doesn't exist.  Ignored.
[417/499] LINK build\RSBE01_01\ft_mario\ft_mario.plf
[418/499] LINK build\RSBE01_01\ft_link\ft_link.plf
[419/499] LINK build\RSBE01_01\ft_donkey\ft_donkey.plf
[420/499] LINK build\RSBE01_01\ft_fox\ft_fox.plf
[421/499] LINK build\RSBE01_01\ft_samus\ft_samus.plf
[422/499] LINK build\RSBE01_01\ft_kirby\ft_kirby.plf
[423/499] LINK build\RSBE01_01\ft_yoshi\ft_yoshi.plf
[424/499] LINK build\RSBE01_01\ft_pikachu\ft_pikachu.plf
[425/499] LINK build\RSBE01_01\ft_luigi\ft_luigi.plf
[426/499] LINK build\RSBE01_01\ft_captain\ft_captain.plf
[427/499] LINK build\RSBE01_01\ft_koopa\ft_koopa.plf
[428/499] LINK build\RSBE01_01\ft_peach\ft_peach.plf
[429/499] LINK build\RSBE01_01\st_otrain\st_otrain.plf
### build\compilers\GC\3.0a5.2\mwldeppc.exe Linker Warning:
#   FORCEACTIVE symbol '__sinit_\st_onlinetrainning_cpp' is either not a 
#   global symbol or doesn't exist.  Ignored.
### build\compilers\GC\3.0a5.2\mwldeppc.exe Linker Warning:
#   FORCEACTIVE symbol 'lbl_86_rodata_0' is either not a global symbol or 
#   doesn't exist.  Ignored.
### build\compilers\GC\3.0a5.2\mwldeppc.exe Linker Warning:
#   FORCEACTIVE symbol 'lbl_86_rodata_4' is either not a global symbol or 
#   doesn't exist.  Ignored.
### build\compilers\GC\3.0a5.2\mwldeppc.exe Linker Warning:
#   FORCEACTIVE symbol 'lbl_86_rodata_8' is either not a global symbol or 
#   doesn't exist.  Ignored.
### build\compilers\GC\3.0a5.2\mwldeppc.exe Linker Warning:
#   FORCEACTIVE symbol 'lbl_86_data_4' is either not a global symbol or 
#   doesn't exist.  Ignored.
### build\compilers\GC\3.0a5.2\mwldeppc.exe Linker Warning:
#   FORCEACTIVE symbol 'lbl_86_data_264' is either not a global symbol or 
#   doesn't exist.  Ignored.
### build\compilers\GC\3.0a5.2\mwldeppc.exe Linker Warning:
#   FORCEACTIVE symbol 'lbl_86_data_278' is either not a global symbol or 
#   doesn't exist.  Ignored.
### build\compilers\GC\3.0a5.2\mwldeppc.exe Linker Warning:
#   FORCEACTIVE symbol 'lbl_86_data_2A8' is either not a global symbol or 
#   doesn't exist.  Ignored.
### build\compilers\GC\3.0a5.2\mwldeppc.exe Linker Warning:
#   FORCEACTIVE symbol 'lbl_86_data_2B0' is either not a global symbol or 
#   doesn't exist.  Ignored.
### build\compilers\GC\3.0a5.2\mwldeppc.exe Linker Warning:
#   FORCEACTIVE symbol 'lbl_86_data_2D8' is either not a global symbol or 
#   doesn't exist.  Ignored.
### build\compilers\GC\3.0a5.2\mwldeppc.exe Linker Warning:
#   FORCEACTIVE symbol 'lbl_86_data_2E8' is either not a global symbol or 
#   doesn't exist.  Ignored.
### build\compilers\GC\3.0a5.2\mwldeppc.exe Linker Warning:
#   FORCEACTIVE symbol 'lbl_86_data_308' is either not a global symbol or 
#   doesn't exist.  Ignored.
### build\compilers\GC\3.0a5.2\mwldeppc.exe Linker Warning:
#   FORCEACTIVE symbol 'lbl_86_data_310' is either not a global symbol or 
#   doesn't exist.  Ignored.
### build\compilers\GC\3.0a5.2\mwldeppc.exe Linker Warning:
#   FORCEACTIVE symbol 'lbl_86_data_328' is either not a global symbol or 
#   doesn't exist.  Ignored.
### build\compilers\GC\3.0a5.2\mwldeppc.exe Linker Warning:
#   FORCEACTIVE symbol 'lbl_86_data_34C' is either not a global symbol or 
#   doesn't exist.  Ignored.
### build\compilers\GC\3.0a5.2\mwldeppc.exe Linker Warning:
#   FORCEACTIVE symbol 'lbl_86_data_374' is either not a global symbol or 
#   doesn't exist.  Ignored.
### build\compilers\GC\3.0a5.2\mwldeppc.exe Linker Warning:
#   FORCEACTIVE symbol 'lbl_86_data_388' is either not a global symbol or 
#   doesn't exist.  Ignored.
### build\compilers\GC\3.0a5.2\mwldeppc.exe Linker Warning:
#   FORCEACTIVE symbol 'lbl_86_bss_8' is either not a global symbol or doesn't 
#   exist.  Ignored.
[430/499] LINK build\RSBE01_01\st_heal\st_heal.plf
### build\compilers\GC\3.0a5.2\mwldeppc.exe Linker Warning:
#   FORCEACTIVE symbol '__sinit_\st_heal_cpp' is either not a global symbol or 
#   doesn't exist.  Ignored.
### build\compilers\GC\3.0a5.2\mwldeppc.exe Linker Warning:
#   FORCEACTIVE symbol 'lbl_87_rodata_0' is either not a global symbol or 
#   doesn't exist.  Ignored.
### build\compilers\GC\3.0a5.2\mwldeppc.exe Linker Warning:
#   FORCEACTIVE symbol 'lbl_87_rodata_8' is either not a global symbol or 
#   doesn't exist.  Ignored.
### build\compilers\GC\3.0a5.2\mwldeppc.exe Linker Warning:
#   FORCEACTIVE symbol 'lbl_87_rodata_10' is either not a global symbol or 
#   doesn't exist.  Ignored.
### build\compilers\GC\3.0a5.2\mwldeppc.exe Linker Warning:
#   FORCEACTIVE symbol 'lbl_87_data_0' is either not a global symbol or 
#   doesn't exist.  Ignored.
### build\compilers\GC\3.0a5.2\mwldeppc.exe Linker Warning:
#   FORCEACTIVE symbol 'lbl_87_data_4' is either not a global symbol or 
#   doesn't exist.  Ignored.
### build\compilers\GC\3.0a5.2\mwldeppc.exe Linker Warning:
#   FORCEACTIVE symbol 'lbl_87_data_32C' is either not a global symbol or 
#   doesn't exist.  Ignored.
### build\compilers\GC\3.0a5.2\mwldeppc.exe Linker Warning:
#   FORCEACTIVE symbol 'lbl_87_data_334' is either not a global symbol or 
#   doesn't exist.  Ignored.
### build\compilers\GC\3.0a5.2\mwldeppc.exe Linker Warning:
#   FORCEACTIVE symbol 'lbl_87_data_360' is either not a global symbol or 
#   doesn't exist.  Ignored.
### build\compilers\GC\3.0a5.2\mwldeppc.exe Linker Warning:
#   FORCEACTIVE symbol 'lbl_87_data_368' is either not a global symbol or 
#   doesn't exist.  Ignored.
### build\compilers\GC\3.0a5.2\mwldeppc.exe Linker Warning:
#   FORCEACTIVE symbol 'lbl_87_data_390' is either not a global symbol or 
#   doesn't exist.  Ignored.
### build\compilers\GC\3.0a5.2\mwldeppc.exe Linker Warning:
#   FORCEACTIVE symbol 'lbl_87_data_3A0' is either not a global symbol or 
#   doesn't exist.  Ignored.
### build\compilers\GC\3.0a5.2\mwldeppc.exe Linker Warning:
#   FORCEACTIVE symbol 'lbl_87_data_3C0' is either not a global symbol or 
#   doesn't exist.  Ignored.
### build\compilers\GC\3.0a5.2\mwldeppc.exe Linker Warning:
#   FORCEACTIVE symbol 'lbl_87_data_3C8' is either not a global symbol or 
#   doesn't exist.  Ignored.
### build\compilers\GC\3.0a5.2\mwldeppc.exe Linker Warning:
#   FORCEACTIVE symbol 'lbl_87_data_3E0' is either not a global symbol or 
#   doesn't exist.  Ignored.
### build\compilers\GC\3.0a5.2\mwldeppc.exe Linker Warning:
#   FORCEACTIVE symbol 'lbl_87_data_404' is either not a global symbol or 
#   doesn't exist.  Ignored.
### build\compilers\GC\3.0a5.2\mwldeppc.exe Linker Warning:
#   FORCEACTIVE symbol 'lbl_87_data_420' is either not a global symbol or 
#   doesn't exist.  Ignored.
### build\compilers\GC\3.0a5.2\mwldeppc.exe Linker Warning:
#   FORCEACTIVE symbol 'lbl_87_data_438' is either not a global symbol or 
#   doesn't exist.  Ignored.
### build\compilers\GC\3.0a5.2\mwldeppc.exe Linker Warning:
#   FORCEACTIVE symbol 'lbl_87_bss_8' is either not a global symbol or doesn't 
#   exist.  Ignored.
[431/499] LINK build\RSBE01_01\st_tbreak\st_tbreak.plf
### build\compilers\GC\3.0a5.2\mwldeppc.exe Linker Warning:
#   FORCEACTIVE symbol 'lbl_89_rodata_A0' is either not a global symbol or 
#   doesn't exist.  Ignored.
### build\compilers\GC\3.0a5.2\mwldeppc.exe Linker Warning:
#   FORCEACTIVE symbol 'lbl_89_data_EB0' is either not a global symbol or 
#   doesn't exist.  Ignored.
### build\compilers\GC\3.0a5.2\mwldeppc.exe Linker Warning:
#   FORCEACTIVE symbol 'lbl_89_data_EC0' is either not a global symbol or 
#   doesn't exist.  Ignored.
### build\compilers\GC\3.0a5.2\mwldeppc.exe Linker Warning:
#   FORCEACTIVE symbol 'lbl_89_data_EF8' is either not a global symbol or 
#   doesn't exist.  Ignored.
### build\compilers\GC\3.0a5.2\mwldeppc.exe Linker Warning:
#   FORCEACTIVE symbol 'lbl_89_data_F00' is either not a global symbol or 
#   doesn't exist.  Ignored.
### build\compilers\GC\3.0a5.2\mwldeppc.exe Linker Warning:
#   FORCEACTIVE symbol 'lbl_89_data_F0C' is either not a global symbol or 
#   doesn't exist.  Ignored.
### build\compilers\GC\3.0a5.2\mwldeppc.exe Linker Warning:
#   FORCEACTIVE symbol 'lbl_89_data_F38' is either not a global symbol or 
#   doesn't exist.  Ignored.
### build\compilers\GC\3.0a5.2\mwldeppc.exe Linker Warning:
#   FORCEACTIVE symbol 'lbl_89_data_F40' is either not a global symbol or 
#   doesn't exist.  Ignored.
### build\compilers\GC\3.0a5.2\mwldeppc.exe Linker Warning:
#   FORCEACTIVE symbol 'lbl_89_data_F50' is either not a global symbol or 
#   doesn't exist.  Ignored.
### build\compilers\GC\3.0a5.2\mwldeppc.exe Linker Warning:
#   FORCEACTIVE symbol 'lbl_89_data_F78' is either not a global symbol or 
#   doesn't exist.  Ignored.
[432/499] LINK build\RSBE01_01\st_dxbigblue\st_dxbigblue.plf
### build\compilers\GC\3.0a5.2\mwldeppc.exe Linker Warning:
#   FORCEACTIVE symbol 'lbl_81_rodata_90' is either not a global symbol or 
#   doesn't exist.  Ignored.
### build\compilers\GC\3.0a5.2\mwldeppc.exe Linker Warning:
#   FORCEACTIVE symbol 'lbl_81_data_970' is either not a global symbol or 
#   doesn't exist.  Ignored.
### build\compilers\GC\3.0a5.2\mwldeppc.exe Linker Warning:
#   FORCEACTIVE symbol 'lbl_81_data_97C' is either not a global symbol or 
#   doesn't exist.  Ignored.
### build\compilers\GC\3.0a5.2\mwldeppc.exe Linker Warning:
#   FORCEACTIVE symbol 'lbl_81_data_9A8' is either not a global symbol or 
#   doesn't exist.  Ignored.
### build\compilers\GC\3.0a5.2\mwldeppc.exe Linker Warning:
#   FORCEACTIVE symbol 'lbl_81_data_9B4' is either not a global symbol or 
#   doesn't exist.  Ignored.
### build\compilers\GC\3.0a5.2\mwldeppc.exe Linker Warning:
#   FORCEACTIVE symbol 'lbl_81_data_9D8' is either not a global symbol or 
#   doesn't exist.  Ignored.
### build\compilers\GC\3.0a5.2\mwldeppc.exe Linker Warning:
#   FORCEACTIVE symbol 'lbl_81_data_9E4' is either not a global symbol or 
#   doesn't exist.  Ignored.
### build\compilers\GC\3.0a5.2\mwldeppc.exe Linker Warning:
#   FORCEACTIVE symbol 'lbl_81_data_A00' is either not a global symbol or 
#   doesn't exist.  Ignored.
### build\compilers\GC\3.0a5.2\mwldeppc.exe Linker Warning:
#   FORCEACTIVE symbol 'lbl_81_data_A08' is either not a global symbol or 
#   doesn't exist.  Ignored.
[433/499] LINK build\RSBE01_01\st_dxcorneria\st_dxcorneria.plf
### build\compilers\GC\3.0a5.2\mwldeppc.exe Linker Warning:
#   FORCEACTIVE symbol 'lbl_82_rodata_C0' is either not a global symbol or 
#   doesn't exist.  Ignored.
### build\compilers\GC\3.0a5.2\mwldeppc.exe Linker Warning:
#   FORCEACTIVE symbol 'lbl_82_rodata_C4' is either not a global symbol or 
#   doesn't exist.  Ignored.
### build\compilers\GC\3.0a5.2\mwldeppc.exe Linker Warning:
#   FORCEACTIVE symbol 'lbl_82_rodata_C8' is either not a global symbol or 
#   doesn't exist.  Ignored.
### build\compilers\GC\3.0a5.2\mwldeppc.exe Linker Warning:
#   FORCEACTIVE symbol 'lbl_82_data_6B0' is either not a global symbol or 
#   doesn't exist.  Ignored.
### build\compilers\GC\3.0a5.2\mwldeppc.exe Linker Warning:
#   FORCEACTIVE symbol 'lbl_82_data_8A0' is either not a global symbol or 
#   doesn't exist.  Ignored.
### build\compilers\GC\3.0a5.2\mwldeppc.exe Linker Warning:
#   FORCEACTIVE symbol 'lbl_82_data_8B4' is either not a global symbol or 
#   doesn't exist.  Ignored.
### build\compilers\GC\3.0a5.2\mwldeppc.exe Linker Warning:
#   FORCEACTIVE symbol 'lbl_82_data_AB8' is either not a global symbol or 
#   doesn't exist.  Ignored.
### build\compilers\GC\3.0a5.2\mwldeppc.exe Linker Warning:
#   FORCEACTIVE symbol 'lbl_82_data_AC8' is either not a global symbol or 
#   doesn't exist.  Ignored.
### build\compilers\GC\3.0a5.2\mwldeppc.exe Linker Warning:
#   FORCEACTIVE symbol 'lbl_82_data_B08' is either not a global symbol or 
#   doesn't exist.  Ignored.
### build\compilers\GC\3.0a5.2\mwldeppc.exe Linker Warning:
#   FORCEACTIVE symbol 'lbl_82_data_B14' is either not a global symbol or 
#   doesn't exist.  Ignored.
### build\compilers\GC\3.0a5.2\mwldeppc.exe Linker Warning:
#   FORCEACTIVE symbol 'lbl_82_data_B48' is either not a global symbol or 
#   doesn't exist.  Ignored.
### build\compilers\GC\3.0a5.2\mwldeppc.exe Linker Warning:
#   FORCEACTIVE symbol 'lbl_82_data_B58' is either not a global symbol or 
#   doesn't exist.  Ignored.
### build\compilers\GC\3.0a5.2\mwldeppc.exe Linker Warning:
#   FORCEACTIVE symbol 'lbl_82_data_B88' is either not a global symbol or 
#   doesn't exist.  Ignored.
### build\compilers\GC\3.0a5.2\mwldeppc.exe Linker Warning:
#   FORCEACTIVE symbol 'lbl_82_data_B94' is either not a global symbol or 
#   doesn't exist.  Ignored.
### build\compilers\GC\3.0a5.2\mwldeppc.exe Linker Warning:
#   FORCEACTIVE symbol 'lbl_82_data_BB8' is either not a global symbol or 
#   doesn't exist.  Ignored.
### build\compilers\GC\3.0a5.2\mwldeppc.exe Linker Warning:
#   FORCEACTIVE symbol 'lbl_82_data_BC4' is either not a global symbol or 
#   doesn't exist.  Ignored.
### build\compilers\GC\3.0a5.2\mwldeppc.exe Linker Warning:
#   FORCEACTIVE symbol 'lbl_82_data_BE0' is either not a global symbol or 
#   doesn't exist.  Ignored.
### build\compilers\GC\3.0a5.2\mwldeppc.exe Linker Warning:
#   FORCEACTIVE symbol 'lbl_82_data_BE8' is either not a global symbol or 
#   doesn't exist.  Ignored.
[434/499] LINK build\RSBE01_01\ft_marth\ft_marth.plf
### build\compilers\GC\3.0a5.2\mwldeppc.exe Linker Warning:
#   FORCEACTIVE symbol '__sinit_\ft_marth_status_uniq_process_special_lw_cpp' 
#   is either not a global symbol or doesn't exist.  Ignored.
### build\compilers\GC\3.0a5.2\mwldeppc.exe Linker Warning:
#   FORCEACTIVE symbol 'lbl_106_rodata_38' is either not a global symbol or 
#   doesn't exist.  Ignored.
### build\compilers\GC\3.0a5.2\mwldeppc.exe Linker Warning:
#   FORCEACTIVE symbol 'lbl_106_data_5640' is either not a global symbol or 
#   doesn't exist.  Ignored.
### build\compilers\GC\3.0a5.2\mwldeppc.exe Linker Warning:
#   FORCEACTIVE symbol 'lbl_106_data_5664' is either not a global symbol or 
#   doesn't exist.  Ignored.
### build\compilers\GC\3.0a5.2\mwldeppc.exe Linker Warning:
#   FORCEACTIVE symbol 'lbl_106_bss_1B8' is either not a global symbol or 
#   doesn't exist.  Ignored.
[435/499] LINK build\RSBE01_01\ft_ness\ft_ness.plf
[436/499] LINK build\RSBE01_01\ft_iceclimber\ft_iceclimber.plf
[437/499] LINK build\RSBE01_01\ft_zelda\ft_zelda.plf
[438/499] LINK build\RSBE01_01\ft_falco\ft_falco.plf
[439/499] LINK build\RSBE01_01\ft_gamewatch\ft_gamewatch.plf
[440/499] LINK build\RSBE01_01\ft_metaknight\ft_metaknight.plf
[441/499] LINK build\RSBE01_01\ft_wario\ft_wario.plf
[442/499] LINK build\RSBE01_01\sora_enemy\sora_enemy.plf
### build\compilers\GC\3.0a5.2\mwldeppc.exe Linker Warning:
#   FORCEACTIVE symbol 
#   'emResourceModuleImpl::DeleteExParam<emKuriboParam>(void)' is either not a 
#   global symbol or doesn't exist.  Ignored.
### build\compilers\GC\3.0a5.2\mwldeppc.exe Linker Warning:
#   FORCEACTIVE symbol 
#   'emResourceModuleImpl::DeleteExParam<emPopperamParam>(void)' is either not 
#   a global symbol or doesn't exist.  Ignored.
### build\compilers\GC\3.0a5.2\mwldeppc.exe Linker Warning:
#   FORCEACTIVE symbol 
#   'emResourceModuleImpl::DeleteExParam<emPacciParam>(void)' is either not a 
#   global symbol or doesn't exist.  Ignored.
### build\compilers\GC\3.0a5.2\mwldeppc.exe Linker Warning:
#   FORCEACTIVE symbol 
#   'emResourceModuleImpl::DeleteExParam<emJyakeelParam>(void)' is either not 
#   a global symbol or doesn't exist.  Ignored.
### build\compilers\GC\3.0a5.2\mwldeppc.exe Linker Warning:
#   FORCEACTIVE symbol 
#   'emResourceModuleImpl::DeleteExParam<emAroarosParam>(void)' is either not 
#   a global symbol or doesn't exist.  Ignored.
### build\compilers\GC\3.0a5.2\mwldeppc.exe Linker Warning:
#   FORCEACTIVE symbol 
#   'emResourceModuleImpl::DeleteExParam<emCymalParam>(void)' is either not a 
#   global symbol or doesn't exist.  Ignored.
### build\compilers\GC\3.0a5.2\mwldeppc.exe Linker Warning:
#   FORCEACTIVE symbol 
#   'emResourceModuleImpl::DeleteExParam<emDeathpodParam>(void)' is either not 
#   a global symbol or doesn't exist.  Ignored.
### build\compilers\GC\3.0a5.2\mwldeppc.exe Linker Warning:
#   FORCEACTIVE symbol 
#   'emResourceModuleImpl::DeleteExParam<emBoobasParam>(void)' is either not a 
#   global symbol or doesn't exist.  Ignored.
### build\compilers\GC\3.0a5.2\mwldeppc.exe Linker Warning:
#   FORCEACTIVE symbol 
#   'emResourceModuleImpl::DeleteExParam<emDekakuriboParam>(void)' is either 
#   not a global symbol or doesn't exist.  Ignored.
### build\compilers\GC\3.0a5.2\mwldeppc.exe Linker Warning:
#   FORCEACTIVE symbol 
#   'emResourceModuleImpl::DeleteExParam<emBotronParam>(void)' is either not a 
#   global symbol or doesn't exist.  Ignored.
### build\compilers\GC\3.0a5.2\mwldeppc.exe Linker Warning:
#   FORCEACTIVE symbol 
#   'emResourceModuleImpl::DeleteExParam<emBucyulusParam>(void)' is either not 
#   a global symbol or doesn't exist.  Ignored.
### build\compilers\GC\3.0a5.2\mwldeppc.exe Linker Warning:
#   FORCEACTIVE symbol 
#   'emResourceModuleImpl::DeleteExParam<emGyraanParam>(void)' is either not a 
#   global symbol or doesn't exist.  Ignored.
### build\compilers\GC\3.0a5.2\mwldeppc.exe Linker Warning:
#   FORCEACTIVE symbol 
#   'emResourceModuleImpl::DeleteExParam<emSiralamosParam>(void)' is either 
#   not a global symbol or doesn't exist.  Ignored.
### build\compilers\GC\3.0a5.2\mwldeppc.exe Linker Warning:
#   FORCEACTIVE symbol 
#   'emResourceModuleImpl::DeleteExParam<emKillerParam>(void)' is either not a 
#   global symbol or doesn't exist.  Ignored.
### build\compilers\GC\3.0a5.2\mwldeppc.exe Linker Warning:
#   FORCEACTIVE symbol 
#   'emResourceModuleImpl::DeleteExParam<emRoadaParam>(void)' is either not a 
#   global symbol or doesn't exist.  Ignored.
### build\compilers\GC\3.0a5.2\mwldeppc.exe Linker Warning:
#   FORCEACTIVE symbol 
#   'emResourceModuleImpl::DeleteExParam<emSparParam>(void)' is either not a 
#   global symbol or doesn't exist.  Ignored.
### build\compilers\GC\3.0a5.2\mwldeppc.exe Linker Warning:
#   FORCEACTIVE symbol 
#   'emResourceModuleImpl::DeleteExParam<emMiteParam>(void)' is either not a 
#   global symbol or doesn't exist.  Ignored.
### build\compilers\GC\3.0a5.2\mwldeppc.exe Linker Warning:
#   FORCEACTIVE symbol 
#   'emResourceModuleImpl::DeleteExParam<emTeckinParam>(void)' is either not a 
#   global symbol or doesn't exist.  Ignored.
### build\compilers\GC\3.0a5.2\mwldeppc.exe Linker Warning:
#   FORCEACTIVE symbol 
#   'emResourceModuleImpl::DeleteExParam<emTautauParam>(void)' is either not a 
#   global symbol or doesn't exist.  Ignored.
### build\compilers\GC\3.0a5.2\mwldeppc.exe Linker Warning:
#   FORCEACTIVE symbol 
#   'emResourceModuleImpl::DeleteExParam<emHammerbrosParam>(void)' is either 
#   not a global symbol or doesn't exist.  Ignored.
### build\compilers\GC\3.0a5.2\mwldeppc.exe Linker Warning:
#   FORCEACTIVE symbol 
#   'emResourceModuleImpl::DeleteExParam<emBitanParam>(void)' is either not a 
#   global symbol or doesn't exist.  Ignored.
### build\compilers\GC\3.0a5.2\mwldeppc.exe Linker Warning:
#   FORCEACTIVE symbol 
#   'emResourceModuleImpl::DeleteExParam<emFlowsParam>(void)' is either not a 
#   global symbol or doesn't exist.  Ignored.
### build\compilers\GC\3.0a5.2\mwldeppc.exe Linker Warning:
#   FORCEACTIVE symbol 
#   'emResourceModuleImpl::DeleteExParam<emKokkonParam>(void)' is either not a 
#   global symbol or doesn't exist.  Ignored.
### build\compilers\GC\3.0a5.2\mwldeppc.exe Linker Warning:
#   FORCEACTIVE symbol 
#   'emResourceModuleImpl::DeleteExParam<emPrimParam>(void)' is either not a 
#   global symbol or doesn't exist.  Ignored.
### build\compilers\GC\3.0a5.2\mwldeppc.exe Linker Warning:
#   FORCEACTIVE symbol 
#   'emResourceModuleImpl::DeleteExParam<emShellyParam>(void)' is either not a 
#   global symbol or doesn't exist.  Ignored.
### build\compilers\GC\3.0a5.2\mwldeppc.exe Linker Warning:
#   FORCEACTIVE symbol 
#   'emResourceModuleImpl::DeleteExParam<emPatapataParam>(void)' is either not 
#   a global symbol or doesn't exist.  Ignored.
### build\compilers\GC\3.0a5.2\mwldeppc.exe Linker Warning:
#   FORCEACTIVE symbol 
#   'emResourceModuleImpl::DeleteExParam<emJdusParam>(void)' is either not a 
#   global symbol or doesn't exist.  Ignored.
### build\compilers\GC\3.0a5.2\mwldeppc.exe Linker Warning:
#   FORCEACTIVE symbol 
#   'emResourceModuleImpl::DeleteExParam<emBombheadParam>(void)' is either not 
#   a global symbol or doesn't exist.  Ignored.
### build\compilers\GC\3.0a5.2\mwldeppc.exe Linker Warning:
#   FORCEACTIVE symbol 
#   'emResourceModuleImpl::DeleteExParam<emNgagogParam>(void)' is either not a 
#   global symbol or doesn't exist.  Ignored.
### build\compilers\GC\3.0a5.2\mwldeppc.exe Linker Warning:
#   FORCEACTIVE symbol 
#   'emResourceModuleImpl::DeleteExParam<emFaulongParam>(void)' is either not 
#   a global symbol or doesn't exist.  Ignored.
### build\compilers\GC\3.0a5.2\mwldeppc.exe Linker Warning:
#   FORCEACTIVE symbol 
#   'emResourceModuleImpl::DeleteExParam<emGhamghaParam>(void)' is either not 
#   a global symbol or doesn't exist.  Ignored.
### build\compilers\GC\3.0a5.2\mwldeppc.exe Linker Warning:
#   FORCEACTIVE symbol 
#   'emResourceModuleImpl::DeleteExParam<emRobobeamParam>(void)' is either not 
#   a global symbol or doesn't exist.  Ignored.
### build\compilers\GC\3.0a5.2\mwldeppc.exe Linker Warning:
#   FORCEACTIVE symbol 
#   'emResourceModuleImpl::DeleteExParam<emRobodistanceParam>(void)' is either 
#   not a global symbol or doesn't exist.  Ignored.
### build\compilers\GC\3.0a5.2\mwldeppc.exe Linker Warning:
#   FORCEACTIVE symbol 
#   'emResourceModuleImpl::DeleteExParam<emRobohomingParam>(void)' is either 
#   not a global symbol or doesn't exist.  Ignored.
### build\compilers\GC\3.0a5.2\mwldeppc.exe Linker Warning:
#   FORCEACTIVE symbol 
#   'emResourceModuleImpl::DeleteExParam<emRobopunchParam>(void)' is either 
#   not a global symbol or doesn't exist.  Ignored.
### build\compilers\GC\3.0a5.2\mwldeppc.exe Linker Warning:
#   FORCEACTIVE symbol 
#   'emResourceModuleImpl::DeleteExParam<emCataguardParam>(void)' is either 
#   not a global symbol or doesn't exist.  Ignored.
### build\compilers\GC\3.0a5.2\mwldeppc.exe Linker Warning:
#   FORCEACTIVE symbol 
#   'emResourceModuleImpl::DeleteExParam<emArmanParam>(void)' is either not a 
#   global symbol or doesn't exist.  Ignored.
### build\compilers\GC\3.0a5.2\mwldeppc.exe Linker Warning:
#   FORCEACTIVE symbol 
#   'emResourceModuleImpl::DeleteExParam<emGalfireParam>(void)' is either not 
#   a global symbol or doesn't exist.  Ignored.
### build\compilers\GC\3.0a5.2\mwldeppc.exe Linker Warning:
#   FORCEACTIVE symbol 
#   'emResourceModuleImpl::DeleteExParam<emBosspackunParam>(void)' is either 
#   not a global symbol or doesn't exist.  Ignored.
### build\compilers\GC\3.0a5.2\mwldeppc.exe Linker Warning:
#   FORCEACTIVE symbol 
#   'emResourceModuleImpl::DeleteExParam<emGhamghabaseParam>(void)' is either 
#   not a global symbol or doesn't exist.  Ignored.
### build\compilers\GC\3.0a5.2\mwldeppc.exe Linker Warning:
#   FORCEACTIVE symbol 
#   'emResourceModuleImpl::DeleteExParam<emGalleomParam>(void)' is either not 
#   a global symbol or doesn't exist.  Ignored.
### build\compilers\GC\3.0a5.2\mwldeppc.exe Linker Warning:
#   FORCEACTIVE symbol 
#   'emResourceModuleImpl::DeleteExParam<emRidleyParam>(void)' is either not a 
#   global symbol or doesn't exist.  Ignored.
### build\compilers\GC\3.0a5.2\mwldeppc.exe Linker Warning:
#   FORCEACTIVE symbol 
#   'emResourceModuleImpl::DeleteExParam<emRayquazaParam>(void)' is either not 
#   a global symbol or doesn't exist.  Ignored.
### build\compilers\GC\3.0a5.2\mwldeppc.exe Linker Warning:
#   FORCEACTIVE symbol 
#   'emResourceModuleImpl::DeleteExParam<emDuonParam>(void)' is either not a 
#   global symbol or doesn't exist.  Ignored.
### build\compilers\GC\3.0a5.2\mwldeppc.exe Linker Warning:
#   FORCEACTIVE symbol 
#   'emResourceModuleImpl::DeleteExParam<emPorkyParam>(void)' is either not a 
#   global symbol or doesn't exist.  Ignored.
### build\compilers\GC\3.0a5.2\mwldeppc.exe Linker Warning:
#   FORCEACTIVE symbol 
#   'emResourceModuleImpl::DeleteExParam<emMetaridleyParam>(void)' is either 
#   not a global symbol or doesn't exist.  Ignored.
### build\compilers\GC\3.0a5.2\mwldeppc.exe Linker Warning:
#   FORCEACTIVE symbol 
#   'emResourceModuleImpl::DeleteExParam<emFalconflyerParam>(void)' is either 
#   not a global symbol or doesn't exist.  Ignored.
### build\compilers\GC\3.0a5.2\mwldeppc.exe Linker Warning:
#   FORCEACTIVE symbol 
#   'emResourceModuleImpl::DeleteExParam<emTabooParam>(void)' is either not a 
#   global symbol or doesn't exist.  Ignored.
### build\compilers\GC\3.0a5.2\mwldeppc.exe Linker Warning:
#   FORCEACTIVE symbol 
#   'emResourceModuleImpl::DeleteExParam<emMasterhandParam>(void)' is either 
#   not a global symbol or doesn't exist.  Ignored.
### build\compilers\GC\3.0a5.2\mwldeppc.exe Linker Warning:
#   FORCEACTIVE symbol 
#   'emResourceModuleImpl::DeleteExParam<emCrazyhandParam>(void)' is either 
#   not a global symbol or doesn't exist.  Ignored.
### build\compilers\GC\3.0a5.2\mwldeppc.exe Linker Warning:
#   FORCEACTIVE symbol 'emInfo::isInvalidKind(emKind)' is either not a global 
#   symbol or doesn't exist.  Ignored.
### build\compilers\GC\3.0a5.2\mwldeppc.exe Linker Warning:
#   FORCEACTIVE symbol 'emInfo::getMotionNum(emKind)' is either not a global 
#   symbol or doesn't exist.  Ignored.
### build\compilers\GC\3.0a5.2\mwldeppc.exe Linker Warning:
#   FORCEACTIVE symbol 'emInfo::getStatusNum(emKind)' is either not a global 
#   symbol or doesn't exist.  Ignored.
### build\compilers\GC\3.0a5.2\mwldeppc.exe Linker Warning:
#   FORCEACTIVE symbol 'emInfo::getNamePtr()' is either not a global symbol or 
#   doesn't exist.  Ignored.
### build\compilers\GC\3.0a5.2\mwldeppc.exe Linker Warning:
#   FORCEACTIVE symbol '__sinit_\em_info_cpp' is either not a global symbol or 
#   doesn't exist.  Ignored.
### build\compilers\GC\3.0a5.2\mwldeppc.exe Linker Warning:
#   FORCEACTIVE symbol '__sinit_\em_robopunch_param_accesser_cpp' is either 
#   not a global symbol or doesn't exist.  Ignored.
### build\compilers\GC\3.0a5.2\mwldeppc.exe Linker Warning:
#   FORCEACTIVE symbol 'lbl_41_rodata_BD8' is either not a global symbol or 
#   doesn't exist.  Ignored.
### build\compilers\GC\3.0a5.2\mwldeppc.exe Linker Warning:
#   FORCEACTIVE symbol 'lbl_41_rodata_D88' is either not a global symbol or 
#   doesn't exist.  Ignored.
### build\compilers\GC\3.0a5.2\mwldeppc.exe Linker Warning:
#   FORCEACTIVE symbol 'lbl_41_rodata_D90' is either not a global symbol or 
#   doesn't exist.  Ignored.
### build\compilers\GC\3.0a5.2\mwldeppc.exe Linker Warning:
#   FORCEACTIVE symbol 'lbl_41_rodata_E88' is either not a global symbol or 
#   doesn't exist.  Ignored.
### build\compilers\GC\3.0a5.2\mwldeppc.exe Linker Warning:
#   FORCEACTIVE symbol 'lbl_41_rodata_E90' is either not a global symbol or 
#   doesn't exist.  Ignored.
### build\compilers\GC\3.0a5.2\mwldeppc.exe Linker Warning:
#   FORCEACTIVE symbol 'lbl_41_rodata_E98' is either not a global symbol or 
#   doesn't exist.  Ignored.
### build\compilers\GC\3.0a5.2\mwldeppc.exe Linker Warning:
#   FORCEACTIVE symbol 'lbl_41_rodata_EA0' is either not a global symbol or 
#   doesn't exist.  Ignored.
### build\compilers\GC\3.0a5.2\mwldeppc.exe Linker Warning:
#   FORCEACTIVE symbol 'lbl_41_rodata_EB0' is either not a global symbol or 
#   doesn't exist.  Ignored.
### build\compilers\GC\3.0a5.2\mwldeppc.exe Linker Warning:
#   FORCEACTIVE symbol 'lbl_41_rodata_EB8' is either not a global symbol or 
#   doesn't exist.  Ignored.
### build\compilers\GC\3.0a5.2\mwldeppc.exe Linker Warning:
#   FORCEACTIVE symbol 'lbl_41_rodata_EC0' is either not a global symbol or 
#   doesn't exist.  Ignored.
### build\compilers\GC\3.0a5.2\mwldeppc.exe Linker Warning:
#   FORCEACTIVE symbol 'lbl_41_rodata_ED0' is either not a global symbol or 
#   doesn't exist.  Ignored.
### build\compilers\GC\3.0a5.2\mwldeppc.exe Linker Warning:
#   FORCEACTIVE symbol 'lbl_41_rodata_ED8' is either not a global symbol or 
#   doesn't exist.  Ignored.
### build\compilers\GC\3.0a5.2\mwldeppc.exe Linker Warning:
#   FORCEACTIVE symbol 'lbl_41_rodata_EE0' is either not a global symbol or 
#   doesn't exist.  Ignored.
### build\compilers\GC\3.0a5.2\mwldeppc.exe Linker Warning:
#   FORCEACTIVE symbol 'lbl_41_rodata_EE8' is either not a global symbol or 
#   doesn't exist.  Ignored.
### build\compilers\GC\3.0a5.2\mwldeppc.exe Linker Warning:
#   FORCEACTIVE symbol 'lbl_41_rodata_EF8' is either not a global symbol or 
#   doesn't exist.  Ignored.
### build\compilers\GC\3.0a5.2\mwldeppc.exe Linker Warning:
#   FORCEACTIVE symbol 'lbl_41_rodata_F08' is either not a global symbol or 
#   doesn't exist.  Ignored.
### build\compilers\GC\3.0a5.2\mwldeppc.exe Linker Warning:
#   FORCEACTIVE symbol 'lbl_41_rodata_F20' is either not a global symbol or 
#   doesn't exist.  Ignored.
### build\compilers\GC\3.0a5.2\mwldeppc.exe Linker Warning:
#   FORCEACTIVE symbol 'lbl_41_rodata_F28' is either not a global symbol or 
#   doesn't exist.  Ignored.
### build\compilers\GC\3.0a5.2\mwldeppc.exe Linker Warning:
#   FORCEACTIVE symbol 'lbl_41_rodata_F30' is either not a global symbol or 
#   doesn't exist.  Ignored.
### build\compilers\GC\3.0a5.2\mwldeppc.exe Linker Warning:
#   FORCEACTIVE symbol 'lbl_41_rodata_F70' is either not a global symbol or 
#   doesn't exist.  Ignored.
### build\compilers\GC\3.0a5.2\mwldeppc.exe Linker Warning:
#   FORCEACTIVE symbol 'lbl_41_rodata_1038' is either not a global symbol or 
#   doesn't exist.  Ignored.
### build\compilers\GC\3.0a5.2\mwldeppc.exe Linker Warning:
#   FORCEACTIVE symbol 'lbl_41_rodata_1040' is either not a global symbol or 
#   doesn't exist.  Ignored.
### build\compilers\GC\3.0a5.2\mwldeppc.exe Linker Warning:
#   FORCEACTIVE symbol 'lbl_41_rodata_1048' is either not a global symbol or 
#   doesn't exist.  Ignored.
### build\compilers\GC\3.0a5.2\mwldeppc.exe Linker Warning:
#   FORCEACTIVE symbol 'lbl_41_rodata_1050' is either not a global symbol or 
#   doesn't exist.  Ignored.
### build\compilers\GC\3.0a5.2\mwldeppc.exe Linker Warning:
#   FORCEACTIVE symbol 'lbl_41_rodata_1058' is either not a global symbol or 
#   doesn't exist.  Ignored.
### build\compilers\GC\3.0a5.2\mwldeppc.exe Linker Warning:
#   FORCEACTIVE symbol 'lbl_41_rodata_1060' is either not a global symbol or 
#   doesn't exist.  Ignored.
### build\compilers\GC\3.0a5.2\mwldeppc.exe Linker Warning:
#   FORCEACTIVE symbol 'lbl_41_rodata_1070' is either not a global symbol or 
#   doesn't exist.  Ignored.
### build\compilers\GC\3.0a5.2\mwldeppc.exe Linker Warning:
#   FORCEACTIVE symbol 'lbl_41_rodata_1078' is either not a global symbol or 
#   doesn't exist.  Ignored.
### build\compilers\GC\3.0a5.2\mwldeppc.exe Linker Warning:
#   FORCEACTIVE symbol 'lbl_41_rodata_1090' is either not a global symbol or 
#   doesn't exist.  Ignored.
### build\compilers\GC\3.0a5.2\mwldeppc.exe Linker Warning:
#   FORCEACTIVE symbol 'lbl_41_rodata_1098' is either not a global symbol or 
#   doesn't exist.  Ignored.
### build\compilers\GC\3.0a5.2\mwldeppc.exe Linker Warning:
#   FORCEACTIVE symbol 'lbl_41_rodata_10A0' is either not a global symbol or 
#   doesn't exist.  Ignored.
### build\compilers\GC\3.0a5.2\mwldeppc.exe Linker Warning:
#   FORCEACTIVE symbol 'lbl_41_rodata_10A8' is either not a global symbol or 
#   doesn't exist.  Ignored.
### build\compilers\GC\3.0a5.2\mwldeppc.exe Linker Warning:
#   FORCEACTIVE symbol 'lbl_41_rodata_10B0' is either not a global symbol or 
#   doesn't exist.  Ignored.
### build\compilers\GC\3.0a5.2\mwldeppc.exe Linker Warning:
#   FORCEACTIVE symbol 'lbl_41_rodata_10C0' is either not a global symbol or 
#   doesn't exist.  Ignored.
### build\compilers\GC\3.0a5.2\mwldeppc.exe Linker Warning:
#   FORCEACTIVE symbol 'lbl_41_rodata_10C8' is either not a global symbol or 
#   doesn't exist.  Ignored.
### build\compilers\GC\3.0a5.2\mwldeppc.exe Linker Warning:
#   FORCEACTIVE symbol 'lbl_41_rodata_10D8' is either not a global symbol or 
#   doesn't exist.  Ignored.
### build\compilers\GC\3.0a5.2\mwldeppc.exe Linker Warning:
#   FORCEACTIVE symbol 'lbl_41_rodata_10E0' is either not a global symbol or 
#   doesn't exist.  Ignored.
### build\compilers\GC\3.0a5.2\mwldeppc.exe Linker Warning:
#   FORCEACTIVE symbol 'lbl_41_rodata_10E8' is either not a global symbol or 
#   doesn't exist.  Ignored.
### build\compilers\GC\3.0a5.2\mwldeppc.exe Linker Warning:
#   FORCEACTIVE symbol 'lbl_41_rodata_10F0' is either not a global symbol or 
#   doesn't exist.  Ignored.
### build\compilers\GC\3.0a5.2\mwldeppc.exe Linker Warning:
#   FORCEACTIVE symbol 'lbl_41_rodata_10F8' is either not a global symbol or 
#   doesn't exist.  Ignored.
### build\compilers\GC\3.0a5.2\mwldeppc.exe Linker Warning:
#   FORCEACTIVE symbol 'lbl_41_rodata_1108' is either not a global symbol or 
#   doesn't exist.  Ignored.
### build\compilers\GC\3.0a5.2\mwldeppc.exe Linker Warning:
#   FORCEACTIVE symbol 'lbl_41_rodata_1110' is either not a global symbol or 
#   doesn't exist.  Ignored.
### build\compilers\GC\3.0a5.2\mwldeppc.exe Linker Warning:
#   FORCEACTIVE symbol 'lbl_41_rodata_1118' is either not a global symbol or 
#   doesn't exist.  Ignored.
### build\compilers\GC\3.0a5.2\mwldeppc.exe Linker Warning:
#   FORCEACTIVE symbol 'lbl_41_rodata_1128' is either not a global symbol or 
#   doesn't exist.  Ignored.
### build\compilers\GC\3.0a5.2\mwldeppc.exe Linker Warning:
#   FORCEACTIVE symbol 'lbl_41_rodata_1130' is either not a global symbol or 
#   doesn't exist.  Ignored.
### build\compilers\GC\3.0a5.2\mwldeppc.exe Linker Warning:
#   FORCEACTIVE symbol 'lbl_41_rodata_1140' is either not a global symbol or 
#   doesn't exist.  Ignored.
### build\compilers\GC\3.0a5.2\mwldeppc.exe Linker Warning:
#   FORCEACTIVE symbol 'lbl_41_rodata_1148' is either not a global symbol or 
#   doesn't exist.  Ignored.
### build\compilers\GC\3.0a5.2\mwldeppc.exe Linker Warning:
#   FORCEACTIVE symbol 'lbl_41_rodata_1150' is either not a global symbol or 
#   doesn't exist.  Ignored.
### build\compilers\GC\3.0a5.2\mwldeppc.exe Linker Warning:
#   FORCEACTIVE symbol 'lbl_41_rodata_1160' is either not a global symbol or 
#   doesn't exist.  Ignored.
### build\compilers\GC\3.0a5.2\mwldeppc.exe Linker Warning:
#   FORCEACTIVE symbol 'lbl_41_rodata_1178' is either not a global symbol or 
#   doesn't exist.  Ignored.
### build\compilers\GC\3.0a5.2\mwldeppc.exe Linker Warning:
#   FORCEACTIVE symbol 'lbl_41_rodata_1180' is either not a global symbol or 
#   doesn't exist.  Ignored.
### build\compilers\GC\3.0a5.2\mwldeppc.exe Linker Warning:
#   FORCEACTIVE symbol 'lbl_41_rodata_1190' is either not a global symbol or 
#   doesn't exist.  Ignored.
### build\compilers\GC\3.0a5.2\mwldeppc.exe Linker Warning:
#   FORCEACTIVE symbol 'lbl_41_rodata_11A0' is either not a global symbol or 
#   doesn't exist.  Ignored.
### build\compilers\GC\3.0a5.2\mwldeppc.exe Linker Warning:
#   FORCEACTIVE symbol 'lbl_41_rodata_11A8' is either not a global symbol or 
#   doesn't exist.  Ignored.
### build\compilers\GC\3.0a5.2\mwldeppc.exe Linker Warning:
#   FORCEACTIVE symbol 'lbl_41_rodata_11B8' is either not a global symbol or 
#   doesn't exist.  Ignored.
### build\compilers\GC\3.0a5.2\mwldeppc.exe Linker Warning:
#   FORCEACTIVE symbol 'lbl_41_rodata_11C8' is either not a global symbol or 
#   doesn't exist.  Ignored.
### build\compilers\GC\3.0a5.2\mwldeppc.exe Linker Warning:
#   FORCEACTIVE symbol 'lbl_41_data_1954' is either not a global symbol or 
#   doesn't exist.  Ignored.
### build\compilers\GC\3.0a5.2\mwldeppc.exe Linker Warning:
#   FORCEACTIVE symbol 'lbl_41_data_195C' is either not a global symbol or 
#   doesn't exist.  Ignored.
### build\compilers\GC\3.0a5.2\mwldeppc.exe Linker Warning:
#   FORCEACTIVE symbol 'lbl_41_data_1970' is either not a global symbol or 
#   doesn't exist.  Ignored.
### build\compilers\GC\3.0a5.2\mwldeppc.exe Linker Warning:
#   FORCEACTIVE symbol 'lbl_41_data_198C' is either not a global symbol or 
#   doesn't exist.  Ignored.
### build\compilers\GC\3.0a5.2\mwldeppc.exe Linker Warning:
#   FORCEACTIVE symbol 'lbl_41_data_2C18' is either not a global symbol or 
#   doesn't exist.  Ignored.
### build\compilers\GC\3.0a5.2\mwldeppc.exe Linker Warning:
#   FORCEACTIVE symbol 'lbl_41_data_2C23' is either not a global symbol or 
#   doesn't exist.  Ignored.
### build\compilers\GC\3.0a5.2\mwldeppc.exe Linker Warning:
#   FORCEACTIVE symbol 'lbl_41_data_2C60' is either not a global symbol or 
#   doesn't exist.  Ignored.
### build\compilers\GC\3.0a5.2\mwldeppc.exe Linker Warning:
#   FORCEACTIVE symbol 'lbl_41_data_2C78' is either not a global symbol or 
#   doesn't exist.  Ignored.
### build\compilers\GC\3.0a5.2\mwldeppc.exe Linker Warning:
#   FORCEACTIVE symbol 'lbl_41_data_2C9C' is either not a global symbol or 
#   doesn't exist.  Ignored.
### build\compilers\GC\3.0a5.2\mwldeppc.exe Linker Warning:
#   FORCEACTIVE symbol 'lbl_41_data_2CB4' is either not a global symbol or 
#   doesn't exist.  Ignored.
### build\compilers\GC\3.0a5.2\mwldeppc.exe Linker Warning:
#   FORCEACTIVE symbol 'lbl_41_data_2CD0' is either not a global symbol or 
#   doesn't exist.  Ignored.
### build\compilers\GC\3.0a5.2\mwldeppc.exe Linker Warning:
#   FORCEACTIVE symbol 'lbl_41_data_2CE4' is either not a global symbol or 
#   doesn't exist.  Ignored.
### build\compilers\GC\3.0a5.2\mwldeppc.exe Linker Warning:
#   FORCEACTIVE symbol 'lbl_41_data_3224' is either not a global symbol or 
#   doesn't exist.  Ignored.
### build\compilers\GC\3.0a5.2\mwldeppc.exe Linker Warning:
#   FORCEACTIVE symbol 'lbl_41_data_323C' is either not a global symbol or 
#   doesn't exist.  Ignored.
### build\compilers\GC\3.0a5.2\mwldeppc.exe Linker Warning:
#   FORCEACTIVE symbol 'lbl_41_data_3258' is either not a global symbol or 
#   doesn't exist.  Ignored.
### build\compilers\GC\3.0a5.2\mwldeppc.exe Linker Warning:
#   FORCEACTIVE symbol 'lbl_41_data_3268' is either not a global symbol or 
#   doesn't exist.  Ignored.
### build\compilers\GC\3.0a5.2\mwldeppc.exe Linker Warning:
#   FORCEACTIVE symbol 'lbl_41_data_36CC' is either not a global symbol or 
#   doesn't exist.  Ignored.
### build\compilers\GC\3.0a5.2\mwldeppc.exe Linker Warning:
#   FORCEACTIVE symbol 'lbl_41_data_36E0' is either not a global symbol or 
#   doesn't exist.  Ignored.
### build\compilers\GC\3.0a5.2\mwldeppc.exe Linker Warning:
#   FORCEACTIVE symbol 'lbl_41_data_36F4' is either not a global symbol or 
#   doesn't exist.  Ignored.
### build\compilers\GC\3.0a5.2\mwldeppc.exe Linker Warning:
#   FORCEACTIVE symbol 'lbl_41_data_3EE0' is either not a global symbol or 
#   doesn't exist.  Ignored.
### build\compilers\GC\3.0a5.2\mwldeppc.exe Linker Warning:
#   FORCEACTIVE symbol 'lbl_41_data_3EF8' is either not a global symbol or 
#   doesn't exist.  Ignored.
### build\compilers\GC\3.0a5.2\mwldeppc.exe Linker Warning:
#   FORCEACTIVE symbol 'lbl_41_data_6CFC' is either not a global symbol or 
#   doesn't exist.  Ignored.
### build\compilers\GC\3.0a5.2\mwldeppc.exe Linker Warning:
#   FORCEACTIVE symbol 'lbl_41_data_6D10' is either not a global symbol or 
#   doesn't exist.  Ignored.
### build\compilers\GC\3.0a5.2\mwldeppc.exe Linker Warning:
#   FORCEACTIVE symbol 'lbl_41_data_6D2C' is either not a global symbol or 
#   doesn't exist.  Ignored.
### build\compilers\GC\3.0a5.2\mwldeppc.exe Linker Warning:
#   FORCEACTIVE symbol 'lbl_41_data_6D3C' is either not a global symbol or 
#   doesn't exist.  Ignored.
### build\compilers\GC\3.0a5.2\mwldeppc.exe Linker Warning:
#   FORCEACTIVE symbol 'lbl_41_data_7194' is either not a global symbol or 
#   doesn't exist.  Ignored.
### build\compilers\GC\3.0a5.2\mwldeppc.exe Linker Warning:
#   FORCEACTIVE symbol 'lbl_41_data_71AC' is either not a global symbol or 
#   doesn't exist.  Ignored.
### build\compilers\GC\3.0a5.2\mwldeppc.exe Linker Warning:
#   FORCEACTIVE symbol 'lbl_41_data_7F54' is either not a global symbol or 
#   doesn't exist.  Ignored.
### build\compilers\GC\3.0a5.2\mwldeppc.exe Linker Warning:
#   FORCEACTIVE symbol 'lbl_41_data_7F70' is either not a global symbol or 
#   doesn't exist.  Ignored.
### build\compilers\GC\3.0a5.2\mwldeppc.exe Linker Warning:
#   FORCEACTIVE symbol 'lbl_41_data_8228' is either not a global symbol or 
#   doesn't exist.  Ignored.
### build\compilers\GC\3.0a5.2\mwldeppc.exe Linker Warning:
#   FORCEACTIVE symbol 'lbl_41_data_8240' is either not a global symbol or 
#   doesn't exist.  Ignored.
### build\compilers\GC\3.0a5.2\mwldeppc.exe Linker Warning:
#   FORCEACTIVE symbol 'lbl_41_data_84DC' is either not a global symbol or 
#   doesn't exist.  Ignored.
### build\compilers\GC\3.0a5.2\mwldeppc.exe Linker Warning:
#   FORCEACTIVE symbol 'lbl_41_data_84F4' is either not a global symbol or 
#   doesn't exist.  Ignored.
### build\compilers\GC\3.0a5.2\mwldeppc.exe Linker Warning:
#   FORCEACTIVE symbol 'lbl_41_data_8F7C' is either not a global symbol or 
#   doesn't exist.  Ignored.
### build\compilers\GC\3.0a5.2\mwldeppc.exe Linker Warning:
#   FORCEACTIVE symbol 'lbl_41_data_8F94' is either not a global symbol or 
#   doesn't exist.  Ignored.
### build\compilers\GC\3.0a5.2\mwldeppc.exe Linker Warning:
#   FORCEACTIVE symbol 'lbl_41_data_922C' is either not a global symbol or 
#   doesn't exist.  Ignored.
### build\compilers\GC\3.0a5.2\mwldeppc.exe Linker Warning:
#   FORCEACTIVE symbol 'lbl_41_data_9244' is either not a global symbol or 
#   doesn't exist.  Ignored.
### build\compilers\GC\3.0a5.2\mwldeppc.exe Linker Warning:
#   FORCEACTIVE symbol 'lbl_41_data_94DC' is either not a global symbol or 
#   doesn't exist.  Ignored.
### build\compilers\GC\3.0a5.2\mwldeppc.exe Linker Warning:
#   FORCEACTIVE symbol 'lbl_41_data_94F4' is either not a global symbol or 
#   doesn't exist.  Ignored.
### build\compilers\GC\3.0a5.2\mwldeppc.exe Linker Warning:
#   FORCEACTIVE symbol 'lbl_41_data_978C' is either not a global symbol or 
#   doesn't exist.  Ignored.
### build\compilers\GC\3.0a5.2\mwldeppc.exe Linker Warning:
#   FORCEACTIVE symbol 'lbl_41_data_97A4' is either not a global symbol or 
#   doesn't exist.  Ignored.
### build\compilers\GC\3.0a5.2\mwldeppc.exe Linker Warning:
#   FORCEACTIVE symbol 'lbl_41_data_9A3C' is either not a global symbol or 
#   doesn't exist.  Ignored.
### build\compilers\GC\3.0a5.2\mwldeppc.exe Linker Warning:
#   FORCEACTIVE symbol 'lbl_41_data_9A54' is either not a global symbol or 
#   doesn't exist.  Ignored.
### build\compilers\GC\3.0a5.2\mwldeppc.exe Linker Warning:
#   FORCEACTIVE symbol 'lbl_41_data_A53C' is either not a global symbol or 
#   doesn't exist.  Ignored.
### build\compilers\GC\3.0a5.2\mwldeppc.exe Linker Warning:
#   FORCEACTIVE symbol 'lbl_41_data_A554' is either not a global symbol or 
#   doesn't exist.  Ignored.
### build\compilers\GC\3.0a5.2\mwldeppc.exe Linker Warning:
#   FORCEACTIVE symbol 'lbl_41_data_A7F4' is either not a global symbol or 
#   doesn't exist.  Ignored.
### build\compilers\GC\3.0a5.2\mwldeppc.exe Linker Warning:
#   FORCEACTIVE symbol 'lbl_41_data_A810' is either not a global symbol or 
#   doesn't exist.  Ignored.
### build\compilers\GC\3.0a5.2\mwldeppc.exe Linker Warning:
#   FORCEACTIVE symbol 'lbl_41_data_AACC' is either not a global symbol or 
#   doesn't exist.  Ignored.
### build\compilers\GC\3.0a5.2\mwldeppc.exe Linker Warning:
#   FORCEACTIVE symbol 'lbl_41_data_AAE4' is either not a global symbol or 
#   doesn't exist.  Ignored.
### build\compilers\GC\3.0a5.2\mwldeppc.exe Linker Warning:
#   FORCEACTIVE symbol 'lbl_41_data_B424' is either not a global symbol or 
#   doesn't exist.  Ignored.
### build\compilers\GC\3.0a5.2\mwldeppc.exe Linker Warning:
#   FORCEACTIVE symbol 'lbl_41_data_B43C' is either not a global symbol or 
#   doesn't exist.  Ignored.
### build\compilers\GC\3.0a5.2\mwldeppc.exe Linker Warning:
#   FORCEACTIVE symbol 'lbl_41_data_BD60' is either not a global symbol or 
#   doesn't exist.  Ignored.
### build\compilers\GC\3.0a5.2\mwldeppc.exe Linker Warning:
#   FORCEACTIVE symbol 'lbl_41_data_BD78' is either not a global symbol or 
#   doesn't exist.  Ignored.
### build\compilers\GC\3.0a5.2\mwldeppc.exe Linker Warning:
#   FORCEACTIVE symbol 'lbl_41_data_C050' is either not a global symbol or 
#   doesn't exist.  Ignored.
### build\compilers\GC\3.0a5.2\mwldeppc.exe Linker Warning:
#   FORCEACTIVE symbol 'lbl_41_data_C064' is either not a global symbol or 
#   doesn't exist.  Ignored.
### build\compilers\GC\3.0a5.2\mwldeppc.exe Linker Warning:
#   FORCEACTIVE symbol 'lbl_41_data_D0A8' is either not a global symbol or 
#   doesn't exist.  Ignored.
### build\compilers\GC\3.0a5.2\mwldeppc.exe Linker Warning:
#   FORCEACTIVE symbol 'lbl_41_data_D0BC' is either not a global symbol or 
#   doesn't exist.  Ignored.
### build\compilers\GC\3.0a5.2\mwldeppc.exe Linker Warning:
#   FORCEACTIVE symbol 'lbl_41_data_E498' is either not a global symbol or 
#   doesn't exist.  Ignored.
### build\compilers\GC\3.0a5.2\mwldeppc.exe Linker Warning:
#   FORCEACTIVE symbol 'lbl_41_data_E4B4' is either not a global symbol or 
#   doesn't exist.  Ignored.
### build\compilers\GC\3.0a5.2\mwldeppc.exe Linker Warning:
#   FORCEACTIVE symbol 'lbl_41_data_EFAC' is either not a global symbol or 
#   doesn't exist.  Ignored.
### build\compilers\GC\3.0a5.2\mwldeppc.exe Linker Warning:
#   FORCEACTIVE symbol 'lbl_41_data_EFC4' is either not a global symbol or 
#   doesn't exist.  Ignored.
### build\compilers\GC\3.0a5.2\mwldeppc.exe Linker Warning:
#   FORCEACTIVE symbol 'lbl_41_data_F278' is either not a global symbol or 
#   doesn't exist.  Ignored.
### build\compilers\GC\3.0a5.2\mwldeppc.exe Linker Warning:
#   FORCEACTIVE symbol 'lbl_41_data_F290' is either not a global symbol or 
#   doesn't exist.  Ignored.
### build\compilers\GC\3.0a5.2\mwldeppc.exe Linker Warning:
#   FORCEACTIVE symbol 'lbl_41_data_F54C' is either not a global symbol or 
#   doesn't exist.  Ignored.
### build\compilers\GC\3.0a5.2\mwldeppc.exe Linker Warning:
#   FORCEACTIVE symbol 'lbl_41_data_F564' is either not a global symbol or 
#   doesn't exist.  Ignored.
### build\compilers\GC\3.0a5.2\mwldeppc.exe Linker Warning:
#   FORCEACTIVE symbol 'lbl_41_data_F7FC' is either not a global symbol or 
#   doesn't exist.  Ignored.
### build\compilers\GC\3.0a5.2\mwldeppc.exe Linker Warning:
#   FORCEACTIVE symbol 'lbl_41_data_F814' is either not a global symbol or 
#   doesn't exist.  Ignored.
### build\compilers\GC\3.0a5.2\mwldeppc.exe Linker Warning:
#   FORCEACTIVE symbol 'lbl_41_data_FAAC' is either not a global symbol or 
#   doesn't exist.  Ignored.
### build\compilers\GC\3.0a5.2\mwldeppc.exe Linker Warning:
#   FORCEACTIVE symbol 'lbl_41_data_FAC4' is either not a global symbol or 
#   doesn't exist.  Ignored.
### build\compilers\GC\3.0a5.2\mwldeppc.exe Linker Warning:
#   FORCEACTIVE symbol 'lbl_41_data_10400' is either not a global symbol or 
#   doesn't exist.  Ignored.
### build\compilers\GC\3.0a5.2\mwldeppc.exe Linker Warning:
#   FORCEACTIVE symbol 'lbl_41_data_10414' is either not a global symbol or 
#   doesn't exist.  Ignored.
### build\compilers\GC\3.0a5.2\mwldeppc.exe Linker Warning:
#   FORCEACTIVE symbol 'lbl_41_data_11140' is either not a global symbol or 
#   doesn't exist.  Ignored.
### build\compilers\GC\3.0a5.2\mwldeppc.exe Linker Warning:
#   FORCEACTIVE symbol 'lbl_41_data_1115C' is either not a global symbol or 
#   doesn't exist.  Ignored.
### build\compilers\GC\3.0a5.2\mwldeppc.exe Linker Warning:
#   FORCEACTIVE symbol 'lbl_41_data_11BBC' is either not a global symbol or 
#   doesn't exist.  Ignored.
### build\compilers\GC\3.0a5.2\mwldeppc.exe Linker Warning:
#   FORCEACTIVE symbol 'lbl_41_data_11BD4' is either not a global symbol or 
#   doesn't exist.  Ignored.
### build\compilers\GC\3.0a5.2\mwldeppc.exe Linker Warning:
#   FORCEACTIVE symbol 'lbl_41_data_12838' is either not a global symbol or 
#   doesn't exist.  Ignored.
### build\compilers\GC\3.0a5.2\mwldeppc.exe Linker Warning:
#   FORCEACTIVE symbol 'lbl_41_data_12850' is either not a global symbol or 
#   doesn't exist.  Ignored.
### build\compilers\GC\3.0a5.2\mwldeppc.exe Linker Warning:
#   FORCEACTIVE symbol 'lbl_41_data_12B30' is either not a global symbol or 
#   doesn't exist.  Ignored.
### build\compilers\GC\3.0a5.2\mwldeppc.exe Linker Warning:
#   FORCEACTIVE symbol 'lbl_41_data_12B48' is either not a global symbol or 
#   doesn't exist.  Ignored.
### build\compilers\GC\3.0a5.2\mwldeppc.exe Linker Warning:
#   FORCEACTIVE symbol 'lbl_41_data_12DE4' is either not a global symbol or 
#   doesn't exist.  Ignored.
### build\compilers\GC\3.0a5.2\mwldeppc.exe Linker Warning:
#   FORCEACTIVE symbol 'lbl_41_data_12DFC' is either not a global symbol or 
#   doesn't exist.  Ignored.
### build\compilers\GC\3.0a5.2\mwldeppc.exe Linker Warning:
#   FORCEACTIVE symbol 'lbl_41_data_130C0' is either not a global symbol or 
#   doesn't exist.  Ignored.
### build\compilers\GC\3.0a5.2\mwldeppc.exe Linker Warning:
#   FORCEACTIVE symbol 'lbl_41_data_130D8' is either not a global symbol or 
#   doesn't exist.  Ignored.
### build\compilers\GC\3.0a5.2\mwldeppc.exe Linker Warning:
#   FORCEACTIVE symbol 'lbl_41_data_13390' is either not a global symbol or 
#   doesn't exist.  Ignored.
### build\compilers\GC\3.0a5.2\mwldeppc.exe Linker Warning:
#   FORCEACTIVE symbol 'lbl_41_data_133A8' is either not a global symbol or 
#   doesn't exist.  Ignored.
### build\compilers\GC\3.0a5.2\mwldeppc.exe Linker Warning:
#   FORCEACTIVE symbol 'lbl_41_data_1366C' is either not a global symbol or 
#   doesn't exist.  Ignored.
### build\compilers\GC\3.0a5.2\mwldeppc.exe Linker Warning:
#   FORCEACTIVE symbol 'lbl_41_data_13680' is either not a global symbol or 
#   doesn't exist.  Ignored.
### build\compilers\GC\3.0a5.2\mwldeppc.exe Linker Warning:
#   FORCEACTIVE symbol 'lbl_41_data_140D8' is either not a global symbol or 
#   doesn't exist.  Ignored.
### build\compilers\GC\3.0a5.2\mwldeppc.exe Linker Warning:
#   FORCEACTIVE symbol 'lbl_41_data_140F0' is either not a global symbol or 
#   doesn't exist.  Ignored.
### build\compilers\GC\3.0a5.2\mwldeppc.exe Linker Warning:
#   FORCEACTIVE symbol 'lbl_41_data_14B48' is either not a global symbol or 
#   doesn't exist.  Ignored.
### build\compilers\GC\3.0a5.2\mwldeppc.exe Linker Warning:
#   FORCEACTIVE symbol 'lbl_41_data_14B60' is either not a global symbol or 
#   doesn't exist.  Ignored.
### build\compilers\GC\3.0a5.2\mwldeppc.exe Linker Warning:
#   FORCEACTIVE symbol 'lbl_41_data_15364' is either not a global symbol or 
#   doesn't exist.  Ignored.
### build\compilers\GC\3.0a5.2\mwldeppc.exe Linker Warning:
#   FORCEACTIVE symbol 'lbl_41_data_15380' is either not a global symbol or 
#   doesn't exist.  Ignored.
### build\compilers\GC\3.0a5.2\mwldeppc.exe Linker Warning:
#   FORCEACTIVE symbol 'lbl_41_data_15DC4' is either not a global symbol or 
#   doesn't exist.  Ignored.
### build\compilers\GC\3.0a5.2\mwldeppc.exe Linker Warning:
#   FORCEACTIVE symbol 'lbl_41_data_15DE0' is either not a global symbol or 
#   doesn't exist.  Ignored.
### build\compilers\GC\3.0a5.2\mwldeppc.exe Linker Warning:
#   FORCEACTIVE symbol 'lbl_41_data_16098' is either not a global symbol or 
#   doesn't exist.  Ignored.
### build\compilers\GC\3.0a5.2\mwldeppc.exe Linker Warning:
#   FORCEACTIVE symbol 'lbl_41_data_160B4' is either not a global symbol or 
#   doesn't exist.  Ignored.
### build\compilers\GC\3.0a5.2\mwldeppc.exe Linker Warning:
#   FORCEACTIVE symbol 'lbl_41_data_16FF4' is either not a global symbol or 
#   doesn't exist.  Ignored.
### build\compilers\GC\3.0a5.2\mwldeppc.exe Linker Warning:
#   FORCEACTIVE symbol 'lbl_41_data_1700C' is either not a global symbol or 
#   doesn't exist.  Ignored.
### build\compilers\GC\3.0a5.2\mwldeppc.exe Linker Warning:
#   FORCEACTIVE symbol 'lbl_41_data_17030' is either not a global symbol or 
#   doesn't exist.  Ignored.
### build\compilers\GC\3.0a5.2\mwldeppc.exe Linker Warning:
#   FORCEACTIVE symbol 'lbl_41_data_17050' is either not a global symbol or 
#   doesn't exist.  Ignored.
### build\compilers\GC\3.0a5.2\mwldeppc.exe Linker Warning:
#   FORCEACTIVE symbol 'lbl_41_data_17073' is either not a global symbol or 
#   doesn't exist.  Ignored.
### build\compilers\GC\3.0a5.2\mwldeppc.exe Linker Warning:
#   FORCEACTIVE symbol 'lbl_41_data_17092' is either not a global symbol or 
#   doesn't exist.  Ignored.
### build\compilers\GC\3.0a5.2\mwldeppc.exe Linker Warning:
#   FORCEACTIVE symbol 'lbl_41_data_1732C' is either not a global symbol or 
#   doesn't exist.  Ignored.
### build\compilers\GC\3.0a5.2\mwldeppc.exe Linker Warning:
#   FORCEACTIVE symbol 'lbl_41_data_17344' is either not a global symbol or 
#   doesn't exist.  Ignored.
### build\compilers\GC\3.0a5.2\mwldeppc.exe Linker Warning:
#   FORCEACTIVE symbol 'lbl_41_data_17C04' is either not a global symbol or 
#   doesn't exist.  Ignored.
### build\compilers\GC\3.0a5.2\mwldeppc.exe Linker Warning:
#   FORCEACTIVE symbol 'lbl_41_data_17C20' is either not a global symbol or 
#   doesn't exist.  Ignored.
### build\compilers\GC\3.0a5.2\mwldeppc.exe Linker Warning:
#   FORCEACTIVE symbol 'lbl_41_data_17EC4' is either not a global symbol or 
#   doesn't exist.  Ignored.
### build\compilers\GC\3.0a5.2\mwldeppc.exe Linker Warning:
#   FORCEACTIVE symbol 'lbl_41_data_17EE0' is either not a global symbol or 
#   doesn't exist.  Ignored.
### build\compilers\GC\3.0a5.2\mwldeppc.exe Linker Warning:
#   FORCEACTIVE symbol 'lbl_41_data_18984' is either not a global symbol or 
#   doesn't exist.  Ignored.
### build\compilers\GC\3.0a5.2\mwldeppc.exe Linker Warning:
#   FORCEACTIVE symbol 'lbl_41_data_1899C' is either not a global symbol or 
#   doesn't exist.  Ignored.
### build\compilers\GC\3.0a5.2\mwldeppc.exe Linker Warning:
#   FORCEACTIVE symbol 'lbl_41_data_18D14' is either not a global symbol or 
#   doesn't exist.  Ignored.
### build\compilers\GC\3.0a5.2\mwldeppc.exe Linker Warning:
#   FORCEACTIVE symbol 'lbl_41_data_18D2C' is either not a global symbol or 
#   doesn't exist.  Ignored.
### build\compilers\GC\3.0a5.2\mwldeppc.exe Linker Warning:
#   FORCEACTIVE symbol 'lbl_41_data_197D4' is either not a global symbol or 
#   doesn't exist.  Ignored.
### build\compilers\GC\3.0a5.2\mwldeppc.exe Linker Warning:
#   FORCEACTIVE symbol 'lbl_41_data_197EC' is either not a global symbol or 
#   doesn't exist.  Ignored.
### build\compilers\GC\3.0a5.2\mwldeppc.exe Linker Warning:
#   FORCEACTIVE symbol 'lbl_41_data_19810' is either not a global symbol or 
#   doesn't exist.  Ignored.
### build\compilers\GC\3.0a5.2\mwldeppc.exe Linker Warning:
#   FORCEACTIVE symbol 'lbl_41_data_19837' is either not a global symbol or 
#   doesn't exist.  Ignored.
### build\compilers\GC\3.0a5.2\mwldeppc.exe Linker Warning:
#   FORCEACTIVE symbol 'lbl_41_data_19862' is either not a global symbol or 
#   doesn't exist.  Ignored.
### build\compilers\GC\3.0a5.2\mwldeppc.exe Linker Warning:
#   FORCEACTIVE symbol 'lbl_41_data_1A7FC' is either not a global symbol or 
#   doesn't exist.  Ignored.
### build\compilers\GC\3.0a5.2\mwldeppc.exe Linker Warning:
#   FORCEACTIVE symbol 'lbl_41_data_1A810' is either not a global symbol or 
#   doesn't exist.  Ignored.
### build\compilers\GC\3.0a5.2\mwldeppc.exe Linker Warning:
#   FORCEACTIVE symbol 'lbl_41_data_1B3F0' is either not a global symbol or 
#   doesn't exist.  Ignored.
### build\compilers\GC\3.0a5.2\mwldeppc.exe Linker Warning:
#   FORCEACTIVE symbol 'lbl_41_data_1B408' is either not a global symbol or 
#   doesn't exist.  Ignored.
### build\compilers\GC\3.0a5.2\mwldeppc.exe Linker Warning:
#   FORCEACTIVE symbol 'lbl_41_data_1C71C' is either not a global symbol or 
#   doesn't exist.  Ignored.
### build\compilers\GC\3.0a5.2\mwldeppc.exe Linker Warning:
#   FORCEACTIVE symbol 'lbl_41_data_1C738' is either not a global symbol or 
#   doesn't exist.  Ignored.
### build\compilers\GC\3.0a5.2\mwldeppc.exe Linker Warning:
#   FORCEACTIVE symbol 'lbl_41_data_1CA9C' is either not a global symbol or 
#   doesn't exist.  Ignored.
### build\compilers\GC\3.0a5.2\mwldeppc.exe Linker Warning:
#   FORCEACTIVE symbol 'lbl_41_data_1CAB8' is either not a global symbol or 
#   doesn't exist.  Ignored.
### build\compilers\GC\3.0a5.2\mwldeppc.exe Linker Warning:
#   FORCEACTIVE symbol 'lbl_41_data_1DE9C' is either not a global symbol or 
#   doesn't exist.  Ignored.
### build\compilers\GC\3.0a5.2\mwldeppc.exe Linker Warning:
#   FORCEACTIVE symbol 'lbl_41_data_1DEB4' is either not a global symbol or 
#   doesn't exist.  Ignored.
### build\compilers\GC\3.0a5.2\mwldeppc.exe Linker Warning:
#   FORCEACTIVE symbol 'lbl_41_data_1DED8' is either not a global symbol or 
#   doesn't exist.  Ignored.
### build\compilers\GC\3.0a5.2\mwldeppc.exe Linker Warning:
#   FORCEACTIVE symbol 'lbl_41_data_1DF02' is either not a global symbol or 
#   doesn't exist.  Ignored.
### build\compilers\GC\3.0a5.2\mwldeppc.exe Linker Warning:
#   FORCEACTIVE symbol 'lbl_41_data_1DF32' is either not a global symbol or 
#   doesn't exist.  Ignored.
### build\compilers\GC\3.0a5.2\mwldeppc.exe Linker Warning:
#   FORCEACTIVE symbol 'lbl_41_data_1DF58' is either not a global symbol or 
#   doesn't exist.  Ignored.
### build\compilers\GC\3.0a5.2\mwldeppc.exe Linker Warning:
#   FORCEACTIVE symbol 'lbl_41_data_1EAC0' is either not a global symbol or 
#   doesn't exist.  Ignored.
### build\compilers\GC\3.0a5.2\mwldeppc.exe Linker Warning:
#   FORCEACTIVE symbol 'lbl_41_data_1EADC' is either not a global symbol or 
#   doesn't exist.  Ignored.
### build\compilers\GC\3.0a5.2\mwldeppc.exe Linker Warning:
#   FORCEACTIVE symbol 'lbl_41_data_1FE04' is either not a global symbol or 
#   doesn't exist.  Ignored.
### build\compilers\GC\3.0a5.2\mwldeppc.exe Linker Warning:
#   FORCEACTIVE symbol 'lbl_41_data_1FE20' is either not a global symbol or 
#   doesn't exist.  Ignored.
### build\compilers\GC\3.0a5.2\mwldeppc.exe Linker Warning:
#   FORCEACTIVE symbol 'lbl_41_bss_38' is either not a global symbol or 
#   doesn't exist.  Ignored.
### build\compilers\GC\3.0a5.2\mwldeppc.exe Linker Warning:
#   FORCEACTIVE symbol 'lbl_41_bss_260' is either not a global symbol or 
#   doesn't exist.  Ignored.
### build\compilers\GC\3.0a5.2\mwldeppc.exe Linker Warning:
#   FORCEACTIVE symbol 'lbl_41_bss_2A8' is either not a global symbol or 
#   doesn't exist.  Ignored.
### build\compilers\GC\3.0a5.2\mwldeppc.exe Linker Warning:
#   FORCEACTIVE symbol 'lbl_41_bss_2C0' is either not a global symbol or 
#   doesn't exist.  Ignored.
### build\compilers\GC\3.0a5.2\mwldeppc.exe Linker Warning:
#   FORCEACTIVE symbol 'lbl_41_bss_2D8' is either not a global symbol or 
#   doesn't exist.  Ignored.
### build\compilers\GC\3.0a5.2\mwldeppc.exe Linker Warning:
#   FORCEACTIVE symbol 'lbl_41_bss_2F0' is either not a global symbol or 
#   doesn't exist.  Ignored.
### build\compilers\GC\3.0a5.2\mwldeppc.exe Linker Warning:
#   FORCEACTIVE symbol 'lbl_41_bss_2FC' is either not a global symbol or 
#   doesn't exist.  Ignored.
### build\compilers\GC\3.0a5.2\mwldeppc.exe Linker Warning:
#   FORCEACTIVE symbol 'lbl_41_bss_318' is either not a global symbol or 
#   doesn't exist.  Ignored.
### build\compilers\GC\3.0a5.2\mwldeppc.exe Linker Warning:
#   FORCEACTIVE symbol 'lbl_41_bss_330' is either not a global symbol or 
#   doesn't exist.  Ignored.
### build\compilers\GC\3.0a5.2\mwldeppc.exe Linker Warning:
#   FORCEACTIVE symbol 'lbl_41_bss_348' is either not a global symbol or 
#   doesn't exist.  Ignored.
### build\compilers\GC\3.0a5.2\mwldeppc.exe Linker Warning:
#   FORCEACTIVE symbol 'lbl_41_bss_370' is either not a global symbol or 
#   doesn't exist.  Ignored.
### build\compilers\GC\3.0a5.2\mwldeppc.exe Linker Warning:
#   FORCEACTIVE symbol 'lbl_41_bss_388' is either not a global symbol or 
#   doesn't exist.  Ignored.
### build\compilers\GC\3.0a5.2\mwldeppc.exe Linker Warning:
#   FORCEACTIVE symbol 'lbl_41_bss_3A0' is either not a global symbol or 
#   doesn't exist.  Ignored.
### build\compilers\GC\3.0a5.2\mwldeppc.exe Linker Warning:
#   FORCEACTIVE symbol 'lbl_41_bss_3B8' is either not a global symbol or 
#   doesn't exist.  Ignored.
### build\compilers\GC\3.0a5.2\mwldeppc.exe Linker Warning:
#   FORCEACTIVE symbol 'lbl_41_bss_3D0' is either not a global symbol or 
#   doesn't exist.  Ignored.
### build\compilers\GC\3.0a5.2\mwldeppc.exe Linker Warning:
#   FORCEACTIVE symbol 'lbl_41_bss_3E8' is either not a global symbol or 
#   doesn't exist.  Ignored.
### build\compilers\GC\3.0a5.2\mwldeppc.exe Linker Warning:
#   FORCEACTIVE symbol 'lbl_41_bss_410' is either not a global symbol or 
#   doesn't exist.  Ignored.
### build\compilers\GC\3.0a5.2\mwldeppc.exe Linker Warning:
#   FORCEACTIVE symbol 'lbl_41_bss_428' is either not a global symbol or 
#   doesn't exist.  Ignored.
### build\compilers\GC\3.0a5.2\mwldeppc.exe Linker Warning:
#   FORCEACTIVE symbol 'lbl_41_bss_440' is either not a global symbol or 
#   doesn't exist.  Ignored.
### build\compilers\GC\3.0a5.2\mwldeppc.exe Linker Warning:
#   FORCEACTIVE symbol 'lbl_41_bss_458' is either not a global symbol or 
#   doesn't exist.  Ignored.
### build\compilers\GC\3.0a5.2\mwldeppc.exe Linker Warning:
#   FORCEACTIVE symbol 'lbl_41_bss_538' is either not a global symbol or 
#   doesn't exist.  Ignored.
### build\compilers\GC\3.0a5.2\mwldeppc.exe Linker Warning:
#   FORCEACTIVE symbol 'lbl_41_bss_550' is either not a global symbol or 
#   doesn't exist.  Ignored.
### build\compilers\GC\3.0a5.2\mwldeppc.exe Linker Warning:
#   FORCEACTIVE symbol 'lbl_41_bss_568' is either not a global symbol or 
#   doesn't exist.  Ignored.
### build\compilers\GC\3.0a5.2\mwldeppc.exe Linker Warning:
#   FORCEACTIVE symbol 'lbl_41_bss_580' is either not a global symbol or 
#   doesn't exist.  Ignored.
### build\compilers\GC\3.0a5.2\mwldeppc.exe Linker Warning:
#   FORCEACTIVE symbol 'lbl_41_bss_598' is either not a global symbol or 
#   doesn't exist.  Ignored.
### build\compilers\GC\3.0a5.2\mwldeppc.exe Linker Warning:
#   FORCEACTIVE symbol 'lbl_41_bss_5B0' is either not a global symbol or 
#   doesn't exist.  Ignored.
### build\compilers\GC\3.0a5.2\mwldeppc.exe Linker Warning:
#   FORCEACTIVE symbol 'lbl_41_bss_5C8' is either not a global symbol or 
#   doesn't exist.  Ignored.
### build\compilers\GC\3.0a5.2\mwldeppc.exe Linker Warning:
#   FORCEACTIVE symbol 'lbl_41_bss_5E0' is either not a global symbol or 
#   doesn't exist.  Ignored.
### build\compilers\GC\3.0a5.2\mwldeppc.exe Linker Warning:
#   FORCEACTIVE symbol 'lbl_41_bss_5F8' is either not a global symbol or 
#   doesn't exist.  Ignored.
### build\compilers\GC\3.0a5.2\mwldeppc.exe Linker Warning:
#   FORCEACTIVE symbol 'lbl_41_bss_610' is either not a global symbol or 
#   doesn't exist.  Ignored.
### build\compilers\GC\3.0a5.2\mwldeppc.exe Linker Warning:
#   FORCEACTIVE symbol 'lbl_41_bss_628' is either not a global symbol or 
#   doesn't exist.  Ignored.
### build\compilers\GC\3.0a5.2\mwldeppc.exe Linker Warning:
#   FORCEACTIVE symbol 'lbl_41_bss_634' is either not a global symbol or 
#   doesn't exist.  Ignored.
### build\compilers\GC\3.0a5.2\mwldeppc.exe Linker Warning:
#   FORCEACTIVE symbol 'lbl_41_bss_640' is either not a global symbol or 
#   doesn't exist.  Ignored.
### build\compilers\GC\3.0a5.2\mwldeppc.exe Linker Warning:
#   FORCEACTIVE symbol 'lbl_41_bss_668' is either not a global symbol or 
#   doesn't exist.  Ignored.
### build\compilers\GC\3.0a5.2\mwldeppc.exe Linker Warning:
#   FORCEACTIVE symbol 'lbl_41_bss_680' is either not a global symbol or 
#   doesn't exist.  Ignored.
### build\compilers\GC\3.0a5.2\mwldeppc.exe Linker Warning:
#   FORCEACTIVE symbol 'lbl_41_bss_698' is either not a global symbol or 
#   doesn't exist.  Ignored.
### build\compilers\GC\3.0a5.2\mwldeppc.exe Linker Warning:
#   FORCEACTIVE symbol 'lbl_41_bss_6B0' is either not a global symbol or 
#   doesn't exist.  Ignored.
### build\compilers\GC\3.0a5.2\mwldeppc.exe Linker Warning:
#   FORCEACTIVE symbol 'lbl_41_bss_6C8' is either not a global symbol or 
#   doesn't exist.  Ignored.
### build\compilers\GC\3.0a5.2\mwldeppc.exe Linker Warning:
#   FORCEACTIVE symbol 'lbl_41_bss_6E0' is either not a global symbol or 
#   doesn't exist.  Ignored.
### build\compilers\GC\3.0a5.2\mwldeppc.exe Linker Warning:
#   FORCEACTIVE symbol 'lbl_41_bss_6F8' is either not a global symbol or 
#   doesn't exist.  Ignored.
### build\compilers\GC\3.0a5.2\mwldeppc.exe Linker Warning:
#   FORCEACTIVE symbol 'lbl_41_bss_710' is either not a global symbol or 
#   doesn't exist.  Ignored.
### build\compilers\GC\3.0a5.2\mwldeppc.exe Linker Warning:
#   FORCEACTIVE symbol 'lbl_41_bss_728' is either not a global symbol or 
#   doesn't exist.  Ignored.
### build\compilers\GC\3.0a5.2\mwldeppc.exe Linker Warning:
#   FORCEACTIVE symbol 'lbl_41_bss_740' is either not a global symbol or 
#   doesn't exist.  Ignored.
### build\compilers\GC\3.0a5.2\mwldeppc.exe Linker Warning:
#   FORCEACTIVE symbol 'lbl_41_bss_758' is either not a global symbol or 
#   doesn't exist.  Ignored.
### build\compilers\GC\3.0a5.2\mwldeppc.exe Linker Warning:
#   FORCEACTIVE symbol 'lbl_41_bss_770' is either not a global symbol or 
#   doesn't exist.  Ignored.
### build\compilers\GC\3.0a5.2\mwldeppc.exe Linker Warning:
#   FORCEACTIVE symbol 'lbl_41_bss_788' is either not a global symbol or 
#   doesn't exist.  Ignored.
### build\compilers\GC\3.0a5.2\mwldeppc.exe Linker Warning:
#   FORCEACTIVE symbol 'lbl_41_bss_7A0' is either not a global symbol or 
#   doesn't exist.  Ignored.
### build\compilers\GC\3.0a5.2\mwldeppc.exe Linker Warning:
#   FORCEACTIVE symbol 'lbl_41_bss_7B8' is either not a global symbol or 
#   doesn't exist.  Ignored.
### build\compilers\GC\3.0a5.2\mwldeppc.exe Linker Warning:
#   FORCEACTIVE symbol 'lbl_41_bss_7D0' is either not a global symbol or 
#   doesn't exist.  Ignored.
### build\compilers\GC\3.0a5.2\mwldeppc.exe Linker Warning:
#   FORCEACTIVE symbol 'lbl_41_bss_7E8' is either not a global symbol or 
#   doesn't exist.  Ignored.
### build\compilers\GC\3.0a5.2\mwldeppc.exe Linker Warning:
#   FORCEACTIVE symbol 'lbl_41_bss_800' is either not a global symbol or 
#   doesn't exist.  Ignored.
### build\compilers\GC\3.0a5.2\mwldeppc.exe Linker Warning:
#   FORCEACTIVE symbol 'lbl_41_bss_818' is either not a global symbol or 
#   doesn't exist.  Ignored.
### build\compilers\GC\3.0a5.2\mwldeppc.exe Linker Warning:
#   FORCEACTIVE symbol 'lbl_41_bss_830' is either not a global symbol or 
#   doesn't exist.  Ignored.
### build\compilers\GC\3.0a5.2\mwldeppc.exe Linker Warning:
#   FORCEACTIVE symbol 'lbl_41_bss_848' is either not a global symbol or 
#   doesn't exist.  Ignored.
[443/499] LINK build\RSBE01_01\ft_pit\ft_pit.plf
[444/499] LINK build\RSBE01_01\ft_pikmin\ft_pikmin.plf
[445/499] LINK build\RSBE01_01\ft_poke\ft_poke.plf
[446/499] LINK build\RSBE01_01\ft_robot\ft_robot.plf
[447/499] LINK build\RSBE01_01\ft_ike\ft_ike.plf
[448/499] LINK build\RSBE01_01\ft_sonic\ft_sonic.plf
[449/499] LINK build\RSBE01_01\ft_dedede\ft_dedede.plf
[450/499] LINK build\RSBE01_01\ft_diddy\ft_diddy.plf
[451/499] LINK build\RSBE01_01\ft_ganon\ft_ganon.plf
[452/499] LINK build\RSBE01_01\ft_lucario\ft_lucario.plf
[453/499] LINK build\RSBE01_01\ft_lucas\ft_lucas.plf
[454/499] LINK build\RSBE01_01\ft_toonlink\ft_toonlink.plf
[455/499] LINK build\RSBE01_01\ft_wolf\ft_wolf.plf
[456/499] LINK build\RSBE01_01\ft_snake\ft_snake.plf
[457/499] LINK build\RSBE01_01\ft_purin\ft_purin.plf
[458/499] LINK build\RSBE01_01\sora_melee\sora_melee.plf
### build\compilers\GC\3.0a5.2\mwldeppc.exe Linker Warning:
#   FORCEACTIVE symbol '__sinit_\so_general_work_cpp' is either not a global 
#   symbol or doesn't exist.  Ignored.
### build\compilers\GC\3.0a5.2\mwldeppc.exe Linker Warning:
#   FORCEACTIVE symbol '__sinit_\so_general_work_abstract_cpp' is either not a 
#   global symbol or doesn't exist.  Ignored.
### build\compilers\GC\3.0a5.2\mwldeppc.exe Linker Warning:
#   FORCEACTIVE symbol '__sinit_\so_general_work_simple_cpp' is either not a 
#   global symbol or doesn't exist.  Ignored.
### build\compilers\GC\3.0a5.2\mwldeppc.exe Linker Warning:
#   FORCEACTIVE symbol '__sinit_\so_common_data_accesser_cpp' is either not a 
#   global symbol or doesn't exist.  Ignored.
### build\compilers\GC\3.0a5.2\mwldeppc.exe Linker Warning:
#   FORCEACTIVE symbol '__sinit_\mo_melee_cpp' is either not a global symbol 
#   or doesn't exist.  Ignored.
### build\compilers\GC\3.0a5.2\mwldeppc.exe Linker Warning:
#   FORCEACTIVE symbol 'lbl_27_rodata_318' is either not a global symbol or 
#   doesn't exist.  Ignored.
### build\compilers\GC\3.0a5.2\mwldeppc.exe Linker Warning:
#   FORCEACTIVE symbol 'lbl_27_rodata_31C' is either not a global symbol or 
#   doesn't exist.  Ignored.
### build\compilers\GC\3.0a5.2\mwldeppc.exe Linker Warning:
#   FORCEACTIVE symbol 'lbl_27_rodata_360' is either not a global symbol or 
#   doesn't exist.  Ignored.
### build\compilers\GC\3.0a5.2\mwldeppc.exe Linker Warning:
#   FORCEACTIVE symbol 'lbl_27_rodata_364' is either not a global symbol or 
#   doesn't exist.  Ignored.
### build\compilers\GC\3.0a5.2\mwldeppc.exe Linker Warning:
#   FORCEACTIVE symbol 'lbl_27_rodata_368' is either not a global symbol or 
#   doesn't exist.  Ignored.
### build\compilers\GC\3.0a5.2\mwldeppc.exe Linker Warning:
#   FORCEACTIVE symbol 'lbl_27_rodata_748' is either not a global symbol or 
#   doesn't exist.  Ignored.
### build\compilers\GC\3.0a5.2\mwldeppc.exe Linker Warning:
#   FORCEACTIVE symbol 'lbl_27_rodata_74C' is either not a global symbol or 
#   doesn't exist.  Ignored.
### build\compilers\GC\3.0a5.2\mwldeppc.exe Linker Warning:
#   FORCEACTIVE symbol 'lbl_27_rodata_C10' is either not a global symbol or 
#   doesn't exist.  Ignored.
### build\compilers\GC\3.0a5.2\mwldeppc.exe Linker Warning:
#   FORCEACTIVE symbol 'lbl_27_rodata_C18' is either not a global symbol or 
#   doesn't exist.  Ignored.
### build\compilers\GC\3.0a5.2\mwldeppc.exe Linker Warning:
#   FORCEACTIVE symbol 'lbl_27_rodata_C20' is either not a global symbol or 
#   doesn't exist.  Ignored.
### build\compilers\GC\3.0a5.2\mwldeppc.exe Linker Warning:
#   FORCEACTIVE symbol 'lbl_27_rodata_26A8' is either not a global symbol or 
#   doesn't exist.  Ignored.
### build\compilers\GC\3.0a5.2\mwldeppc.exe Linker Warning:
#   FORCEACTIVE symbol 'lbl_27_rodata_26AC' is either not a global symbol or 
#   doesn't exist.  Ignored.
### build\compilers\GC\3.0a5.2\mwldeppc.exe Linker Warning:
#   FORCEACTIVE symbol 'lbl_27_data_7D0' is either not a global symbol or 
#   doesn't exist.  Ignored.
### build\compilers\GC\3.0a5.2\mwldeppc.exe Linker Warning:
#   FORCEACTIVE symbol 'lbl_27_data_C14' is either not a global symbol or 
#   doesn't exist.  Ignored.
### build\compilers\GC\3.0a5.2\mwldeppc.exe Linker Warning:
#   FORCEACTIVE symbol 'lbl_27_data_C30' is either not a global symbol or 
#   doesn't exist.  Ignored.
### build\compilers\GC\3.0a5.2\mwldeppc.exe Linker Warning:
#   FORCEACTIVE symbol 'lbl_27_data_6004' is either not a global symbol or 
#   doesn't exist.  Ignored.
### build\compilers\GC\3.0a5.2\mwldeppc.exe Linker Warning:
#   FORCEACTIVE symbol 'lbl_27_data_6020' is either not a global symbol or 
#   doesn't exist.  Ignored.
### build\compilers\GC\3.0a5.2\mwldeppc.exe Linker Warning:
#   FORCEACTIVE symbol 'lbl_27_data_734C' is either not a global symbol or 
#   doesn't exist.  Ignored.
### build\compilers\GC\3.0a5.2\mwldeppc.exe Linker Warning:
#   FORCEACTIVE symbol 'lbl_27_data_7360' is either not a global symbol or 
#   doesn't exist.  Ignored.
### build\compilers\GC\3.0a5.2\mwldeppc.exe Linker Warning:
#   FORCEACTIVE symbol 'lbl_27_data_7380' is either not a global symbol or 
#   doesn't exist.  Ignored.
### build\compilers\GC\3.0a5.2\mwldeppc.exe Linker Warning:
#   FORCEACTIVE symbol 'lbl_27_data_7390' is either not a global symbol or 
#   doesn't exist.  Ignored.
### build\compilers\GC\3.0a5.2\mwldeppc.exe Linker Warning:
#   FORCEACTIVE symbol 'lbl_27_data_78B0' is either not a global symbol or 
#   doesn't exist.  Ignored.
### build\compilers\GC\3.0a5.2\mwldeppc.exe Linker Warning:
#   FORCEACTIVE symbol 'lbl_27_data_8060' is either not a global symbol or 
#   doesn't exist.  Ignored.
### build\compilers\GC\3.0a5.2\mwldeppc.exe Linker Warning:
#   FORCEACTIVE symbol 'lbl_27_data_8078' is either not a global symbol or 
#   doesn't exist.  Ignored.
### build\compilers\GC\3.0a5.2\mwldeppc.exe Linker Warning:
#   FORCEACTIVE symbol 'lbl_27_data_80D0' is either not a global symbol or 
#   doesn't exist.  Ignored.
### build\compilers\GC\3.0a5.2\mwldeppc.exe Linker Warning:
#   FORCEACTIVE symbol 'lbl_27_data_80E4' is either not a global symbol or 
#   doesn't exist.  Ignored.
### build\compilers\GC\3.0a5.2\mwldeppc.exe Linker Warning:
#   FORCEACTIVE symbol 'lbl_27_data_13B08' is either not a global symbol or 
#   doesn't exist.  Ignored.
### build\compilers\GC\3.0a5.2\mwldeppc.exe Linker Warning:
#   FORCEACTIVE symbol 'lbl_27_data_13B0C' is either not a global symbol or 
#   doesn't exist.  Ignored.
### build\compilers\GC\3.0a5.2\mwldeppc.exe Linker Warning:
#   FORCEACTIVE symbol 'lbl_27_data_13B80' is either not a global symbol or 
#   doesn't exist.  Ignored.
### build\compilers\GC\3.0a5.2\mwldeppc.exe Linker Warning:
#   FORCEACTIVE symbol 'lbl_27_data_13B90' is either not a global symbol or 
#   doesn't exist.  Ignored.
### build\compilers\GC\3.0a5.2\mwldeppc.exe Linker Warning:
#   FORCEACTIVE symbol 'lbl_27_data_13BB0' is either not a global symbol or 
#   doesn't exist.  Ignored.
### build\compilers\GC\3.0a5.2\mwldeppc.exe Linker Warning:
#   FORCEACTIVE symbol 'lbl_27_data_13BC8' is either not a global symbol or 
#   doesn't exist.  Ignored.
### build\compilers\GC\3.0a5.2\mwldeppc.exe Linker Warning:
#   FORCEACTIVE symbol 'lbl_27_data_13CC0' is either not a global symbol or 
#   doesn't exist.  Ignored.
### build\compilers\GC\3.0a5.2\mwldeppc.exe Linker Warning:
#   FORCEACTIVE symbol 'lbl_27_data_13CD4' is either not a global symbol or 
#   doesn't exist.  Ignored.
### build\compilers\GC\3.0a5.2\mwldeppc.exe Linker Warning:
#   FORCEACTIVE symbol 'lbl_27_data_15470' is either not a global symbol or 
#   doesn't exist.  Ignored.
### build\compilers\GC\3.0a5.2\mwldeppc.exe Linker Warning:
#   FORCEACTIVE symbol 'lbl_27_data_1548C' is either not a global symbol or 
#   doesn't exist.  Ignored.
### build\compilers\GC\3.0a5.2\mwldeppc.exe Linker Warning:
#   FORCEACTIVE symbol 'lbl_27_data_154A0' is either not a global symbol or 
#   doesn't exist.  Ignored.
### build\compilers\GC\3.0a5.2\mwldeppc.exe Linker Warning:
#   FORCEACTIVE symbol 'lbl_27_data_29230' is either not a global symbol or 
#   doesn't exist.  Ignored.
### build\compilers\GC\3.0a5.2\mwldeppc.exe Linker Warning:
#   FORCEACTIVE symbol 'lbl_27_data_29240' is either not a global symbol or 
#   doesn't exist.  Ignored.
### build\compilers\GC\3.0a5.2\mwldeppc.exe Linker Warning:
#   FORCEACTIVE symbol 'lbl_27_data_2927C' is either not a global symbol or 
#   doesn't exist.  Ignored.
### build\compilers\GC\3.0a5.2\mwldeppc.exe Linker Warning:
#   FORCEACTIVE symbol 'lbl_27_data_29288' is either not a global symbol or 
#   doesn't exist.  Ignored.
### build\compilers\GC\3.0a5.2\mwldeppc.exe Linker Warning:
#   FORCEACTIVE symbol 'lbl_27_data_2BC00' is either not a global symbol or 
#   doesn't exist.  Ignored.
### build\compilers\GC\3.0a5.2\mwldeppc.exe Linker Warning:
#   FORCEACTIVE symbol 'lbl_27_data_2BC20' is either not a global symbol or 
#   doesn't exist.  Ignored.
### build\compilers\GC\3.0a5.2\mwldeppc.exe Linker Warning:
#   FORCEACTIVE symbol 'lbl_27_data_2BC68' is either not a global symbol or 
#   doesn't exist.  Ignored.
### build\compilers\GC\3.0a5.2\mwldeppc.exe Linker Warning:
#   FORCEACTIVE symbol 'lbl_27_data_2BC80' is either not a global symbol or 
#   doesn't exist.  Ignored.
### build\compilers\GC\3.0a5.2\mwldeppc.exe Linker Warning:
#   FORCEACTIVE symbol 'lbl_27_data_32AD8' is either not a global symbol or 
#   doesn't exist.  Ignored.
### build\compilers\GC\3.0a5.2\mwldeppc.exe Linker Warning:
#   FORCEACTIVE symbol 'lbl_27_data_32AF8' is either not a global symbol or 
#   doesn't exist.  Ignored.
### build\compilers\GC\3.0a5.2\mwldeppc.exe Linker Warning:
#   FORCEACTIVE symbol 'lbl_27_data_32BA4' is either not a global symbol or 
#   doesn't exist.  Ignored.
### build\compilers\GC\3.0a5.2\mwldeppc.exe Linker Warning:
#   FORCEACTIVE symbol 'lbl_27_data_32BB8' is either not a global symbol or 
#   doesn't exist.  Ignored.
### build\compilers\GC\3.0a5.2\mwldeppc.exe Linker Warning:
#   FORCEACTIVE symbol 'lbl_27_data_32BD0' is either not a global symbol or 
#   doesn't exist.  Ignored.
### build\compilers\GC\3.0a5.2\mwldeppc.exe Linker Warning:
#   FORCEACTIVE symbol 'lbl_27_data_4C748' is either not a global symbol or 
#   doesn't exist.  Ignored.
### build\compilers\GC\3.0a5.2\mwldeppc.exe Linker Warning:
#   FORCEACTIVE symbol 'lbl_27_data_4C758' is either not a global symbol or 
#   doesn't exist.  Ignored.
### build\compilers\GC\3.0a5.2\mwldeppc.exe Linker Warning:
#   FORCEACTIVE symbol 'lbl_27_bss_1B30' is either not a global symbol or 
#   doesn't exist.  Ignored.
### build\compilers\GC\3.0a5.2\mwldeppc.exe Linker Warning:
#   FORCEACTIVE symbol 'lbl_27_bss_1B58' is either not a global symbol or 
#   doesn't exist.  Ignored.
### build\compilers\GC\3.0a5.2\mwldeppc.exe Linker Warning:
#   FORCEACTIVE symbol 'lbl_27_bss_1B70' is either not a global symbol or 
#   doesn't exist.  Ignored.
### build\compilers\GC\3.0a5.2\mwldeppc.exe Linker Warning:
#   FORCEACTIVE symbol 'lbl_27_bss_2CD0' is either not a global symbol or 
#   doesn't exist.  Ignored.
### build\compilers\GC\3.0a5.2\mwldeppc.exe Linker Warning:
#   FORCEACTIVE symbol 'lbl_27_bss_5040' is either not a global symbol or 
#   doesn't exist.  Ignored.
### build\compilers\GC\3.0a5.2\mwldeppc.exe Linker Warning:
#   FORCEACTIVE symbol 'g_ftGroundConditionCheckerImpl' is either not a global 
#   symbol or doesn't exist.  Ignored.
### build\compilers\GC\3.0a5.2\mwldeppc.exe Linker Warning:
#   FORCEACTIVE symbol '@unnamed@mo_melee_cpp@::bss_loc_8cc0' is either not a 
#   global symbol or doesn't exist.  Ignored.
[459/499] LINK build\RSBE01_01\ft_zako\ft_zako.plf
[460/499] MWCC build\RSBE01_01\src\sora\ip\ip_network_producer.o
[461/499] MWCC build\RSBE01_01\src\sora\gf\gf_task_scheduler.o
[462/499] MWCC build\RSBE01_01\src\sora\cm\cm_controller_menu_pad.o
[463/499] MWCC build\RSBE01_01\src\sora\mt\mt_vector_old.o
[464/499] MWCC build\RSBE01_01\src\sora\mt\mt_trig.o
[465/499] MWCC build\RSBE01_01\src\sora\ut\ut_relocate.o
[466/499] MWCC build\RSBE01_01\src\sora\ac\ac_cmd_interpreter.o
[467/499] MWCC build\RSBE01_01\src\mo_scene\sora_scene\sc_adv_gameover.o
[468/499] MWCC build\RSBE01_01\src\sora\ty\ty_fig_listmng.o
[469/499] MWCC build\RSBE01_01\src\mo_fighter\ft_marth\ft_marth_status_uniq_process_special_s.o
[470/499] MWCC build\RSBE01_01\src\mo_fighter\ft_marth\ft_marth.o
[471/499] MWCC build\RSBE01_01\src\mo_fighter\ft_marth\ft_marth_status_uniq_process_special_final.o
[472/499] MWCC build\RSBE01_01\src\mo_fighter\ft_marth\if_marth_final.o
[473/499] MWCC build\RSBE01_01\src\sora\nt\nt_report.o
[474/499] MWCC build\RSBE01_01\src\mo_fighter\ft_ike\ft_ike_status_uniq_process_special_s.o
FAILED: [code=2] build/RSBE01_01/src/mo_fighter/ft_ike/ft_ike_status_uniq_process_special_s.o 
build\tools\sjiswrap.exe build\compilers\GC\3.0a5.2\mwcceppc.exe -nodefaults -proc gekko -align powerpc -enum int -fp hardware -Cpp_exceptions off -O2,s -inline auto -pragma "cats off" -pragma "warn_notinlined off" -maxerrors 1 -nosyspath -RTTI off -fp_contract off -str reuse -enc SJIS -i include -i build/RSBE01_01/include -DBUILD_VERSION=2 -DVERSION_RSBE01_01 -DMATCHING -Iinclude -Iinclude/lib/PowerPC_EABI_Support/Runtime/Inc -Iinclude/lib/BrawlHeaders/Brawl/Include -Iinclude/lib/BrawlHeaders/nw4r/include -Iinclude/lib/BrawlHeaders/OpenRVL/include -Iinclude/lib/BrawlHeaders/OpenRVL/include/MetroTRK -Iinclude/lib/BrawlHeaders/OpenRVL/include/revolution -Iinclude/lib/BrawlHeaders/OpenRVL/include/RVLFaceLib -Iinclude/lib/BrawlHeaders/OpenRVL/include/stl -Iinclude/lib/BrawlHeaders/utils/include -RTTI on -ipa file -sdata 0 -sdata2 0 -lang=c++ -MMD -c src\mo_fighter\ft_ike\ft_ike_status_uniq_process_special_s.cpp -o build\RSBE01_01\src\mo_fighter\ft_ike
### mwcceppc.exe Compiler:
#      In: include\lib\BrawlHeaders\Brawl\Include\so\collision\so_collision_search_module_impl.h
#    From: src\mo_fighter\ft_ike\ft_ike_status_uniq_process_special_s.cpp
# -----------------------------------------------------------------------
#      40: lisionSearchModuleImpl : public soCollisionSearchModule, public soStatusEventObserver, public soAnimCmdEventObserver, public so
#   Error:                                                                 ^^^^^^^^^^^^^^^^^^^^^
#   (10140) undefined identifier 'soStatusEventObserver'
#   Too many errors printed, aborting program

User break, cancelled...
[475/499] MWCC build\RSBE01_01\src\mo_stage\st_battle\gr_battle_ground.o
[476/499] MWCC build\RSBE01_01\src\mo_stage\st_battle\gr_battle.o
[477/499] MWCC build\RSBE01_01\src\mo_fighter\ft_marth\ft_marth_status_uniq_process_special_hi.o
### mwcceppc.exe Compiler:
#    File: src\mo_fighter\ft_marth\ft_marth_status_uniq_process_special_hi.cpp
# ----------------------------------------------------------------------------
#      40:         stop->resetEnergy(6, &Vec2f(speedX, zero), &Vec3f(0.0f, 0.0f, 0.0f), moduleAccesser);  
# Warning:                                                  ^
#   (10142) not an lvalue
### mwcceppc.exe Compiler:
#      40: p->resetEnergy(6, &Vec2f(speedX, zero), &Vec3f(0.0f, 0.0f, 0.0f), moduleAccesser);  
# Warning:                                                                 ^
#   (10142) not an lvalue
### mwcceppc.exe Compiler:
#      42:         gravity->resetEnergy(0, &Vec2f(0.0f, zero), &Vec3f(0.0f, 0.0f, 0.0f), moduleAccesser);  
# Warning:                                                   ^
#   (10142) not an lvalue
### mwcceppc.exe Compiler:
#      42: ity->resetEnergy(0, &Vec2f(0.0f, zero), &Vec3f(0.0f, 0.0f, 0.0f), moduleAccesser);  
# Warning:                                                                 ^
#   (10142) not an lvalue
### mwcceppc.exe Compiler:
#      45:         normal->resetEnergy(5, &Vec2f(0.0f, 0.0f), &Vec3f(0.0f, 0.0f, 0.0f), moduleAccesser);  
# Warning:                                                  ^
#   (10142) not an lvalue
### mwcceppc.exe Compiler:
#      45: mal->resetEnergy(5, &Vec2f(0.0f, 0.0f), &Vec3f(0.0f, 0.0f, 0.0f), moduleAccesser);  
# Warning:                                                                 ^
#   (10142) not an lvalue
### mwcceppc.exe Compiler:
#      50:         normal->resetEnergy(3, &Vec2f(0.0f, 0.0f), &Vec3f(0.0f, 0.0f, 0.0f), moduleAccesser);  
# Warning:                                                  ^
#   (10142) not an lvalue
### mwcceppc.exe Compiler:
#      50: mal->resetEnergy(3, &Vec2f(0.0f, 0.0f), &Vec3f(0.0f, 0.0f, 0.0f), moduleAccesser);  
# Warning:                                                                 ^
#   (10142) not an lvalue
### mwcceppc.exe Compiler:
#      91:                 gravity->resetEnergy(0, &Vec2f(0.0f, speed.m_y), &Vec3f(0.0f, 0.0f, 0.0f), moduleAccesser);  
# Warning:                                                                ^
#   (10142) not an lvalue
### mwcceppc.exe Compiler:
#      91: resetEnergy(0, &Vec2f(0.0f, speed.m_y), &Vec3f(0.0f, 0.0f, 0.0f), moduleAccesser);  
# Warning:                                                                 ^
#   (10142) not an lvalue
### mwcceppc.exe Compiler:
#      99:              controller->resetEnergy(11, &Vec2f(speed.m_x, 0.0f), &Vec3f(0.0f, 0.0f, 0.0f), moduleAccesser);  
# Warning:                                                                 ^
#   (10142) not an lvalue
### mwcceppc.exe Compiler:
#      99: esetEnergy(11, &Vec2f(speed.m_x, 0.0f), &Vec3f(0.0f, 0.0f, 0.0f), moduleAccesser);  
# Warning:                                                                 ^
#   (10142) not an lvalue
[478/499] MWCC build\RSBE01_01\src\mo_stage\st_battle\st_battle.o
[479/499] MWCC build\RSBE01_01\src\mo_stage\st_dxonett\st_dxonett.o
[480/499] MWCC build\RSBE01_01\src\mo_stage\st_kart\st_kart.o
[481/499] MWCC build\RSBE01_01\src\mo_fighter\ft_ike\ft_ike_status_uniq_process_final.o
### mwcceppc.exe Compiler:
#    File: src\mo_fighter\ft_ike\ft_ike_status_uniq_process_final.cpp
# -------------------------------------------------------------------
#      95:             gravity->resetEnergy(0, &Vec2f(0.0f, speed), &Vec3f(0.0f, 0.0f, 0.0f), moduleAccesser);  
# Warning:                                                        ^
#   (10142) not an lvalue
### mwcceppc.exe Compiler:
#      95: ty->resetEnergy(0, &Vec2f(0.0f, speed), &Vec3f(0.0f, 0.0f, 0.0f), moduleAccesser);  
# Warning:                                                                 ^
#   (10142) not an lvalue
### mwcceppc.exe Compiler:
#     106:             gravity->resetEnergy(0, &Vec2f(0.0f, -speed), &Vec3f(0.0f, 0.0f, 0.0f), moduleAccesser);  
# Warning:                                                         ^
#   (10142) not an lvalue
### mwcceppc.exe Compiler:
#     106: y->resetEnergy(0, &Vec2f(0.0f, -speed), &Vec3f(0.0f, 0.0f, 0.0f), moduleAccesser);  
# Warning:                                                                 ^
#   (10142) not an lvalue
### mwcceppc.exe Compiler:
#     168:                 gravity->resetEnergy(0, &Vec2f(0.0f, -speed), &Vec3f(0.0f, 0.0f, 0.0f), moduleAccesser);  
# Warning:                                                             ^
#   (10142) not an lvalue
### mwcceppc.exe Compiler:
#     168: y->resetEnergy(0, &Vec2f(0.0f, -speed), &Vec3f(0.0f, 0.0f, 0.0f), moduleAccesser);  
# Warning:                                                                 ^
#   (10142) not an lvalue
[482/499] MWCC build\RSBE01_01\src\mo_fighter\ft_ike\ft_ike_status_uniq_process_special_hi.o
### mwcceppc.exe Compiler:
#    File: src\mo_fighter\ft_ike\ft_ike_status_uniq_process_special_hi.cpp
# ------------------------------------------------------------------------
#      37:                 controller->resetEnergy(11, &Vec2f(0.0f, 0.0f), &Vec3f(0.0f, 0.0f, 0.0f), moduleAccesser);  
# Warning:                                                               ^
#   (10142) not an lvalue
### mwcceppc.exe Compiler:
#      37: er->resetEnergy(11, &Vec2f(0.0f, 0.0f), &Vec3f(0.0f, 0.0f, 0.0f), moduleAccesser);  
# Warning:                                                                 ^
#   (10142) not an lvalue
### mwcceppc.exe Compiler:
#      40:                 controller->resetEnergy(0, &Vec2f(0.0f, 0.0f), &Vec3f(0.0f, 0.0f, 0.0f), moduleAccesser);  
# Warning:                                                              ^
#   (10142) not an lvalue
### mwcceppc.exe Compiler:
#      40: ler->resetEnergy(0, &Vec2f(0.0f, 0.0f), &Vec3f(0.0f, 0.0f, 0.0f), moduleAccesser);  
# Warning:                                                                 ^
#   (10142) not an lvalue
### mwcceppc.exe Compiler:
#      44:       fn_119_B6CC(&controller->m_18, &Vec2f(param->m_7C, 100.0f));  
# Warning:                                                                 ^
#   (10142) not an lvalue
### mwcceppc.exe Compiler:
#      53:                 normal->resetEnergy(3, &Vec2f(0.0f, 0.0f), &Vec3f(0.0f, 0.0f, 0.0f), moduleAccesser);  
# Warning:                                                          ^
#   (10142) not an lvalue
### mwcceppc.exe Compiler:
#      53: mal->resetEnergy(3, &Vec2f(0.0f, 0.0f), &Vec3f(0.0f, 0.0f, 0.0f), moduleAccesser);  
# Warning:                                                                 ^
#   (10142) not an lvalue
### mwcceppc.exe Compiler:
#      55:                 normal->resetEnergy(5, &Vec2f(0.0f, 0.0f), &Vec3f(0.0f, 0.0f, 0.0f), moduleAccesser);  
# Warning:                                                          ^
#   (10142) not an lvalue
### mwcceppc.exe Compiler:
#      55: mal->resetEnergy(5, &Vec2f(0.0f, 0.0f), &Vec3f(0.0f, 0.0f, 0.0f), moduleAccesser);  
# Warning:                                                                 ^
#   (10142) not an lvalue
### mwcceppc.exe Compiler:
#      79:              controller->resetEnergy(11, &Vec2f(speed.m_x, 0.0f), &Vec3f(0.0f, 0.0f, 0.0f), moduleAccesser);  
# Warning:                                                                 ^
#   (10142) not an lvalue
### mwcceppc.exe Compiler:
#      79: esetEnergy(11, &Vec2f(speed.m_x, 0.0f), &Vec3f(0.0f, 0.0f, 0.0f), moduleAccesser);  
# Warning:                                                                 ^
#   (10142) not an lvalue
### mwcceppc.exe Compiler:
#      82:               controller->resetEnergy(0, &Vec2f(speed.m_x, 0.0f), &Vec3f(0.0f, 0.0f, 0.0f), moduleAccesser);  
# Warning:                                                                 ^
#   (10142) not an lvalue
### mwcceppc.exe Compiler:
#      82: resetEnergy(0, &Vec2f(speed.m_x, 0.0f), &Vec3f(0.0f, 0.0f, 0.0f), moduleAccesser);  
# Warning:                                                                 ^
#   (10142) not an lvalue
### mwcceppc.exe Compiler:
#      86:       fn_119_B6CC(&controller->m_18, &Vec2f(param->m_7C, 100.0f));  
# Warning:                                                                 ^
#   (10142) not an lvalue
### mwcceppc.exe Compiler:
#     103:                 controller->resetEnergy(0, &Vec2f(0.0f, 0.0f), &Vec3f(0.0f, 0.0f, 0.0f), moduleAccesser);  
# Warning:                                                              ^
#   (10142) not an lvalue
### mwcceppc.exe Compiler:
#     103: ler->resetEnergy(0, &Vec2f(0.0f, 0.0f), &Vec3f(0.0f, 0.0f, 0.0f), moduleAccesser);  
# Warning:                                                                 ^
#   (10142) not an lvalue
### mwcceppc.exe Compiler:
#     105:       fn_119_B6CC(&controller->m_18, &Vec2f(param->m_7C, 100.0f));  
# Warning:                                                                 ^
#   (10142) not an lvalue
[483/499] MWCC build\RSBE01_01\src\mo_stage\st_dxgreens\st_dxgreens.o
[484/499] MWCC build\RSBE01_01\src\mo_fighter\ft_ike\ft_ike_status_uniq_process_special_lw.o
### mwcceppc.exe Compiler:
#    File: src\mo_fighter\ft_ike\ft_ike_status_uniq_process_special_lw.cpp
# ------------------------------------------------------------------------
#      38:                 stop->resetEnergy(0, &Vec2f(speed.m_x, 0.0f), &Vec3f(0.0f, 0.0f, 0.0f), moduleAccesser);  
# Warning:                                                             ^
#   (10142) not an lvalue
### mwcceppc.exe Compiler:
#      38: resetEnergy(0, &Vec2f(speed.m_x, 0.0f), &Vec3f(0.0f, 0.0f, 0.0f), moduleAccesser);  
# Warning:                                                                 ^
#   (10142) not an lvalue
### mwcceppc.exe Compiler:
#      46:                 stop->resetEnergy(6, &Vec2f(speedX, zero), &Vec3f(0.0f, 0.0f, 0.0f), moduleAccesser);  
# Warning:                                                          ^
#   (10142) not an lvalue
### mwcceppc.exe Compiler:
#      46: p->resetEnergy(6, &Vec2f(speedX, zero), &Vec3f(0.0f, 0.0f, 0.0f), moduleAccesser);  
# Warning:                                                                 ^
#   (10142) not an lvalue
### mwcceppc.exe Compiler:
#      47: ValueAccesser::getConstantFloat(moduleAccesser, 0xFB6, 0), zero));  
# Warning:                                                                 ^
#   (10142) not an lvalue
### mwcceppc.exe Compiler:
#      49:                 gravity->resetEnergy(0, &Vec2f(0.0f, zero), &Vec3f(0.0f, 0.0f, 0.0f), moduleAccesser);  
# Warning:                                                           ^
#   (10142) not an lvalue
### mwcceppc.exe Compiler:
#      49: ity->resetEnergy(0, &Vec2f(0.0f, zero), &Vec3f(0.0f, 0.0f, 0.0f), moduleAccesser);  
# Warning:                                                                 ^
#   (10142) not an lvalue
### mwcceppc.exe Compiler:
#      89:                     stop->resetEnergy(0, &Vec2f(speed.m_x, 0.0f), &Vec3f(0.0f, 0.0f, 0.0f), moduleAccesser);  
# Warning:                                                                 ^
#   (10142) not an lvalue
### mwcceppc.exe Compiler:
#      89: resetEnergy(0, &Vec2f(speed.m_x, 0.0f), &Vec3f(0.0f, 0.0f, 0.0f), moduleAccesser);  
# Warning:                                                                 ^
#   (10142) not an lvalue
### mwcceppc.exe Compiler:
#      95:                     stop->resetEnergy(6, &Vec2f(speedX, 0.0f), &Vec3f(0.0f, 0.0f, 0.0f), moduleAccesser);  
# Warning:                                                              ^
#   (10142) not an lvalue
### mwcceppc.exe Compiler:
#      95: p->resetEnergy(6, &Vec2f(speedX, 0.0f), &Vec3f(0.0f, 0.0f, 0.0f), moduleAccesser);  
# Warning:                                                                 ^
#   (10142) not an lvalue
### mwcceppc.exe Compiler:
#      96: ValueAccesser::getConstantFloat(moduleAccesser, 0xFB6, 0), 0.0f));  
# Warning:                                                                 ^
#   (10142) not an lvalue
### mwcceppc.exe Compiler:
#      98:                     gravity->resetEnergy(0, &Vec2f(0.0f, speedY), &Vec3f(0.0f, 0.0f, 0.0f), moduleAccesser);  
# Warning:                                                                 ^
#   (10142) not an lvalue
### mwcceppc.exe Compiler:
#      98: y->resetEnergy(0, &Vec2f(0.0f, speedY), &Vec3f(0.0f, 0.0f, 0.0f), moduleAccesser);  
# Warning:                                                                 ^
#   (10142) not an lvalue
[485/499] MWCC build\RSBE01_01\src\mo_stage\st_dxbigblue\st_dxbigblue.o
[486/499] MWCC build\RSBE01_01\src\mo_stage\st_oldin\st_oldin.o
[487/499] MWCC build\RSBE01_01\src\mo_stage\st_emblem\st_emblem.o
[488/499] MWCC build\RSBE01_01\src\mo_stage\st_tbreak\st_tbreak.o
[489/499] MWCC build\RSBE01_01\src\mo_fighter\ft_purin\ft_purin.o
### mwcceppc.exe Compiler:
#      In: include\lib\BrawlHeaders\Brawl\Include\so\so_module_accesser_build_data.h
#    From: src\mo_fighter\ft_purin\ft_purin.cpp
# ---------------------------------------------
#      31:         return rect;  
# Warning:                    ^
#   (10326) function result is a pointer/reference to an automatic/temporary 
#   variable
[490/499] LINK build\RSBE01_01\main.elf
### build\compilers\GC\3.0a5.2\mwldeppc.exe Linker Warning:
#   FORCEACTIVE symbol '__sinit_\gf_shutdown_manager_cpp' is either not a 
#   global symbol or doesn't exist.  Ignored.
ninja: build stopped: subcommand failed.
