[1/2] SPLIT config\RSBE01_01\config.yml
 WARN Alignment for mo_fighter/ft_marth/ft_marth_status_uniq_process_special_hi.cpp .data expected 8, but starts at 4:0x00005584
[2/2] RUN configure.py
[1/4] SPLIT config\RSBE01_01\config.yml
 WARN Alignment for mo_fighter/ft_marth/ft_marth_status_uniq_process_special_hi.cpp .data expected 8, but starts at 4:0x00005584
[2/4] RUN configure.py
[1/478] MWCC build\RSBE01_01\src\global_destructor_chain.o
[2/478] MWCC build\RSBE01_01\src\mo_scene\sora_scene\sc_staffroll.o
[3/478] MWCC build\RSBE01_01\src\mo_scene\sora_scene\sc_tutorial.o
[4/478] MWCC build\RSBE01_01\src\mo_scene\sora_scene\sc_seal_list.o
[5/478] MWCC build\RSBE01_01\src\mo_scene\sora_scene\sc_net_time_result.o
[6/478] MWCC build\RSBE01_01\src\mo_menu\mo_menu.o
[7/478] MWCC build\RSBE01_01\src\home_button_icon.o
[8/478] MWCC build\RSBE01_01\src\mo_scene\mo_scene.o
[9/478] MWCC build\RSBE01_01\src\mo_scene\sora_scene\sc_adv_saveload.o
[10/478] MWCC build\RSBE01_01\src\mo_menu\sora_menu_sel_char_access\sel_char_access.o
[11/478] MWCC build\RSBE01_01\src\mo_scene\sora_scene\sc_adv_selchar.o
[12/478] MWCC build\RSBE01_01\src\mo_scene\sora_scene\sc_demo.o
[13/478] MWCC build\RSBE01_01\src\mo_scene\sora_scene\sc_adv_result.o
[14/478] MWCC build\RSBE01_01\src\mo_melee\sora_melee\so\so_heap_module_impl.o
[15/478] MWCC build\RSBE01_01\src\mo_melee\sora_melee\so\so_general_work_abstract.o
[16/478] MWCC build\RSBE01_01\src\mo_scene\sora_scene\sc_seal_disp.o
[17/478] MWCC build\RSBE01_01\src\mo_scene\sora_scene\sc_adv_diff.o
### mwcceppc.exe Compiler:
#    File: src\mo_scene\sora_scene\sc_adv_diff.cpp
# ------------------------------------------------
#      67: }  
# Warning: ^
#   (33058) <string not found>
[18/478] MWCC build\RSBE01_01\src\mo_melee\sora_melee\so\so_general_work_simple.o
[19/478] MWCC build\RSBE01_01\src\mo_melee\sora_melee\so\so_general_work.o
[20/478] MWCC build\RSBE01_01\src\mo_melee\sora_melee\so\anim\so_anim_chr.o
[21/478] MWCC build\RSBE01_01\src\mo_adv_menu\mo_adv_menu.o
[22/478] MWCC build\RSBE01_01\src\mo_melee\sora_melee\so\model\so_model_module_simple.o
[23/478] MWCC build\RSBE01_01\src\mo_adv_stage\mo_adv_stage.o
[24/478] MWCC build\RSBE01_01\src\mo_melee\sora_melee\so\so_resource_module_impl.o
[25/478] MWCC build\RSBE01_01\src\mo_melee\sora_melee\ft\ft_class_info.o
[26/478] MWCC build\RSBE01_01\src\mo_melee\mo_melee.o
[27/478] MWCC build\RSBE01_01\src\mo_melee\sora_melee\so\model\so_model_virtual_node.o
[28/478] MWCC build\RSBE01_01\src\mo_melee\sora_melee\so\so_common_data_accesser.o
[29/478] MWCC build\RSBE01_01\src\mo_melee\sora_melee\so\so_photo_call_back.o
[30/478] MWCC build\RSBE01_01\src\mo_enemy\sora_enemy\wnem\wn_em_heap_module_impl.o
[31/478] MWCC build\RSBE01_01\src\mo_adv_menu\sora_adv_menu_telop\mu_adv_telop_task.o
[32/478] MWCC build\RSBE01_01\src\mo_melee\sora_melee\so\model\so_model_module_impl_variable.o
[33/478] MWCC build\RSBE01_01\src\mo_melee\sora_melee\so\so_controller_module_link_ref.o
[34/478] MWCC build\RSBE01_01\src\mo_enemy\sora_enemy\wnem\wn_em_resource_module_impl.o
[35/478] MWCC build\RSBE01_01\src\mo_melee\sora_melee\so\so_module_accesser.o
[36/478] MWCC build\RSBE01_01\src\mo_melee\sora_melee\so\anim\so_anim_cmd_interpreter_effect.o
[37/478] MWCC build\RSBE01_01\src\mo_melee\sora_melee\ft\ft_extend_param_accesser.o
[38/478] MWCC build\RSBE01_01\src\mo_melee\sora_melee\ft\ft_fighter_build_data.o
### mwcceppc.exe Compiler:
#      In: include\lib\BrawlHeaders\Brawl\Include\so\so_module_accesser_build_data.h
#    From: src\mo_melee\sora_melee\ft\ft_fighter_build_data.cpp
# -------------------------------------------------------------
#      31:         return rect;  
# Warning:                    ^
#   (10326) function result is a pointer/reference to an automatic/temporary 
#   variable
[39/478] MWCC build\RSBE01_01\src\mo_melee\sora_melee\st\st_common_gimmick.o
[40/478] MWCC build\RSBE01_01\src\mo_adv_stage\gr_adventure_final.o
[41/478] MWCC build\RSBE01_01\src\mo_enemy\sora_enemy\em_create.o
[42/478] MWCC build\RSBE01_01\src\mo_enemy\sora_enemy\stop\em_stop_module_impl.o
[43/478] MWCC build\RSBE01_01\src\mo_enemy\sora_enemy\resource\em_resource_module_impl.o
[44/478] MWCC build\RSBE01_01\src\mo_enemy\sora_enemy\em_extend_param_accesser.o
[45/478] MWCC build\RSBE01_01\src\mo_enemy\sora_enemy\em_target_search_unit.o
[46/478] MWCC build\RSBE01_01\src\mo_enemy\sora_enemy\boobas\em_boobas_param_accesser.o
[47/478] MWCC build\RSBE01_01\src\mo_enemy\sora_enemy\siralamos\em_siralamos_param_accesser.o
[48/478] MWCC build\RSBE01_01\src\mo_enemy\sora_enemy\wnem\wn_em_report.o
[49/478] MWCC build\RSBE01_01\src\mo_enemy\sora_enemy\em_info.o
[50/478] MWCC build\RSBE01_01\src\mo_enemy\sora_enemy\roada\em_roada_param_accesser.o
[51/478] MWCC build\RSBE01_01\src\mo_enemy\sora_enemy\killer\em_killer_param_accesser.o
[52/478] MWCC build\RSBE01_01\src\mo_enemy\sora_enemy\pacci\em_pacci_param_accesser.o
[53/478] MWCC build\RSBE01_01\src\mo_enemy\sora_enemy\jyakeel\em_jyakeel_param_accesser.o
[54/478] MWCC build\RSBE01_01\src\mo_enemy\sora_enemy\popperam\em_popperam_param_accesser.o
[55/478] MWCC build\RSBE01_01\src\mo_enemy\sora_enemy\aroaros\em_aroaros_param_accesser.o
[56/478] MWCC build\RSBE01_01\src\mo_enemy\sora_enemy\cymal\em_cymal_param_accesser.o
[57/478] MWCC build\RSBE01_01\src\mo_enemy\sora_enemy\deathpod\em_deathpod_param_accesser.o
[58/478] MWCC build\RSBE01_01\src\mo_enemy\sora_enemy\dekakuribo\em_dekakuribo_param_accesser.o
[59/478] MWCC build\RSBE01_01\src\mo_enemy\sora_enemy\botron\em_botron_param_accesser.o
[60/478] MWCC build\RSBE01_01\src\mo_enemy\sora_enemy\bucyulus\em_bucyulus_param_accesser.o
[61/478] MWCC build\RSBE01_01\src\mo_enemy\sora_enemy\gyraan\em_gyraan_param_accesser.o
[62/478] MWCC build\RSBE01_01\src\mo_enemy\sora_enemy\prim\em_prim_param_accesser.o
[63/478] MWCC build\RSBE01_01\src\mo_enemy\sora_enemy\mite\em_mite_param_accesser.o
[64/478] MWCC build\RSBE01_01\src\mo_enemy\sora_enemy\cataguard\em_cataguard_param_accesser.o
[65/478] MWCC build\RSBE01_01\src\mo_enemy\sora_enemy\kuribo\em_kuribo_param_accesser.o
[66/478] MWCC build\RSBE01_01\src\mo_enemy\sora_enemy\tautau\em_tautau_param_accesser.o
[67/478] MWCC build\RSBE01_01\src\mo_enemy\sora_enemy\flows\em_flows_param_accesser.o
[68/478] MWCC build\RSBE01_01\src\mo_enemy\sora_enemy\shelly\em_shelly_param_accesser.o
[69/478] MWCC build\RSBE01_01\src\mo_enemy\sora_enemy\teckin\em_teckin_param_accesser.o
[70/478] MWCC build\RSBE01_01\src\mo_enemy\sora_enemy\spar\em_spar_param_accesser.o
[71/478] MWCC build\RSBE01_01\src\mo_enemy\sora_enemy\hammerbros\em_hammerbros_param_accesser.o
[72/478] MWCC build\RSBE01_01\src\mo_enemy\sora_enemy\kokkon\em_kokkon_param_accesser.o
[73/478] MWCC build\RSBE01_01\src\mo_enemy\sora_enemy\bombhead\em_bombhead_param_accesser.o
[74/478] MWCC build\RSBE01_01\src\mo_enemy\sora_enemy\ngagog\em_ngagog_param_accesser.o
[75/478] MWCC build\RSBE01_01\src\mo_enemy\sora_enemy\faulong\em_faulong_param_accesser.o
[76/478] MWCC build\RSBE01_01\src\mo_enemy\sora_enemy\bitan\em_bitan_param_accesser.o
[77/478] MWCC build\RSBE01_01\src\mo_enemy\sora_enemy\jdus\em_jdus_param_accesser.o
[78/478] MWCC build\RSBE01_01\src\mo_enemy\sora_enemy\patapata\em_patapata_param_accesser.o
[79/478] MWCC build\RSBE01_01\src\mo_enemy\sora_enemy\robobeam\em_robobeam_param_accesser.o
[80/478] MWCC build\RSBE01_01\src\mo_enemy\sora_enemy\ghamgha\em_ghamgha_param_accesser.o
[81/478] MWCC build\RSBE01_01\src\mo_enemy\sora_enemy\robodistance\em_robodistance_param_accesser.o
[82/478] MWCC build\RSBE01_01\src\mo_enemy\sora_enemy\robohoming\em_robohoming_param_accesser.o
[83/478] MWCC build\RSBE01_01\src\mo_enemy\sora_enemy\arman\wnem_proc_arman.o
[84/478] MWCC build\RSBE01_01\src\mo_enemy\sora_enemy\arman\em_arman_param_accesser.o
[85/478] MWCC build\RSBE01_01\src\mo_enemy\sora_enemy\robopunch\em_robopunch_param_accesser.o
[86/478] MWCC build\RSBE01_01\src\mo_enemy\sora_enemy\galfire\em_galfire_param_accesser.o
[87/478] MWCC build\RSBE01_01\src\mo_enemy\mo_enemy.o
[88/478] MWCC build\RSBE01_01\src\mo_stage\mo_stage.o
[89/478] MWCC build\RSBE01_01\src\mo_enemy\sora_enemy\bosspackun\em_bosspackun_param_accesser.o
[90/478] MWCC build\RSBE01_01\src\mo_enemy\sora_enemy\ridley\em_ridley_param_accesser.o
[91/478] MWCC build\RSBE01_01\src\mo_enemy\sora_enemy\galleom\em_galleom_param_accesser.o
[92/478] MWCC build\RSBE01_01\src\mo_enemy\sora_enemy\ghamghabase\em_ghamghabase_param_accesser.o
[93/478] MWCC build\RSBE01_01\src\mo_enemy\sora_enemy\rayquaza\wnem_proc_rayquaza.o
[94/478] MWCC build\RSBE01_01\src\mo_enemy\sora_enemy\rayquaza\em_rayquaza_param_accesser.o
[95/478] MWCC build\RSBE01_01\src\mo_enemy\sora_enemy\duon\em_duon_param_accesser.o
[96/478] MWCC build\RSBE01_01\src\mo_enemy\sora_enemy\porky\em_porky_param_accesser.o
[97/478] MWCC build\RSBE01_01\src\mo_enemy\sora_enemy\falconflyer\em_falconflyer_param_accesser.o
[98/478] MWCC build\RSBE01_01\src\mo_enemy\sora_enemy\metaridley\em_metaridley_param_accesser.o
[99/478] MWCC build\RSBE01_01\src\mo_enemy\sora_enemy\taboo\em_taboo_param_accesser.o
[100/478] MWCC build\RSBE01_01\src\mo_enemy\sora_enemy\taboo\wnem_proc_taboo.o
[101/478] MWCC build\RSBE01_01\src\mo_enemy\sora_enemy\crazyhand\em_crazyhand_param_accesser.o
[102/478] MWCC build\RSBE01_01\src\mo_enemy\sora_enemy\masterhand\em_masterhand_param_accesser.o
[103/478] MWCC build\RSBE01_01\src\mo_stage\st_battles\gr_battles.o
[104/478] MWCC build\RSBE01_01\src\mo_stage\st_config\gr_config.o
[105/478] MWCC build\RSBE01_01\src\mo_stage\st_final\gr_final.o
[106/478] MWCC build\RSBE01_01\src\mo_stage\st_oldin\gr_oldin.o
[107/478] MWCC build\RSBE01_01\src\mo_stage\st_crayon\gr_crayon_yakumono.o
[108/478] MWCC build\RSBE01_01\src\mo_stage\st_tengan\gr_tengan.o
[109/478] MWCC build\RSBE01_01\src\mo_stage\st_config\st_config.o
[110/478] MWCC build\RSBE01_01\src\mo_stage\st_starfox\st_starfox.o
[111/478] MWCC build\RSBE01_01\src\mo_stage\st_tengan\gr_tengan_bg.o
[112/478] MWCC build\RSBE01_01\src\mo_stage\st_battles\st_battles.o
[113/478] MWCC build\RSBE01_01\src\mo_fighter\mo_fighter.o
[114/478] MWCC build\RSBE01_01\src\mo_stage\st_newpork\gr_newpork.o
[115/478] MWCC build\RSBE01_01\src\sora\sr\sr_revision.o
[116/478] MWCC build\RSBE01_01\src\sora\sr\sr_getappname.o
[117/478] MWCC build\RSBE01_01\src\sora\main.o
[118/478] MWCC build\RSBE01_01\src\sora\gf\gf_3d_scene_event.o
[119/478] MWCC build\RSBE01_01\src\mo_stage\st_final\st_final.o
[120/478] MWCC build\RSBE01_01\src\mo_stage\st_dxshrine\gr_dxshrine.o
[121/478] MWCC build\RSBE01_01\src\mo_stage\st_crayon\st_crayon.o
[122/478] MWCC build\RSBE01_01\src\sora\sr\sr_common.o
[123/478] MWCC build\RSBE01_01\src\mo_stage\st_greenhill\st_greenhill.o
[124/478] MWCC build\RSBE01_01\src\mo_stage\st_dxyorster\st_dxyorster.o
[125/478] MWCC build\RSBE01_01\src\sora\gf\gf_decomp.o
[126/478] MWCC build\RSBE01_01\src\sora\gf\gf_archive_load_thread.o
[127/478] MWCC build\RSBE01_01\src\sora\gf\gf_callback.o
[128/478] MWCC build\RSBE01_01\src\sora\gf\gf_camera_controller.o
[129/478] MWCC build\RSBE01_01\src\sora\gf\gf_archive_db.o
[130/478] MWCC build\RSBE01_01\src\sora\gf\gf_archive_file.o
[131/478] MWCC build\RSBE01_01\src\sora\gf\gf_archive_manager.o
[132/478] MWCC build\RSBE01_01\src\sora\gf\gf_3d_scene_light_resource.o
[133/478] MWCC build\RSBE01_01\src\mo_stage\st_dxbigblue\gr_dxbigblue.o
[134/478] MWCC build\RSBE01_01\src\sora\gf\gf_gameframe_counter.o
[135/478] MWCC build\RSBE01_01\src\mo_stage\st_dxshrine\st_dxshrine.o
[136/478] MWCC build\RSBE01_01\src\sora\gf\gf_file_io_handle.o
[137/478] MWCC build\RSBE01_01\src\mo_stage\st_dxcorneria\gr_dxcorneria.o
[138/478] MWCC build\RSBE01_01\src\sora\gf\gf_pad_queue.o
[139/478] MWCC build\RSBE01_01\src\sora\gf\gf_file_io_request.o
[140/478] MWCC build\RSBE01_01\src\sora\gf\gf_memory_util.o
[141/478] MWCC build\RSBE01_01\src\sora\gf\gf_task.o
[142/478] MWCC build\RSBE01_01\src\sora\gf\gf_system_callback.o
[143/478] MWCC build\RSBE01_01\src\mo_stage\st_dxgarden\st_dxgarden.o
[144/478] MWCC build\RSBE01_01\src\sora\gf\gf_pad_thread.o
[145/478] MWCC build\RSBE01_01\src\sora\gf\gf_monitor.o
[146/478] MWCC build\RSBE01_01\src\sora\gf\gf_thread.o
[147/478] MWCC build\RSBE01_01\src\sora\gf\gf_slow_manager.o
[148/478] MWCC build\RSBE01_01\src\sora\mt\mt_prng.o
[149/478] MWCC build\RSBE01_01\src\mo_stage\st_tbreak\gr_tbreak.o
[150/478] MWCC build\RSBE01_01\src\sora\gf\gf_keep_fb.o
[151/478] MWCC build\RSBE01_01\src\sora\ut\ut_list.o
[152/478] MWCC build\RSBE01_01\src\mo_stage\st_otrain\st_onlinetrainning.o
[153/478] MWCC build\RSBE01_01\src\sora\st\module.o
[154/478] MWCC build\RSBE01_01\src\sora\gf\gf_capture_util.o
[155/478] MWCC build\RSBE01_01\src\sora\ip\ip_human.o
[156/478] MWCC build\RSBE01_01\src\sora\mt\mt_prng_log.o
[157/478] MWCC build\RSBE01_01\src\sora\gf\gf_resource_loader.o
[158/478] MWCC build\RSBE01_01\src\sora\ef\ef_screen_handle.o
[159/478] MWCC build\RSBE01_01\src\sora\cm\cm_controller_default.o
[160/478] MWCC build\RSBE01_01\src\sora\mv\mv_THPAudioDecode.o
[161/478] MWCC build\RSBE01_01\src\sora\cm\cm_controller_melee_fixed.o
[162/478] MWCC build\RSBE01_01\src\sora\cm\cm_controller_menu_fixed.o
[163/478] MWCC build\RSBE01_01\src\sora\mv\mv_THPRead.o
[164/478] MWCC build\RSBE01_01\src\sora\gf\gf_error_manager.o
[165/478] MWCC build\RSBE01_01\src\sora\if\if_wifipr_task.o
[166/478] MWCC build\RSBE01_01\src\sora\gf\gf_error_check.o
[167/478] MWCC build\RSBE01_01\src\sora\if\if_adv_task.o
[168/478] MWCC build\RSBE01_01\src\sora\ut\ut_nw.o
[169/478] MWCC build\RSBE01_01\src\sora\gr\collision\gr_collision_data.o
[170/478] MWCC build\RSBE01_01\src\sora\gr\collision\gr_collision_shape.o
[171/478] MWCC build\RSBE01_01\src\sora\gr\collision\gr_collision_shape_rhombus.o
[172/478] MWCC build\RSBE01_01\src\sora\gr\collision\gr_collision_shape_circle.o
[173/478] MWCC build\RSBE01_01\src\sora\nt\nt_offline.o
[174/478] MWCC build\RSBE01_01\src\sora\gr\gr_path.o
[175/478] MWCC build\RSBE01_01\src\sora\ft\ft_system.o
[176/478] MWCC build\RSBE01_01\src\sora\cm\cm_stage_param.o
[177/478] MWCC build\RSBE01_01\src\sora\nt\nt_etc_so.o
[178/478] MWCC build\RSBE01_01\src\sora\ad\ad_static_data.o
[179/478] MWCC build\RSBE01_01\src\sora\nt\d_net_connect.o
[180/478] MWCC build\RSBE01_01\src\sora\gf\gf_shutdown_manager.o
[181/478] MWCC build\RSBE01_01\src\sora\gr\collision\gr_collision_handle.o
[182/478] MWCC build\RSBE01_01\src\mo_stage\st_heal\st_heal.o
[183/478] MWCC build\RSBE01_01\src\sora\ac\ac_null.o
[184/478] LINK build\RSBE01_01\sora_scene\sora_scene.preplf
[185/478] MWCC build\RSBE01_01\src\sora\ec\ec_trace_mgr.o
[186/478] LINK build\RSBE01_01\sora_menu_tour\sora_menu_tour.preplf
[187/478] MWCC build\RSBE01_01\src\sora\ac\ac_anim_cmd_impl.o
[188/478] LINK build\RSBE01_01\sora_menu_edit\sora_menu_edit.preplf
[189/478] LINK build\RSBE01_01\sora_menu_sel_stage\sora_menu_sel_stage.preplf
[190/478] MWCC build\RSBE01_01\src\sora\nt\nt_etc_dwc.o
[191/478] LINK build\RSBE01_01\sora_menu_game_over\sora_menu_game_over.preplf
[192/478] MWCC build\RSBE01_01\src\sora\if\if_stgedit.o
[193/478] LINK build\RSBE01_01\sora_menu_qm\sora_menu_qm.preplf
[194/478] LINK build\RSBE01_01\sora_menu_intro\sora_menu_intro.preplf
[195/478] MWCC build\RSBE01_01\src\sora\snd\snd_init_thread.o
[196/478] LINK build\RSBE01_01\sora_menu_main\sora_menu_main.preplf
[197/478] LINK build\RSBE01_01\sora_menu_collect_viewer\sora_menu_collect_viewer.preplf
[198/478] MWCC build\RSBE01_01\src\sora\st\st_data_container.o
[199/478] LINK build\RSBE01_01\sora_menu_replay\sora_menu_replay.preplf
[200/478] MWCC build\RSBE01_01\src\sora\st\st_data_container_multi.o
[201/478] LINK build\RSBE01_01\sora_menu_friend_list\sora_menu_friend_list.preplf
[202/478] MWCC build\RSBE01_01\src\sora\st\st_data_container_magic.o
[203/478] LINK build\RSBE01_01\sora_menu_watch\sora_menu_watch.preplf
[204/478] LINK build\RSBE01_01\sora_menu_name\sora_menu_name.preplf
[205/478] LINK build\RSBE01_01\sora_menu_sel_char\sora_menu_sel_char.preplf
[206/478] LINK build\RSBE01_01\sora_menu_sel_char_access\sora_menu_sel_char_access.preplf
[207/478] LINK build\RSBE01_01\sora_menu_snap_shot\sora_menu_snap_shot.preplf
[208/478] LINK build\RSBE01_01\sora_menu_rule\sora_menu_rule.preplf
[209/478] LINK build\RSBE01_01\sora_menu_event\sora_menu_event.preplf
[210/478] LINK build\RSBE01_01\sora_menu_simple_ending\sora_menu_simple_ending.preplf
[211/478] LINK build\RSBE01_01\sora_minigame\sora_minigame.preplf
[212/478] LINK build\RSBE01_01\sora_menu_time_result\sora_menu_time_result.preplf
[213/478] LINK build\RSBE01_01\sora_menu_boot\sora_menu_boot.preplf
[214/478] LINK build\RSBE01_01\sora_menu_challenger\sora_menu_challenger.preplf
[215/478] LINK build\RSBE01_01\sora_menu_title\sora_menu_title.preplf
[216/478] LINK build\RSBE01_01\sora_menu_title_sunset\sora_menu_title_sunset.preplf
[217/478] LINK build\RSBE01_01\sora_adv_menu_sel_map\sora_adv_menu_sel_map.preplf
[218/478] LINK build\RSBE01_01\sora_adv_menu_visual\sora_adv_menu_visual.preplf
[219/478] LINK build\RSBE01_01\sora_adv_menu_save_load\sora_adv_menu_save_load.preplf
[220/478] LINK build\RSBE01_01\sora_adv_menu_save_point\sora_adv_menu_save_point.preplf
[221/478] LINK build\RSBE01_01\sora_adv_menu_game_over\sora_adv_menu_game_over.preplf
[222/478] LINK build\RSBE01_01\st_battles\st_battles.preplf
[223/478] LINK build\RSBE01_01\sora_adv_menu_telop\sora_adv_menu_telop.preplf
[224/478] LINK build\RSBE01_01\sora_adv_menu_ending\sora_adv_menu_ending.preplf
[225/478] LINK build\RSBE01_01\sora_menu_fig_get_demo\sora_menu_fig_get_demo.preplf
[226/478] LINK build\RSBE01_01\sora_adv_menu_name\sora_adv_menu_name.preplf
[227/478] LINK build\RSBE01_01\st_dolpic\st_dolpic.preplf
[228/478] LINK build\RSBE01_01\st_battle\st_battle.preplf
[229/478] LINK build\RSBE01_01\st_mariopast\st_mariopast.preplf
[230/478] LINK build\RSBE01_01\st_final\st_final.preplf
[231/478] LINK build\RSBE01_01\sora_adv_menu_result\sora_adv_menu_result.preplf
[232/478] LINK build\RSBE01_01\st_pirates\st_pirates.preplf
[233/478] LINK build\RSBE01_01\sora_adv_menu_seal\sora_adv_menu_seal.preplf
[234/478] LINK build\RSBE01_01\st_mansion\st_mansion.preplf
[235/478] LINK build\RSBE01_01\sora_adv_stage\sora_adv_stage.preplf
[236/478] LINK build\RSBE01_01\st_jungle\st_jungle.preplf
[237/478] LINK build\RSBE01_01\st_orpheon\st_orpheon.preplf
[238/478] LINK build\RSBE01_01\st_crayon\st_crayon.preplf
[239/478] LINK build\RSBE01_01\st_oldin\st_oldin.preplf
[240/478] LINK build\RSBE01_01\st_kart\st_kart.preplf
[241/478] LINK build\RSBE01_01\sora_adv_menu_sel_char\sora_adv_menu_sel_char.preplf
[242/478] LINK build\RSBE01_01\st_donkey\st_donkey.preplf
[243/478] LINK build\RSBE01_01\st_starfox\st_starfox.preplf
[244/478] LINK build\RSBE01_01\st_config\st_config.preplf
[245/478] LINK build\RSBE01_01\st_halberd\st_halberd.preplf
[246/478] LINK build\RSBE01_01\sora_adv_menu_difficulty\sora_adv_menu_difficulty.preplf
[247/478] LINK build\RSBE01_01\st_norfair\st_norfair.preplf
[248/478] LINK build\RSBE01_01\st_madein\st_madein.preplf
[249/478] LINK build\RSBE01_01\st_fzero\st_fzero.preplf
[250/478] LINK build\RSBE01_01\st_stadium\st_stadium.preplf
[251/478] LINK build\RSBE01_01\st_ice\st_ice.preplf
[252/478] LINK build\RSBE01_01\st_tengan\st_tengan.preplf
[253/478] LINK build\RSBE01_01\st_emblem\st_emblem.preplf
[254/478] LINK build\RSBE01_01\st_gw\st_gw.preplf
[255/478] LINK build\RSBE01_01\st_palutena\st_palutena.preplf
[256/478] LINK build\RSBE01_01\st_metalgear\st_metalgear.preplf
[257/478] LINK build\RSBE01_01\st_famicom\st_famicom.preplf
[258/478] LINK build\RSBE01_01\st_newpork\st_newpork.preplf
[259/478] LINK build\RSBE01_01\st_pictchat\st_pictchat.preplf
[260/478] LINK build\RSBE01_01\st_earth\st_earth.preplf
[261/478] LINK build\RSBE01_01\st_plankton\st_plankton.preplf
[262/478] LINK build\RSBE01_01\st_village\st_village.preplf
[263/478] LINK build\RSBE01_01\st_dxgreens\st_dxgreens.preplf
[264/478] LINK build\RSBE01_01\st_dxgarden\st_dxgarden.preplf
[265/478] LINK build\RSBE01_01\st_dxonett\st_dxonett.preplf
[266/478] LINK build\RSBE01_01\st_greenhill\st_greenhill.preplf
[267/478] LINK build\RSBE01_01\sora_enemy\sora_enemy.preplf
[268/478] LINK build\RSBE01_01\st_dxzebes\st_dxzebes.preplf
[269/478] LINK build\RSBE01_01\st_dxyorster\st_dxyorster.preplf
[270/478] LINK build\RSBE01_01\st_stageedit\st_stageedit.preplf
[271/478] LINK build\RSBE01_01\st_otrain\st_otrain.preplf
[272/478] LINK build\RSBE01_01\st_dxshrine\st_dxshrine.preplf
[273/478] LINK build\RSBE01_01\st_dxbigblue\st_dxbigblue.preplf
[274/478] LINK build\RSBE01_01\st_dxrcruise\st_dxrcruise.preplf
[275/478] LINK build\RSBE01_01\st_dxcorneria\st_dxcorneria.preplf
[276/478] LINK build\RSBE01_01\st_heal\st_heal.preplf
[277/478] LINK build\RSBE01_01\st_homerun\st_homerun.preplf
[278/478] LINK build\RSBE01_01\st_tbreak\st_tbreak.preplf
[279/478] LINK build\RSBE01_01\st_croll\st_croll.preplf
[280/478] LINK build\RSBE01_01\st_dxpstadium\st_dxpstadium.preplf
[281/478] LINK build\RSBE01_01\ft_mario\ft_mario.preplf
[282/478] LINK build\RSBE01_01\ft_donkey\ft_donkey.preplf
[283/478] LINK build\RSBE01_01\ft_link\ft_link.preplf
[284/478] LINK build\RSBE01_01\ft_samus\ft_samus.preplf
[285/478] LINK build\RSBE01_01\ft_yoshi\ft_yoshi.preplf
[286/478] LINK build\RSBE01_01\ft_kirby\ft_kirby.preplf
[287/478] LINK build\RSBE01_01\ft_fox\ft_fox.preplf
[288/478] LINK build\RSBE01_01\ft_pikachu\ft_pikachu.preplf
[289/478] LINK build\RSBE01_01\ft_luigi\ft_luigi.preplf
[290/478] LINK build\RSBE01_01\ft_captain\ft_captain.preplf
[291/478] LINK build\RSBE01_01\ft_ness\ft_ness.preplf
[292/478] LINK build\RSBE01_01\ft_koopa\ft_koopa.preplf
[293/478] LINK build\RSBE01_01\ft_peach\ft_peach.preplf
[294/478] LINK build\RSBE01_01\ft_zelda\ft_zelda.preplf
[295/478] LINK build\RSBE01_01\ft_iceclimber\ft_iceclimber.preplf
[296/478] LINK build\RSBE01_01\ft_marth\ft_marth.preplf
[297/478] LINK build\RSBE01_01\ft_gamewatch\ft_gamewatch.preplf
[298/478] LINK build\RSBE01_01\ft_falco\ft_falco.preplf
[299/478] LINK build\RSBE01_01\ft_ganon\ft_ganon.preplf
[300/478] LINK build\RSBE01_01\ft_wario\ft_wario.preplf
[301/478] LINK build\RSBE01_01\ft_metaknight\ft_metaknight.preplf
[302/478] LINK build\RSBE01_01\ft_pit\ft_pit.preplf
[303/478] LINK build\RSBE01_01\ft_pikmin\ft_pikmin.preplf
[304/478] LINK build\RSBE01_01\ft_lucas\ft_lucas.preplf
[305/478] LINK build\RSBE01_01\ft_diddy\ft_diddy.preplf
[306/478] LINK build\RSBE01_01\ft_poke\ft_poke.preplf
[307/478] LINK build\RSBE01_01\ft_dedede\ft_dedede.preplf
[308/478] LINK build\RSBE01_01\ft_lucario\ft_lucario.preplf
[309/478] LINK build\RSBE01_01\ft_ike\ft_ike.preplf
[310/478] LINK build\RSBE01_01\ft_robot\ft_robot.preplf
[311/478] LINK build\RSBE01_01\ft_toonlink\ft_toonlink.preplf
[312/478] LINK build\RSBE01_01\ft_snake\ft_snake.preplf
[313/478] LINK build\RSBE01_01\ft_sonic\ft_sonic.preplf
[314/478] LINK build\RSBE01_01\ft_purin\ft_purin.preplf
[315/478] LINK build\RSBE01_01\ft_zako\ft_zako.preplf
[316/478] LINK build\RSBE01_01\sora_melee\sora_melee.preplf
[317/478] LINK build\RSBE01_01\sora_menu_main\sora_menu_main.plf
[318/478] LINK build\RSBE01_01\sora_menu_qm\sora_menu_qm.plf
[319/478] LINK build\RSBE01_01\sora_menu_edit\sora_menu_edit.plf
[320/478] LINK build\RSBE01_01\sora_menu_collect_viewer\sora_menu_collect_viewer.plf
[321/478] LINK build\RSBE01_01\ft_wolf\ft_wolf.preplf
[322/478] LINK build\RSBE01_01\sora_menu_tour\sora_menu_tour.plf
[323/478] LINK build\RSBE01_01\sora_menu_replay\sora_menu_replay.plf
[324/478] LINK build\RSBE01_01\sora_menu_snap_shot\sora_menu_snap_shot.plf
[325/478] LINK build\RSBE01_01\sora_menu_watch\sora_menu_watch.plf
[326/478] LINK build\RSBE01_01\sora_menu_event\sora_menu_event.plf
[327/478] LINK build\RSBE01_01\sora_menu_friend_list\sora_menu_friend_list.plf
[328/478] LINK build\RSBE01_01\sora_scene\sora_scene.plf
### build\compilers\GC\3.0a5.2\mwldeppc.exe Linker Warning:
#   FORCEACTIVE symbol 'lbl_1_rodata_18' is either not a global symbol or 
#   doesn't exist.  Ignored.
### build\compilers\GC\3.0a5.2\mwldeppc.exe Linker Warning:
#   FORCEACTIVE symbol 'lbl_1_rodata_8C0' is either not a global symbol or 
#   doesn't exist.  Ignored.
### build\compilers\GC\3.0a5.2\mwldeppc.exe Linker Warning:
#   FORCEACTIVE symbol 'lbl_1_data_18D8' is either not a global symbol or 
#   doesn't exist.  Ignored.
### build\compilers\GC\3.0a5.2\mwldeppc.exe Linker Warning:
#   FORCEACTIVE symbol 'lbl_1_data_1900' is either not a global symbol or 
#   doesn't exist.  Ignored.
### build\compilers\GC\3.0a5.2\mwldeppc.exe Linker Warning:
#   FORCEACTIVE symbol 'lbl_1_data_190C' is either not a global symbol or 
#   doesn't exist.  Ignored.
### build\compilers\GC\3.0a5.2\mwldeppc.exe Linker Warning:
#   FORCEACTIVE symbol 'lbl_1_data_5DA0' is either not a global symbol or 
#   doesn't exist.  Ignored.
### build\compilers\GC\3.0a5.2\mwldeppc.exe Linker Warning:
#   FORCEACTIVE symbol 'lbl_1_data_5DAC' is either not a global symbol or 
#   doesn't exist.  Ignored.
### build\compilers\GC\3.0a5.2\mwldeppc.exe Linker Warning:
#   FORCEACTIVE symbol 'lbl_1_data_5DD4' is either not a global symbol or 
#   doesn't exist.  Ignored.
### build\compilers\GC\3.0a5.2\mwldeppc.exe Linker Warning:
#   FORCEACTIVE symbol 'lbl_1_data_5DE0' is either not a global symbol or 
#   doesn't exist.  Ignored.
### build\compilers\GC\3.0a5.2\mwldeppc.exe Linker Warning:
#   FORCEACTIVE symbol 'lbl_1_data_5E1C' is either not a global symbol or 
#   doesn't exist.  Ignored.
### build\compilers\GC\3.0a5.2\mwldeppc.exe Linker Warning:
#   FORCEACTIVE symbol 'lbl_1_data_5E28' is either not a global symbol or 
#   doesn't exist.  Ignored.
### build\compilers\GC\3.0a5.2\mwldeppc.exe Linker Warning:
#   FORCEACTIVE symbol 'lbl_1_data_5E48' is either not a global symbol or 
#   doesn't exist.  Ignored.
### build\compilers\GC\3.0a5.2\mwldeppc.exe Linker Warning:
#   FORCEACTIVE symbol 'lbl_1_data_5E54' is either not a global symbol or 
#   doesn't exist.  Ignored.
### build\compilers\GC\3.0a5.2\mwldeppc.exe Linker Warning:
#   FORCEACTIVE symbol 'lbl_1_data_5E74' is either not a global symbol or 
#   doesn't exist.  Ignored.
### build\compilers\GC\3.0a5.2\mwldeppc.exe Linker Warning:
#   FORCEACTIVE symbol 'lbl_1_data_5E80' is either not a global symbol or 
#   doesn't exist.  Ignored.
### build\compilers\GC\3.0a5.2\mwldeppc.exe Linker Warning:
#   FORCEACTIVE symbol 'lbl_1_data_5E88' is either not a global symbol or 
#   doesn't exist.  Ignored.
### build\compilers\GC\3.0a5.2\mwldeppc.exe Linker Warning:
#   FORCEACTIVE symbol 'lbl_1_data_5E90' is either not a global symbol or 
#   doesn't exist.  Ignored.
### build\compilers\GC\3.0a5.2\mwldeppc.exe Linker Warning:
#   FORCEACTIVE symbol 'lbl_1_data_5E98' is either not a global symbol or 
#   doesn't exist.  Ignored.
### build\compilers\GC\3.0a5.2\mwldeppc.exe Linker Warning:
#   FORCEACTIVE symbol 'lbl_1_data_5F08' is either not a global symbol or 
#   doesn't exist.  Ignored.
### build\compilers\GC\3.0a5.2\mwldeppc.exe Linker Warning:
#   FORCEACTIVE symbol 'lbl_1_data_5F14' is either not a global symbol or 
#   doesn't exist.  Ignored.
### build\compilers\GC\3.0a5.2\mwldeppc.exe Linker Warning:
#   FORCEACTIVE symbol 'lbl_1_data_6488' is either not a global symbol or 
#   doesn't exist.  Ignored.
### build\compilers\GC\3.0a5.2\mwldeppc.exe Linker Warning:
#   FORCEACTIVE symbol 'lbl_1_data_6494' is either not a global symbol or 
#   doesn't exist.  Ignored.
### build\compilers\GC\3.0a5.2\mwldeppc.exe Linker Warning:
#   FORCEACTIVE symbol 'lbl_1_data_64C8' is either not a global symbol or 
#   doesn't exist.  Ignored.
### build\compilers\GC\3.0a5.2\mwldeppc.exe Linker Warning:
#   FORCEACTIVE symbol 'lbl_1_data_64D4' is either not a global symbol or 
#   doesn't exist.  Ignored.
[329/478] LINK build\RSBE01_01\sora_menu_game_over\sora_menu_game_over.plf
[330/478] LINK build\RSBE01_01\sora_menu_sel_char\sora_menu_sel_char.plf
[331/478] LINK build\RSBE01_01\sora_menu_rule\sora_menu_rule.plf
[332/478] LINK build\RSBE01_01\sora_menu_time_result\sora_menu_time_result.plf
[333/478] LINK build\RSBE01_01\sora_menu_sel_stage\sora_menu_sel_stage.plf
[334/478] LINK build\RSBE01_01\sora_menu_intro\sora_menu_intro.plf
[335/478] LINK build\RSBE01_01\sora_menu_name\sora_menu_name.plf
[336/478] LINK build\RSBE01_01\sora_adv_menu_sel_char\sora_adv_menu_sel_char.plf
[337/478] LINK build\RSBE01_01\sora_adv_menu_difficulty\sora_adv_menu_difficulty.plf
[338/478] LINK build\RSBE01_01\sora_menu_challenger\sora_menu_challenger.plf
[339/478] LINK build\RSBE01_01\sora_menu_title_sunset\sora_menu_title_sunset.plf
[340/478] LINK build\RSBE01_01\sora_menu_simple_ending\sora_menu_simple_ending.plf
[341/478] LINK build\RSBE01_01\sora_minigame\sora_minigame.plf
[342/478] LINK build\RSBE01_01\sora_menu_title\sora_menu_title.plf
[343/478] LINK build\RSBE01_01\sora_menu_fig_get_demo\sora_menu_fig_get_demo.plf
[344/478] LINK build\RSBE01_01\sora_adv_menu_visual\sora_adv_menu_visual.plf
[345/478] LINK build\RSBE01_01\sora_menu_boot\sora_menu_boot.plf
[346/478] LINK build\RSBE01_01\sora_adv_menu_sel_map\sora_adv_menu_sel_map.plf
[347/478] LINK build\RSBE01_01\sora_menu_sel_char_access\sora_menu_sel_char_access.plf
### build\compilers\GC\3.0a5.2\mwldeppc.exe Linker Warning:
#   FORCEACTIVE symbol 'lbl_17_section4_0' is either not a global symbol or 
#   doesn't exist.  Ignored.
[348/478] LINK build\RSBE01_01\sora_adv_menu_result\sora_adv_menu_result.plf
[349/478] LINK build\RSBE01_01\sora_adv_menu_name\sora_adv_menu_name.plf
[350/478] LINK build\RSBE01_01\sora_adv_menu_save_load\sora_adv_menu_save_load.plf
[351/478] LINK build\RSBE01_01\sora_adv_menu_game_over\sora_adv_menu_game_over.plf
[352/478] LINK build\RSBE01_01\st_config\st_config.plf
### build\compilers\GC\3.0a5.2\mwldeppc.exe Linker Warning:
#   FORCEACTIVE symbol '__sinit_\st_config_cpp' is either not a global symbol 
#   or doesn't exist.  Ignored.
### build\compilers\GC\3.0a5.2\mwldeppc.exe Linker Warning:
#   FORCEACTIVE symbol 'lbl_44_rodata_0' is either not a global symbol or 
#   doesn't exist.  Ignored.
### build\compilers\GC\3.0a5.2\mwldeppc.exe Linker Warning:
#   FORCEACTIVE symbol 'lbl_44_rodata_4' is either not a global symbol or 
#   doesn't exist.  Ignored.
### build\compilers\GC\3.0a5.2\mwldeppc.exe Linker Warning:
#   FORCEACTIVE symbol 'lbl_44_data_0' is either not a global symbol or 
#   doesn't exist.  Ignored.
### build\compilers\GC\3.0a5.2\mwldeppc.exe Linker Warning:
#   FORCEACTIVE symbol 'lbl_44_data_C' is either not a global symbol or 
#   doesn't exist.  Ignored.
### build\compilers\GC\3.0a5.2\mwldeppc.exe Linker Warning:
#   FORCEACTIVE symbol 'lbl_44_data_10' is either not a global symbol or 
#   doesn't exist.  Ignored.
### build\compilers\GC\3.0a5.2\mwldeppc.exe Linker Warning:
#   FORCEACTIVE symbol 'lbl_44_data_23C' is either not a global symbol or 
#   doesn't exist.  Ignored.
### build\compilers\GC\3.0a5.2\mwldeppc.exe Linker Warning:
#   FORCEACTIVE symbol 'lbl_44_data_248' is either not a global symbol or 
#   doesn't exist.  Ignored.
### build\compilers\GC\3.0a5.2\mwldeppc.exe Linker Warning:
#   FORCEACTIVE symbol 'lbl_44_data_278' is either not a global symbol or 
#   doesn't exist.  Ignored.
### build\compilers\GC\3.0a5.2\mwldeppc.exe Linker Warning:
#   FORCEACTIVE symbol 'lbl_44_data_280' is either not a global symbol or 
#   doesn't exist.  Ignored.
### build\compilers\GC\3.0a5.2\mwldeppc.exe Linker Warning:
#   FORCEACTIVE symbol 'lbl_44_data_2A0' is either not a global symbol or 
#   doesn't exist.  Ignored.
### build\compilers\GC\3.0a5.2\mwldeppc.exe Linker Warning:
#   FORCEACTIVE symbol 'lbl_44_data_2A8' is either not a global symbol or 
#   doesn't exist.  Ignored.
### build\compilers\GC\3.0a5.2\mwldeppc.exe Linker Warning:
#   FORCEACTIVE symbol 'lbl_44_data_2B8' is either not a global symbol or 
#   doesn't exist.  Ignored.
### build\compilers\GC\3.0a5.2\mwldeppc.exe Linker Warning:
#   FORCEACTIVE symbol 'lbl_44_data_2D0' is either not a global symbol or 
#   doesn't exist.  Ignored.
### build\compilers\GC\3.0a5.2\mwldeppc.exe Linker Warning:
#   FORCEACTIVE symbol 'lbl_44_data_2D8' is either not a global symbol or 
#   doesn't exist.  Ignored.
### build\compilers\GC\3.0a5.2\mwldeppc.exe Linker Warning:
#   FORCEACTIVE symbol 'lbl_44_data_2E0' is either not a global symbol or 
#   doesn't exist.  Ignored.
### build\compilers\GC\3.0a5.2\mwldeppc.exe Linker Warning:
#   FORCEACTIVE symbol 'lbl_44_data_2F0' is either not a global symbol or 
#   doesn't exist.  Ignored.
### build\compilers\GC\3.0a5.2\mwldeppc.exe Linker Warning:
#   FORCEACTIVE symbol 'lbl_44_data_2F8' is either not a global symbol or 
#   doesn't exist.  Ignored.
### build\compilers\GC\3.0a5.2\mwldeppc.exe Linker Warning:
#   FORCEACTIVE symbol 'lbl_44_data_308' is either not a global symbol or 
#   doesn't exist.  Ignored.
### build\compilers\GC\3.0a5.2\mwldeppc.exe Linker Warning:
#   FORCEACTIVE symbol 'lbl_44_data_31C' is either not a global symbol or 
#   doesn't exist.  Ignored.
### build\compilers\GC\3.0a5.2\mwldeppc.exe Linker Warning:
#   FORCEACTIVE symbol 'lbl_44_data_33C' is either not a global symbol or 
#   doesn't exist.  Ignored.
### build\compilers\GC\3.0a5.2\mwldeppc.exe Linker Warning:
#   FORCEACTIVE symbol 'lbl_44_data_348' is either not a global symbol or 
#   doesn't exist.  Ignored.
### build\compilers\GC\3.0a5.2\mwldeppc.exe Linker Warning:
#   FORCEACTIVE symbol 'lbl_44_data_350' is either not a global symbol or 
#   doesn't exist.  Ignored.
### build\compilers\GC\3.0a5.2\mwldeppc.exe Linker Warning:
#   FORCEACTIVE symbol 'lbl_44_data_360' is either not a global symbol or 
#   doesn't exist.  Ignored.
### build\compilers\GC\3.0a5.2\mwldeppc.exe Linker Warning:
#   FORCEACTIVE symbol 'lbl_44_data_368' is either not a global symbol or 
#   doesn't exist.  Ignored.
### build\compilers\GC\3.0a5.2\mwldeppc.exe Linker Warning:
#   FORCEACTIVE symbol 'lbl_44_data_530' is either not a global symbol or 
#   doesn't exist.  Ignored.
### build\compilers\GC\3.0a5.2\mwldeppc.exe Linker Warning:
#   FORCEACTIVE symbol 'lbl_44_data_53C' is either not a global symbol or 
#   doesn't exist.  Ignored.
### build\compilers\GC\3.0a5.2\mwldeppc.exe Linker Warning:
#   FORCEACTIVE symbol 'lbl_44_data_560' is either not a global symbol or 
#   doesn't exist.  Ignored.
### build\compilers\GC\3.0a5.2\mwldeppc.exe Linker Warning:
#   FORCEACTIVE symbol 'lbl_44_data_568' is either not a global symbol or 
#   doesn't exist.  Ignored.
### build\compilers\GC\3.0a5.2\mwldeppc.exe Linker Warning:
#   FORCEACTIVE symbol 'lbl_44_data_574' is either not a global symbol or 
#   doesn't exist.  Ignored.
### build\compilers\GC\3.0a5.2\mwldeppc.exe Linker Warning:
#   FORCEACTIVE symbol 'lbl_44_data_590' is either not a global symbol or 
#   doesn't exist.  Ignored.
### build\compilers\GC\3.0a5.2\mwldeppc.exe Linker Warning:
#   FORCEACTIVE symbol 'lbl_44_data_598' is either not a global symbol or 
#   doesn't exist.  Ignored.
### build\compilers\GC\3.0a5.2\mwldeppc.exe Linker Warning:
#   FORCEACTIVE symbol 'lbl_44_data_5A4' is either not a global symbol or 
#   doesn't exist.  Ignored.
### build\compilers\GC\3.0a5.2\mwldeppc.exe Linker Warning:
#   FORCEACTIVE symbol 'lbl_44_data_5B8' is either not a global symbol or 
#   doesn't exist.  Ignored.
### build\compilers\GC\3.0a5.2\mwldeppc.exe Linker Warning:
#   FORCEACTIVE symbol 'lbl_44_data_5C0' is either not a global symbol or 
#   doesn't exist.  Ignored.
### build\compilers\GC\3.0a5.2\mwldeppc.exe Linker Warning:
#   FORCEACTIVE symbol 'lbl_44_data_5C8' is either not a global symbol or 
#   doesn't exist.  Ignored.
### build\compilers\GC\3.0a5.2\mwldeppc.exe Linker Warning:
#   FORCEACTIVE symbol 'lbl_44_data_5D8' is either not a global symbol or 
#   doesn't exist.  Ignored.
### build\compilers\GC\3.0a5.2\mwldeppc.exe Linker Warning:
#   FORCEACTIVE symbol 'lbl_44_bss_8' is either not a global symbol or doesn't 
#   exist.  Ignored.
### build\compilers\GC\3.0a5.2\mwldeppc.exe Linker Warning:
#   FORCEACTIVE symbol 'lbl_44_bss_14' is either not a global symbol or 
#   doesn't exist.  Ignored.
[353/478] LINK build\RSBE01_01\sora_adv_menu_save_point\sora_adv_menu_save_point.plf
[354/478] LINK build\RSBE01_01\sora_adv_menu_seal\sora_adv_menu_seal.plf
[355/478] LINK build\RSBE01_01\st_battle\st_battle.plf
[356/478] LINK build\RSBE01_01\sora_adv_menu_ending\sora_adv_menu_ending.plf
[357/478] LINK build\RSBE01_01\sora_adv_menu_telop\sora_adv_menu_telop.plf
### build\compilers\GC\3.0a5.2\mwldeppc.exe Linker Warning:
#   FORCEACTIVE symbol 'lbl_38_rodata_0' is either not a global symbol or 
#   doesn't exist.  Ignored.
### build\compilers\GC\3.0a5.2\mwldeppc.exe Linker Warning:
#   FORCEACTIVE symbol 'lbl_38_data_0' is either not a global symbol or 
#   doesn't exist.  Ignored.
### build\compilers\GC\3.0a5.2\mwldeppc.exe Linker Warning:
#   FORCEACTIVE symbol 'lbl_38_data_8' is either not a global symbol or 
#   doesn't exist.  Ignored.
### build\compilers\GC\3.0a5.2\mwldeppc.exe Linker Warning:
#   FORCEACTIVE symbol 'lbl_38_data_78' is either not a global symbol or 
#   doesn't exist.  Ignored.
### build\compilers\GC\3.0a5.2\mwldeppc.exe Linker Warning:
#   FORCEACTIVE symbol 'lbl_38_data_88' is either not a global symbol or 
#   doesn't exist.  Ignored.
### build\compilers\GC\3.0a5.2\mwldeppc.exe Linker Warning:
#   FORCEACTIVE symbol 'lbl_38_data_A0' is either not a global symbol or 
#   doesn't exist.  Ignored.
[358/478] LINK build\RSBE01_01\st_battles\st_battles.plf
### build\compilers\GC\3.0a5.2\mwldeppc.exe Linker Warning:
#   FORCEACTIVE symbol '__sinit_\st_battles_cpp' is either not a global symbol 
#   or doesn't exist.  Ignored.
### build\compilers\GC\3.0a5.2\mwldeppc.exe Linker Warning:
#   FORCEACTIVE symbol 'lbl_42_rodata_0' is either not a global symbol or 
#   doesn't exist.  Ignored.
### build\compilers\GC\3.0a5.2\mwldeppc.exe Linker Warning:
#   FORCEACTIVE symbol 'lbl_42_rodata_4' is either not a global symbol or 
#   doesn't exist.  Ignored.
### build\compilers\GC\3.0a5.2\mwldeppc.exe Linker Warning:
#   FORCEACTIVE symbol 'lbl_42_data_0' is either not a global symbol or 
#   doesn't exist.  Ignored.
### build\compilers\GC\3.0a5.2\mwldeppc.exe Linker Warning:
#   FORCEACTIVE symbol 'lbl_42_data_288' is either not a global symbol or 
#   doesn't exist.  Ignored.
### build\compilers\GC\3.0a5.2\mwldeppc.exe Linker Warning:
#   FORCEACTIVE symbol 'lbl_42_data_298' is either not a global symbol or 
#   doesn't exist.  Ignored.
### build\compilers\GC\3.0a5.2\mwldeppc.exe Linker Warning:
#   FORCEACTIVE symbol 'lbl_42_data_2C0' is either not a global symbol or 
#   doesn't exist.  Ignored.
### build\compilers\GC\3.0a5.2\mwldeppc.exe Linker Warning:
#   FORCEACTIVE symbol 'lbl_42_data_2C8' is either not a global symbol or 
#   doesn't exist.  Ignored.
### build\compilers\GC\3.0a5.2\mwldeppc.exe Linker Warning:
#   FORCEACTIVE symbol 'lbl_42_data_2D0' is either not a global symbol or 
#   doesn't exist.  Ignored.
### build\compilers\GC\3.0a5.2\mwldeppc.exe Linker Warning:
#   FORCEACTIVE symbol 'lbl_42_data_2F0' is either not a global symbol or 
#   doesn't exist.  Ignored.
### build\compilers\GC\3.0a5.2\mwldeppc.exe Linker Warning:
#   FORCEACTIVE symbol 'lbl_42_data_2F8' is either not a global symbol or 
#   doesn't exist.  Ignored.
### build\compilers\GC\3.0a5.2\mwldeppc.exe Linker Warning:
#   FORCEACTIVE symbol 'lbl_42_data_308' is either not a global symbol or 
#   doesn't exist.  Ignored.
### build\compilers\GC\3.0a5.2\mwldeppc.exe Linker Warning:
#   FORCEACTIVE symbol 'lbl_42_data_320' is either not a global symbol or 
#   doesn't exist.  Ignored.
### build\compilers\GC\3.0a5.2\mwldeppc.exe Linker Warning:
#   FORCEACTIVE symbol 'lbl_42_data_328' is either not a global symbol or 
#   doesn't exist.  Ignored.
### build\compilers\GC\3.0a5.2\mwldeppc.exe Linker Warning:
#   FORCEACTIVE symbol 'lbl_42_data_330' is either not a global symbol or 
#   doesn't exist.  Ignored.
### build\compilers\GC\3.0a5.2\mwldeppc.exe Linker Warning:
#   FORCEACTIVE symbol 'lbl_42_data_340' is either not a global symbol or 
#   doesn't exist.  Ignored.
### build\compilers\GC\3.0a5.2\mwldeppc.exe Linker Warning:
#   FORCEACTIVE symbol 'lbl_42_data_348' is either not a global symbol or 
#   doesn't exist.  Ignored.
### build\compilers\GC\3.0a5.2\mwldeppc.exe Linker Warning:
#   FORCEACTIVE symbol 'lbl_42_data_350' is either not a global symbol or 
#   doesn't exist.  Ignored.
### build\compilers\GC\3.0a5.2\mwldeppc.exe Linker Warning:
#   FORCEACTIVE symbol 'lbl_42_data_36C' is either not a global symbol or 
#   doesn't exist.  Ignored.
### build\compilers\GC\3.0a5.2\mwldeppc.exe Linker Warning:
#   FORCEACTIVE symbol 'lbl_42_data_390' is either not a global symbol or 
#   doesn't exist.  Ignored.
### build\compilers\GC\3.0a5.2\mwldeppc.exe Linker Warning:
#   FORCEACTIVE symbol 'lbl_42_data_3A0' is either not a global symbol or 
#   doesn't exist.  Ignored.
### build\compilers\GC\3.0a5.2\mwldeppc.exe Linker Warning:
#   FORCEACTIVE symbol 'lbl_42_data_3A8' is either not a global symbol or 
#   doesn't exist.  Ignored.
### build\compilers\GC\3.0a5.2\mwldeppc.exe Linker Warning:
#   FORCEACTIVE symbol 'lbl_42_data_3B8' is either not a global symbol or 
#   doesn't exist.  Ignored.
### build\compilers\GC\3.0a5.2\mwldeppc.exe Linker Warning:
#   FORCEACTIVE symbol 'lbl_42_data_588' is either not a global symbol or 
#   doesn't exist.  Ignored.
### build\compilers\GC\3.0a5.2\mwldeppc.exe Linker Warning:
#   FORCEACTIVE symbol 'lbl_42_data_598' is either not a global symbol or 
#   doesn't exist.  Ignored.
### build\compilers\GC\3.0a5.2\mwldeppc.exe Linker Warning:
#   FORCEACTIVE symbol 'lbl_42_data_5C0' is either not a global symbol or 
#   doesn't exist.  Ignored.
### build\compilers\GC\3.0a5.2\mwldeppc.exe Linker Warning:
#   FORCEACTIVE symbol 'lbl_42_data_5C8' is either not a global symbol or 
#   doesn't exist.  Ignored.
### build\compilers\GC\3.0a5.2\mwldeppc.exe Linker Warning:
#   FORCEACTIVE symbol 'lbl_42_data_5D4' is either not a global symbol or 
#   doesn't exist.  Ignored.
### build\compilers\GC\3.0a5.2\mwldeppc.exe Linker Warning:
#   FORCEACTIVE symbol 'lbl_42_data_5F0' is either not a global symbol or 
#   doesn't exist.  Ignored.
### build\compilers\GC\3.0a5.2\mwldeppc.exe Linker Warning:
#   FORCEACTIVE symbol 'lbl_42_data_5F8' is either not a global symbol or 
#   doesn't exist.  Ignored.
### build\compilers\GC\3.0a5.2\mwldeppc.exe Linker Warning:
#   FORCEACTIVE symbol 'lbl_42_data_604' is either not a global symbol or 
#   doesn't exist.  Ignored.
### build\compilers\GC\3.0a5.2\mwldeppc.exe Linker Warning:
#   FORCEACTIVE symbol 'lbl_42_data_618' is either not a global symbol or 
#   doesn't exist.  Ignored.
### build\compilers\GC\3.0a5.2\mwldeppc.exe Linker Warning:
#   FORCEACTIVE symbol 'lbl_42_data_620' is either not a global symbol or 
#   doesn't exist.  Ignored.
### build\compilers\GC\3.0a5.2\mwldeppc.exe Linker Warning:
#   FORCEACTIVE symbol 'lbl_42_data_628' is either not a global symbol or 
#   doesn't exist.  Ignored.
### build\compilers\GC\3.0a5.2\mwldeppc.exe Linker Warning:
#   FORCEACTIVE symbol 'lbl_42_data_638' is either not a global symbol or 
#   doesn't exist.  Ignored.
### build\compilers\GC\3.0a5.2\mwldeppc.exe Linker Warning:
#   FORCEACTIVE symbol 'lbl_42_bss_8' is either not a global symbol or doesn't 
#   exist.  Ignored.
[359/478] LINK build\RSBE01_01\st_kart\st_kart.plf
[360/478] LINK build\RSBE01_01\sora_adv_stage\sora_adv_stage.plf
### build\compilers\GC\3.0a5.2\mwldeppc.exe Linker Warning:
#   FORCEACTIVE symbol 'lbl_40_rodata_8E8' is either not a global symbol or 
#   doesn't exist.  Ignored.
### build\compilers\GC\3.0a5.2\mwldeppc.exe Linker Warning:
#   FORCEACTIVE symbol 'lbl_40_data_177D8' is either not a global symbol or 
#   doesn't exist.  Ignored.
### build\compilers\GC\3.0a5.2\mwldeppc.exe Linker Warning:
#   FORCEACTIVE symbol 'lbl_40_data_177E0' is either not a global symbol or 
#   doesn't exist.  Ignored.
### build\compilers\GC\3.0a5.2\mwldeppc.exe Linker Warning:
#   FORCEACTIVE symbol 'lbl_40_data_179B4' is either not a global symbol or 
#   doesn't exist.  Ignored.
### build\compilers\GC\3.0a5.2\mwldeppc.exe Linker Warning:
#   FORCEACTIVE symbol 'lbl_40_data_179C8' is either not a global symbol or 
#   doesn't exist.  Ignored.
[361/478] LINK build\RSBE01_01\st_mariopast\st_mariopast.plf
[362/478] LINK build\RSBE01_01\st_donkey\st_donkey.plf
[363/478] LINK build\RSBE01_01\st_mansion\st_mansion.plf
[364/478] LINK build\RSBE01_01\st_starfox\st_starfox.plf
[365/478] LINK build\RSBE01_01\st_dolpic\st_dolpic.plf
[366/478] LINK build\RSBE01_01\st_jungle\st_jungle.plf
[367/478] LINK build\RSBE01_01\st_orpheon\st_orpheon.plf
[368/478] LINK build\RSBE01_01\st_pirates\st_pirates.plf
[369/478] LINK build\RSBE01_01\st_oldin\st_oldin.plf
### build\compilers\GC\3.0a5.2\mwldeppc.exe Linker Warning:
#   FORCEACTIVE symbol 'lbl_53_data_888' is either not a global symbol or 
#   doesn't exist.  Ignored.
### build\compilers\GC\3.0a5.2\mwldeppc.exe Linker Warning:
#   FORCEACTIVE symbol 'lbl_53_data_890' is either not a global symbol or 
#   doesn't exist.  Ignored.
### build\compilers\GC\3.0a5.2\mwldeppc.exe Linker Warning:
#   FORCEACTIVE symbol 'lbl_53_data_8C8' is either not a global symbol or 
#   doesn't exist.  Ignored.
### build\compilers\GC\3.0a5.2\mwldeppc.exe Linker Warning:
#   FORCEACTIVE symbol 'lbl_53_data_8D0' is either not a global symbol or 
#   doesn't exist.  Ignored.
### build\compilers\GC\3.0a5.2\mwldeppc.exe Linker Warning:
#   FORCEACTIVE symbol 'lbl_53_data_8DC' is either not a global symbol or 
#   doesn't exist.  Ignored.
### build\compilers\GC\3.0a5.2\mwldeppc.exe Linker Warning:
#   FORCEACTIVE symbol 'lbl_53_data_908' is either not a global symbol or 
#   doesn't exist.  Ignored.
### build\compilers\GC\3.0a5.2\mwldeppc.exe Linker Warning:
#   FORCEACTIVE symbol 'lbl_53_data_910' is either not a global symbol or 
#   doesn't exist.  Ignored.
### build\compilers\GC\3.0a5.2\mwldeppc.exe Linker Warning:
#   FORCEACTIVE symbol 'lbl_53_data_920' is either not a global symbol or 
#   doesn't exist.  Ignored.
### build\compilers\GC\3.0a5.2\mwldeppc.exe Linker Warning:
#   FORCEACTIVE symbol 'lbl_53_data_948' is either not a global symbol or 
#   doesn't exist.  Ignored.
### build\compilers\GC\3.0a5.2\mwldeppc.exe Linker Warning:
#   FORCEACTIVE symbol 'lbl_53_data_950' is either not a global symbol or 
#   doesn't exist.  Ignored.
### build\compilers\GC\3.0a5.2\mwldeppc.exe Linker Warning:
#   FORCEACTIVE symbol 'lbl_53_data_95C' is either not a global symbol or 
#   doesn't exist.  Ignored.
### build\compilers\GC\3.0a5.2\mwldeppc.exe Linker Warning:
#   FORCEACTIVE symbol 'lbl_53_data_978' is either not a global symbol or 
#   doesn't exist.  Ignored.
### build\compilers\GC\3.0a5.2\mwldeppc.exe Linker Warning:
#   FORCEACTIVE symbol 'lbl_53_data_980' is either not a global symbol or 
#   doesn't exist.  Ignored.
### build\compilers\GC\3.0a5.2\mwldeppc.exe Linker Warning:
#   FORCEACTIVE symbol 'lbl_53_data_98C' is either not a global symbol or 
#   doesn't exist.  Ignored.
### build\compilers\GC\3.0a5.2\mwldeppc.exe Linker Warning:
#   FORCEACTIVE symbol 'lbl_53_data_9A0' is either not a global symbol or 
#   doesn't exist.  Ignored.
### build\compilers\GC\3.0a5.2\mwldeppc.exe Linker Warning:
#   FORCEACTIVE symbol 'lbl_53_data_9A8' is either not a global symbol or 
#   doesn't exist.  Ignored.
### build\compilers\GC\3.0a5.2\mwldeppc.exe Linker Warning:
#   FORCEACTIVE symbol 'lbl_53_data_9B0' is either not a global symbol or 
#   doesn't exist.  Ignored.
### build\compilers\GC\3.0a5.2\mwldeppc.exe Linker Warning:
#   FORCEACTIVE symbol 'lbl_53_data_9C0' is either not a global symbol or 
#   doesn't exist.  Ignored.
[370/478] LINK build\RSBE01_01\st_norfair\st_norfair.plf
[371/478] LINK build\RSBE01_01\st_fzero\st_fzero.plf
[372/478] LINK build\RSBE01_01\st_crayon\st_crayon.plf
### build\compilers\GC\3.0a5.2\mwldeppc.exe Linker Warning:
#   FORCEACTIVE symbol '__sinit_\st_crayon_cpp' is either not a global symbol 
#   or doesn't exist.  Ignored.
### build\compilers\GC\3.0a5.2\mwldeppc.exe Linker Warning:
#   FORCEACTIVE symbol 'lbl_56_rodata_0' is either not a global symbol or 
#   doesn't exist.  Ignored.
### build\compilers\GC\3.0a5.2\mwldeppc.exe Linker Warning:
#   FORCEACTIVE symbol 'lbl_56_rodata_4' is either not a global symbol or 
#   doesn't exist.  Ignored.
### build\compilers\GC\3.0a5.2\mwldeppc.exe Linker Warning:
#   FORCEACTIVE symbol 'lbl_56_data_0' is either not a global symbol or 
#   doesn't exist.  Ignored.
### build\compilers\GC\3.0a5.2\mwldeppc.exe Linker Warning:
#   FORCEACTIVE symbol 'lbl_56_data_2C8' is either not a global symbol or 
#   doesn't exist.  Ignored.
### build\compilers\GC\3.0a5.2\mwldeppc.exe Linker Warning:
#   FORCEACTIVE symbol 'lbl_56_data_2D4' is either not a global symbol or 
#   doesn't exist.  Ignored.
### build\compilers\GC\3.0a5.2\mwldeppc.exe Linker Warning:
#   FORCEACTIVE symbol 'lbl_56_data_300' is either not a global symbol or 
#   doesn't exist.  Ignored.
### build\compilers\GC\3.0a5.2\mwldeppc.exe Linker Warning:
#   FORCEACTIVE symbol 'lbl_56_data_308' is either not a global symbol or 
#   doesn't exist.  Ignored.
### build\compilers\GC\3.0a5.2\mwldeppc.exe Linker Warning:
#   FORCEACTIVE symbol 'lbl_56_data_330' is either not a global symbol or 
#   doesn't exist.  Ignored.
### build\compilers\GC\3.0a5.2\mwldeppc.exe Linker Warning:
#   FORCEACTIVE symbol 'lbl_56_data_340' is either not a global symbol or 
#   doesn't exist.  Ignored.
### build\compilers\GC\3.0a5.2\mwldeppc.exe Linker Warning:
#   FORCEACTIVE symbol 'lbl_56_data_360' is either not a global symbol or 
#   doesn't exist.  Ignored.
### build\compilers\GC\3.0a5.2\mwldeppc.exe Linker Warning:
#   FORCEACTIVE symbol 'lbl_56_data_368' is either not a global symbol or 
#   doesn't exist.  Ignored.
### build\compilers\GC\3.0a5.2\mwldeppc.exe Linker Warning:
#   FORCEACTIVE symbol 'lbl_56_data_380' is either not a global symbol or 
#   doesn't exist.  Ignored.
### build\compilers\GC\3.0a5.2\mwldeppc.exe Linker Warning:
#   FORCEACTIVE symbol 'lbl_56_data_3A4' is either not a global symbol or 
#   doesn't exist.  Ignored.
### build\compilers\GC\3.0a5.2\mwldeppc.exe Linker Warning:
#   FORCEACTIVE symbol 'lbl_56_data_3C4' is either not a global symbol or 
#   doesn't exist.  Ignored.
### build\compilers\GC\3.0a5.2\mwldeppc.exe Linker Warning:
#   FORCEACTIVE symbol 'lbl_56_data_3D8' is either not a global symbol or 
#   doesn't exist.  Ignored.
### build\compilers\GC\3.0a5.2\mwldeppc.exe Linker Warning:
#   FORCEACTIVE symbol 'lbl_56_data_10D8' is either not a global symbol or 
#   doesn't exist.  Ignored.
### build\compilers\GC\3.0a5.2\mwldeppc.exe Linker Warning:
#   FORCEACTIVE symbol 'lbl_56_data_10EC' is either not a global symbol or 
#   doesn't exist.  Ignored.
### build\compilers\GC\3.0a5.2\mwldeppc.exe Linker Warning:
#   FORCEACTIVE symbol 'lbl_56_bss_8' is either not a global symbol or doesn't 
#   exist.  Ignored.
### build\compilers\GC\3.0a5.2\mwldeppc.exe Linker Warning:
#   FORCEACTIVE symbol 'lbl_56_bss_14' is either not a global symbol or 
#   doesn't exist.  Ignored.
[373/478] LINK build\RSBE01_01\st_stadium\st_stadium.plf
[374/478] LINK build\RSBE01_01\st_ice\st_ice.plf
[375/478] LINK build\RSBE01_01\st_final\st_final.plf
### build\compilers\GC\3.0a5.2\mwldeppc.exe Linker Warning:
#   FORCEACTIVE symbol '__sinit_\st_final_cpp' is either not a global symbol 
#   or doesn't exist.  Ignored.
### build\compilers\GC\3.0a5.2\mwldeppc.exe Linker Warning:
#   FORCEACTIVE symbol 'lbl_45_rodata_0' is either not a global symbol or 
#   doesn't exist.  Ignored.
### build\compilers\GC\3.0a5.2\mwldeppc.exe Linker Warning:
#   FORCEACTIVE symbol 'lbl_45_rodata_4' is either not a global symbol or 
#   doesn't exist.  Ignored.
### build\compilers\GC\3.0a5.2\mwldeppc.exe Linker Warning:
#   FORCEACTIVE symbol 'lbl_45_rodata_8' is either not a global symbol or 
#   doesn't exist.  Ignored.
### build\compilers\GC\3.0a5.2\mwldeppc.exe Linker Warning:
#   FORCEACTIVE symbol 'lbl_45_data_0' is either not a global symbol or 
#   doesn't exist.  Ignored.
### build\compilers\GC\3.0a5.2\mwldeppc.exe Linker Warning:
#   FORCEACTIVE symbol 'lbl_45_data_3C' is either not a global symbol or 
#   doesn't exist.  Ignored.
### build\compilers\GC\3.0a5.2\mwldeppc.exe Linker Warning:
#   FORCEACTIVE symbol 'lbl_45_data_258' is either not a global symbol or 
#   doesn't exist.  Ignored.
### build\compilers\GC\3.0a5.2\mwldeppc.exe Linker Warning:
#   FORCEACTIVE symbol 'lbl_45_data_260' is either not a global symbol or 
#   doesn't exist.  Ignored.
### build\compilers\GC\3.0a5.2\mwldeppc.exe Linker Warning:
#   FORCEACTIVE symbol 'lbl_45_data_288' is either not a global symbol or 
#   doesn't exist.  Ignored.
### build\compilers\GC\3.0a5.2\mwldeppc.exe Linker Warning:
#   FORCEACTIVE symbol 'lbl_45_data_290' is either not a global symbol or 
#   doesn't exist.  Ignored.
### build\compilers\GC\3.0a5.2\mwldeppc.exe Linker Warning:
#   FORCEACTIVE symbol 'lbl_45_data_298' is either not a global symbol or 
#   doesn't exist.  Ignored.
### build\compilers\GC\3.0a5.2\mwldeppc.exe Linker Warning:
#   FORCEACTIVE symbol 'lbl_45_data_2B8' is either not a global symbol or 
#   doesn't exist.  Ignored.
### build\compilers\GC\3.0a5.2\mwldeppc.exe Linker Warning:
#   FORCEACTIVE symbol 'lbl_45_data_2C0' is either not a global symbol or 
#   doesn't exist.  Ignored.
### build\compilers\GC\3.0a5.2\mwldeppc.exe Linker Warning:
#   FORCEACTIVE symbol 'lbl_45_data_2D0' is either not a global symbol or 
#   doesn't exist.  Ignored.
### build\compilers\GC\3.0a5.2\mwldeppc.exe Linker Warning:
#   FORCEACTIVE symbol 'lbl_45_data_2E8' is either not a global symbol or 
#   doesn't exist.  Ignored.
### build\compilers\GC\3.0a5.2\mwldeppc.exe Linker Warning:
#   FORCEACTIVE symbol 'lbl_45_data_2F0' is either not a global symbol or 
#   doesn't exist.  Ignored.
### build\compilers\GC\3.0a5.2\mwldeppc.exe Linker Warning:
#   FORCEACTIVE symbol 'lbl_45_data_2F8' is either not a global symbol or 
#   doesn't exist.  Ignored.
### build\compilers\GC\3.0a5.2\mwldeppc.exe Linker Warning:
#   FORCEACTIVE symbol 'lbl_45_data_308' is either not a global symbol or 
#   doesn't exist.  Ignored.
### build\compilers\GC\3.0a5.2\mwldeppc.exe Linker Warning:
#   FORCEACTIVE symbol 'lbl_45_data_310' is either not a global symbol or 
#   doesn't exist.  Ignored.
### build\compilers\GC\3.0a5.2\mwldeppc.exe Linker Warning:
#   FORCEACTIVE symbol 'lbl_45_data_320' is either not a global symbol or 
#   doesn't exist.  Ignored.
### build\compilers\GC\3.0a5.2\mwldeppc.exe Linker Warning:
#   FORCEACTIVE symbol 'lbl_45_data_334' is either not a global symbol or 
#   doesn't exist.  Ignored.
### build\compilers\GC\3.0a5.2\mwldeppc.exe Linker Warning:
#   FORCEACTIVE symbol 'lbl_45_data_350' is either not a global symbol or 
#   doesn't exist.  Ignored.
### build\compilers\GC\3.0a5.2\mwldeppc.exe Linker Warning:
#   FORCEACTIVE symbol 'lbl_45_data_360' is either not a global symbol or 
#   doesn't exist.  Ignored.
### build\compilers\GC\3.0a5.2\mwldeppc.exe Linker Warning:
#   FORCEACTIVE symbol 'lbl_45_data_368' is either not a global symbol or 
#   doesn't exist.  Ignored.
### build\compilers\GC\3.0a5.2\mwldeppc.exe Linker Warning:
#   FORCEACTIVE symbol 'lbl_45_data_378' is either not a global symbol or 
#   doesn't exist.  Ignored.
### build\compilers\GC\3.0a5.2\mwldeppc.exe Linker Warning:
#   FORCEACTIVE symbol 'lbl_45_data_380' is either not a global symbol or 
#   doesn't exist.  Ignored.
### build\compilers\GC\3.0a5.2\mwldeppc.exe Linker Warning:
#   FORCEACTIVE symbol 'lbl_45_data_388' is either not a global symbol or 
#   doesn't exist.  Ignored.
### build\compilers\GC\3.0a5.2\mwldeppc.exe Linker Warning:
#   FORCEACTIVE symbol 'lbl_45_data_390' is either not a global symbol or 
#   doesn't exist.  Ignored.
### build\compilers\GC\3.0a5.2\mwldeppc.exe Linker Warning:
#   FORCEACTIVE symbol 'lbl_45_data_560' is either not a global symbol or 
#   doesn't exist.  Ignored.
### build\compilers\GC\3.0a5.2\mwldeppc.exe Linker Warning:
#   FORCEACTIVE symbol 'lbl_45_data_568' is either not a global symbol or 
#   doesn't exist.  Ignored.
### build\compilers\GC\3.0a5.2\mwldeppc.exe Linker Warning:
#   FORCEACTIVE symbol 'lbl_45_data_590' is either not a global symbol or 
#   doesn't exist.  Ignored.
### build\compilers\GC\3.0a5.2\mwldeppc.exe Linker Warning:
#   FORCEACTIVE symbol 'lbl_45_data_598' is either not a global symbol or 
#   doesn't exist.  Ignored.
### build\compilers\GC\3.0a5.2\mwldeppc.exe Linker Warning:
#   FORCEACTIVE symbol 'lbl_45_data_5A4' is either not a global symbol or 
#   doesn't exist.  Ignored.
### build\compilers\GC\3.0a5.2\mwldeppc.exe Linker Warning:
#   FORCEACTIVE symbol 'lbl_45_data_5C0' is either not a global symbol or 
#   doesn't exist.  Ignored.
### build\compilers\GC\3.0a5.2\mwldeppc.exe Linker Warning:
#   FORCEACTIVE symbol 'lbl_45_data_5C8' is either not a global symbol or 
#   doesn't exist.  Ignored.
### build\compilers\GC\3.0a5.2\mwldeppc.exe Linker Warning:
#   FORCEACTIVE symbol 'lbl_45_data_5D4' is either not a global symbol or 
#   doesn't exist.  Ignored.
### build\compilers\GC\3.0a5.2\mwldeppc.exe Linker Warning:
#   FORCEACTIVE symbol 'lbl_45_data_5E8' is either not a global symbol or 
#   doesn't exist.  Ignored.
### build\compilers\GC\3.0a5.2\mwldeppc.exe Linker Warning:
#   FORCEACTIVE symbol 'lbl_45_data_5F0' is either not a global symbol or 
#   doesn't exist.  Ignored.
### build\compilers\GC\3.0a5.2\mwldeppc.exe Linker Warning:
#   FORCEACTIVE symbol 'lbl_45_data_5F8' is either not a global symbol or 
#   doesn't exist.  Ignored.
### build\compilers\GC\3.0a5.2\mwldeppc.exe Linker Warning:
#   FORCEACTIVE symbol 'lbl_45_data_608' is either not a global symbol or 
#   doesn't exist.  Ignored.
### build\compilers\GC\3.0a5.2\mwldeppc.exe Linker Warning:
#   FORCEACTIVE symbol 'lbl_45_bss_8' is either not a global symbol or doesn't 
#   exist.  Ignored.
### build\compilers\GC\3.0a5.2\mwldeppc.exe Linker Warning:
#   FORCEACTIVE symbol 'lbl_45_bss_14' is either not a global symbol or 
#   doesn't exist.  Ignored.
[376/478] LINK build\RSBE01_01\st_madein\st_madein.plf
[377/478] LINK build\RSBE01_01\st_halberd\st_halberd.plf
[378/478] LINK build\RSBE01_01\st_tengan\st_tengan.plf
### build\compilers\GC\3.0a5.2\mwldeppc.exe Linker Warning:
#   FORCEACTIVE symbol 'lbl_60_data_838' is either not a global symbol or 
#   doesn't exist.  Ignored.
### build\compilers\GC\3.0a5.2\mwldeppc.exe Linker Warning:
#   FORCEACTIVE symbol 'lbl_60_data_A08' is either not a global symbol or 
#   doesn't exist.  Ignored.
### build\compilers\GC\3.0a5.2\mwldeppc.exe Linker Warning:
#   FORCEACTIVE symbol 'lbl_60_data_A14' is either not a global symbol or 
#   doesn't exist.  Ignored.
### build\compilers\GC\3.0a5.2\mwldeppc.exe Linker Warning:
#   FORCEACTIVE symbol 'lbl_60_data_A40' is either not a global symbol or 
#   doesn't exist.  Ignored.
### build\compilers\GC\3.0a5.2\mwldeppc.exe Linker Warning:
#   FORCEACTIVE symbol 'lbl_60_data_A4C' is either not a global symbol or 
#   doesn't exist.  Ignored.
### build\compilers\GC\3.0a5.2\mwldeppc.exe Linker Warning:
#   FORCEACTIVE symbol 'lbl_60_data_A70' is either not a global symbol or 
#   doesn't exist.  Ignored.
### build\compilers\GC\3.0a5.2\mwldeppc.exe Linker Warning:
#   FORCEACTIVE symbol 'lbl_60_data_A7C' is either not a global symbol or 
#   doesn't exist.  Ignored.
### build\compilers\GC\3.0a5.2\mwldeppc.exe Linker Warning:
#   FORCEACTIVE symbol 'lbl_60_data_A98' is either not a global symbol or 
#   doesn't exist.  Ignored.
### build\compilers\GC\3.0a5.2\mwldeppc.exe Linker Warning:
#   FORCEACTIVE symbol 'lbl_60_data_AA0' is either not a global symbol or 
#   doesn't exist.  Ignored.
### build\compilers\GC\3.0a5.2\mwldeppc.exe Linker Warning:
#   FORCEACTIVE symbol 'lbl_60_data_AB8' is either not a global symbol or 
#   doesn't exist.  Ignored.
### build\compilers\GC\3.0a5.2\mwldeppc.exe Linker Warning:
#   FORCEACTIVE symbol 'lbl_60_data_CD0' is either not a global symbol or 
#   doesn't exist.  Ignored.
### build\compilers\GC\3.0a5.2\mwldeppc.exe Linker Warning:
#   FORCEACTIVE symbol 'lbl_60_data_CDC' is either not a global symbol or 
#   doesn't exist.  Ignored.
[379/478] LINK build\RSBE01_01\st_gw\st_gw.plf
[380/478] LINK build\RSBE01_01\st_newpork\st_newpork.plf
### build\compilers\GC\3.0a5.2\mwldeppc.exe Linker Warning:
#   FORCEACTIVE symbol 'lbl_69_rodata_88' is either not a global symbol or 
#   doesn't exist.  Ignored.
### build\compilers\GC\3.0a5.2\mwldeppc.exe Linker Warning:
#   FORCEACTIVE symbol 'lbl_69_rodata_8C' is either not a global symbol or 
#   doesn't exist.  Ignored.
### build\compilers\GC\3.0a5.2\mwldeppc.exe Linker Warning:
#   FORCEACTIVE symbol 'lbl_69_data_CD0' is either not a global symbol or 
#   doesn't exist.  Ignored.
### build\compilers\GC\3.0a5.2\mwldeppc.exe Linker Warning:
#   FORCEACTIVE symbol 'lbl_69_data_CDC' is either not a global symbol or 
#   doesn't exist.  Ignored.
### build\compilers\GC\3.0a5.2\mwldeppc.exe Linker Warning:
#   FORCEACTIVE symbol 'lbl_69_data_D18' is either not a global symbol or 
#   doesn't exist.  Ignored.
### build\compilers\GC\3.0a5.2\mwldeppc.exe Linker Warning:
#   FORCEACTIVE symbol 'lbl_69_data_D24' is either not a global symbol or 
#   doesn't exist.  Ignored.
### build\compilers\GC\3.0a5.2\mwldeppc.exe Linker Warning:
#   FORCEACTIVE symbol 'lbl_69_data_D58' is either not a global symbol or 
#   doesn't exist.  Ignored.
### build\compilers\GC\3.0a5.2\mwldeppc.exe Linker Warning:
#   FORCEACTIVE symbol 'lbl_69_data_D68' is either not a global symbol or 
#   doesn't exist.  Ignored.
### build\compilers\GC\3.0a5.2\mwldeppc.exe Linker Warning:
#   FORCEACTIVE symbol 'lbl_69_data_D98' is either not a global symbol or 
#   doesn't exist.  Ignored.
### build\compilers\GC\3.0a5.2\mwldeppc.exe Linker Warning:
#   FORCEACTIVE symbol 'lbl_69_data_DA4' is either not a global symbol or 
#   doesn't exist.  Ignored.
### build\compilers\GC\3.0a5.2\mwldeppc.exe Linker Warning:
#   FORCEACTIVE symbol 'lbl_69_data_DC8' is either not a global symbol or 
#   doesn't exist.  Ignored.
### build\compilers\GC\3.0a5.2\mwldeppc.exe Linker Warning:
#   FORCEACTIVE symbol 'lbl_69_data_DD4' is either not a global symbol or 
#   doesn't exist.  Ignored.
### build\compilers\GC\3.0a5.2\mwldeppc.exe Linker Warning:
#   FORCEACTIVE symbol 'lbl_69_data_DF0' is either not a global symbol or 
#   doesn't exist.  Ignored.
### build\compilers\GC\3.0a5.2\mwldeppc.exe Linker Warning:
#   FORCEACTIVE symbol 'lbl_69_data_DF8' is either not a global symbol or 
#   doesn't exist.  Ignored.
[381/478] LINK build\RSBE01_01\st_greenhill\st_greenhill.plf
### build\compilers\GC\3.0a5.2\mwldeppc.exe Linker Warning:
#   FORCEACTIVE symbol '__sinit_\st_greenhill_cpp' is either not a global 
#   symbol or doesn't exist.  Ignored.
### build\compilers\GC\3.0a5.2\mwldeppc.exe Linker Warning:
#   FORCEACTIVE symbol 'lbl_72_rodata_0' is either not a global symbol or 
#   doesn't exist.  Ignored.
### build\compilers\GC\3.0a5.2\mwldeppc.exe Linker Warning:
#   FORCEACTIVE symbol 'lbl_72_rodata_4' is either not a global symbol or 
#   doesn't exist.  Ignored.
### build\compilers\GC\3.0a5.2\mwldeppc.exe Linker Warning:
#   FORCEACTIVE symbol 'lbl_72_data_0' is either not a global symbol or 
#   doesn't exist.  Ignored.
### build\compilers\GC\3.0a5.2\mwldeppc.exe Linker Warning:
#   FORCEACTIVE symbol 'lbl_72_data_C' is either not a global symbol or 
#   doesn't exist.  Ignored.
### build\compilers\GC\3.0a5.2\mwldeppc.exe Linker Warning:
#   FORCEACTIVE symbol 'lbl_72_data_1C' is either not a global symbol or 
#   doesn't exist.  Ignored.
### build\compilers\GC\3.0a5.2\mwldeppc.exe Linker Warning:
#   FORCEACTIVE symbol 'lbl_72_data_30' is either not a global symbol or 
#   doesn't exist.  Ignored.
### build\compilers\GC\3.0a5.2\mwldeppc.exe Linker Warning:
#   FORCEACTIVE symbol 'lbl_72_data_C8' is either not a global symbol or 
#   doesn't exist.  Ignored.
### build\compilers\GC\3.0a5.2\mwldeppc.exe Linker Warning:
#   FORCEACTIVE symbol 'lbl_72_data_DC' is either not a global symbol or 
#   doesn't exist.  Ignored.
### build\compilers\GC\3.0a5.2\mwldeppc.exe Linker Warning:
#   FORCEACTIVE symbol 'lbl_72_data_408' is either not a global symbol or 
#   doesn't exist.  Ignored.
### build\compilers\GC\3.0a5.2\mwldeppc.exe Linker Warning:
#   FORCEACTIVE symbol 'lbl_72_data_414' is either not a global symbol or 
#   doesn't exist.  Ignored.
### build\compilers\GC\3.0a5.2\mwldeppc.exe Linker Warning:
#   FORCEACTIVE symbol 'lbl_72_data_440' is either not a global symbol or 
#   doesn't exist.  Ignored.
### build\compilers\GC\3.0a5.2\mwldeppc.exe Linker Warning:
#   FORCEACTIVE symbol 'lbl_72_data_448' is either not a global symbol or 
#   doesn't exist.  Ignored.
### build\compilers\GC\3.0a5.2\mwldeppc.exe Linker Warning:
#   FORCEACTIVE symbol 'lbl_72_data_470' is either not a global symbol or 
#   doesn't exist.  Ignored.
### build\compilers\GC\3.0a5.2\mwldeppc.exe Linker Warning:
#   FORCEACTIVE symbol 'lbl_72_data_480' is either not a global symbol or 
#   doesn't exist.  Ignored.
### build\compilers\GC\3.0a5.2\mwldeppc.exe Linker Warning:
#   FORCEACTIVE symbol 'lbl_72_data_4A0' is either not a global symbol or 
#   doesn't exist.  Ignored.
### build\compilers\GC\3.0a5.2\mwldeppc.exe Linker Warning:
#   FORCEACTIVE symbol 'lbl_72_data_4A8' is either not a global symbol or 
#   doesn't exist.  Ignored.
### build\compilers\GC\3.0a5.2\mwldeppc.exe Linker Warning:
#   FORCEACTIVE symbol 'lbl_72_data_4C0' is either not a global symbol or 
#   doesn't exist.  Ignored.
### build\compilers\GC\3.0a5.2\mwldeppc.exe Linker Warning:
#   FORCEACTIVE symbol 'lbl_72_data_4E4' is either not a global symbol or 
#   doesn't exist.  Ignored.
### build\compilers\GC\3.0a5.2\mwldeppc.exe Linker Warning:
#   FORCEACTIVE symbol 'lbl_72_data_508' is either not a global symbol or 
#   doesn't exist.  Ignored.
### build\compilers\GC\3.0a5.2\mwldeppc.exe Linker Warning:
#   FORCEACTIVE symbol 'lbl_72_data_520' is either not a global symbol or 
#   doesn't exist.  Ignored.
### build\compilers\GC\3.0a5.2\mwldeppc.exe Linker Warning:
#   FORCEACTIVE symbol 'lbl_72_bss_8' is either not a global symbol or doesn't 
#   exist.  Ignored.
[382/478] LINK build\RSBE01_01\st_earth\st_earth.plf
[383/478] LINK build\RSBE01_01\st_palutena\st_palutena.plf
[384/478] LINK build\RSBE01_01\st_emblem\st_emblem.plf
[385/478] LINK build\RSBE01_01\st_metalgear\st_metalgear.plf
[386/478] LINK build\RSBE01_01\st_pictchat\st_pictchat.plf
[387/478] LINK build\RSBE01_01\st_village\st_village.plf
[388/478] LINK build\RSBE01_01\st_dxonett\st_dxonett.plf
[389/478] LINK build\RSBE01_01\st_famicom\st_famicom.plf
[390/478] LINK build\RSBE01_01\st_plankton\st_plankton.plf
[391/478] LINK build\RSBE01_01\st_dxrcruise\st_dxrcruise.plf
[392/478] LINK build\RSBE01_01\st_dxgreens\st_dxgreens.plf
[393/478] LINK build\RSBE01_01\st_dxshrine\st_dxshrine.plf
### build\compilers\GC\3.0a5.2\mwldeppc.exe Linker Warning:
#   FORCEACTIVE symbol 'grDxShrine::__vtable' is either not a global symbol or 
#   doesn't exist.  Ignored.
### build\compilers\GC\3.0a5.2\mwldeppc.exe Linker Warning:
#   FORCEACTIVE symbol '@7862' is either not a global symbol or doesn't exist. 
#    Ignored.
### build\compilers\GC\3.0a5.2\mwldeppc.exe Linker Warning:
#   FORCEACTIVE symbol 'stDxShrine::bss_loc_14' is either not a global symbol 
#   or doesn't exist.  Ignored.
[394/478] LINK build\RSBE01_01\st_dxgarden\st_dxgarden.plf
### build\compilers\GC\3.0a5.2\mwldeppc.exe Linker Warning:
#   FORCEACTIVE symbol '__sinit_\st_dxgarden_cpp' is either not a global 
#   symbol or doesn't exist.  Ignored.
### build\compilers\GC\3.0a5.2\mwldeppc.exe Linker Warning:
#   FORCEACTIVE symbol 'lbl_77_rodata_0' is either not a global symbol or 
#   doesn't exist.  Ignored.
### build\compilers\GC\3.0a5.2\mwldeppc.exe Linker Warning:
#   FORCEACTIVE symbol 'lbl_77_rodata_20' is either not a global symbol or 
#   doesn't exist.  Ignored.
### build\compilers\GC\3.0a5.2\mwldeppc.exe Linker Warning:
#   FORCEACTIVE symbol 'lbl_77_data_0' is either not a global symbol or 
#   doesn't exist.  Ignored.
### build\compilers\GC\3.0a5.2\mwldeppc.exe Linker Warning:
#   FORCEACTIVE symbol 'lbl_77_data_C' is either not a global symbol or 
#   doesn't exist.  Ignored.
### build\compilers\GC\3.0a5.2\mwldeppc.exe Linker Warning:
#   FORCEACTIVE symbol 'lbl_77_data_1C' is either not a global symbol or 
#   doesn't exist.  Ignored.
### build\compilers\GC\3.0a5.2\mwldeppc.exe Linker Warning:
#   FORCEACTIVE symbol 'lbl_77_data_28' is either not a global symbol or 
#   doesn't exist.  Ignored.
### build\compilers\GC\3.0a5.2\mwldeppc.exe Linker Warning:
#   FORCEACTIVE symbol 'lbl_77_data_38' is either not a global symbol or 
#   doesn't exist.  Ignored.
### build\compilers\GC\3.0a5.2\mwldeppc.exe Linker Warning:
#   FORCEACTIVE symbol 'lbl_77_data_40' is either not a global symbol or 
#   doesn't exist.  Ignored.
### build\compilers\GC\3.0a5.2\mwldeppc.exe Linker Warning:
#   FORCEACTIVE symbol 'lbl_77_data_50' is either not a global symbol or 
#   doesn't exist.  Ignored.
### build\compilers\GC\3.0a5.2\mwldeppc.exe Linker Warning:
#   FORCEACTIVE symbol 'lbl_77_data_60' is either not a global symbol or 
#   doesn't exist.  Ignored.
### build\compilers\GC\3.0a5.2\mwldeppc.exe Linker Warning:
#   FORCEACTIVE symbol 'lbl_77_data_B8' is either not a global symbol or 
#   doesn't exist.  Ignored.
### build\compilers\GC\3.0a5.2\mwldeppc.exe Linker Warning:
#   FORCEACTIVE symbol 'lbl_77_data_C8' is either not a global symbol or 
#   doesn't exist.  Ignored.
### build\compilers\GC\3.0a5.2\mwldeppc.exe Linker Warning:
#   FORCEACTIVE symbol 'lbl_77_data_3F8' is either not a global symbol or 
#   doesn't exist.  Ignored.
### build\compilers\GC\3.0a5.2\mwldeppc.exe Linker Warning:
#   FORCEACTIVE symbol 'lbl_77_data_404' is either not a global symbol or 
#   doesn't exist.  Ignored.
### build\compilers\GC\3.0a5.2\mwldeppc.exe Linker Warning:
#   FORCEACTIVE symbol 'lbl_77_data_430' is either not a global symbol or 
#   doesn't exist.  Ignored.
### build\compilers\GC\3.0a5.2\mwldeppc.exe Linker Warning:
#   FORCEACTIVE symbol 'lbl_77_data_438' is either not a global symbol or 
#   doesn't exist.  Ignored.
### build\compilers\GC\3.0a5.2\mwldeppc.exe Linker Warning:
#   FORCEACTIVE symbol 'lbl_77_data_460' is either not a global symbol or 
#   doesn't exist.  Ignored.
### build\compilers\GC\3.0a5.2\mwldeppc.exe Linker Warning:
#   FORCEACTIVE symbol 'lbl_77_data_470' is either not a global symbol or 
#   doesn't exist.  Ignored.
### build\compilers\GC\3.0a5.2\mwldeppc.exe Linker Warning:
#   FORCEACTIVE symbol 'lbl_77_data_490' is either not a global symbol or 
#   doesn't exist.  Ignored.
### build\compilers\GC\3.0a5.2\mwldeppc.exe Linker Warning:
#   FORCEACTIVE symbol 'lbl_77_data_498' is either not a global symbol or 
#   doesn't exist.  Ignored.
### build\compilers\GC\3.0a5.2\mwldeppc.exe Linker Warning:
#   FORCEACTIVE symbol 'lbl_77_data_4B0' is either not a global symbol or 
#   doesn't exist.  Ignored.
### build\compilers\GC\3.0a5.2\mwldeppc.exe Linker Warning:
#   FORCEACTIVE symbol 'lbl_77_data_4D8' is either not a global symbol or 
#   doesn't exist.  Ignored.
### build\compilers\GC\3.0a5.2\mwldeppc.exe Linker Warning:
#   FORCEACTIVE symbol 'lbl_77_data_4F8' is either not a global symbol or 
#   doesn't exist.  Ignored.
### build\compilers\GC\3.0a5.2\mwldeppc.exe Linker Warning:
#   FORCEACTIVE symbol 'lbl_77_data_510' is either not a global symbol or 
#   doesn't exist.  Ignored.
### build\compilers\GC\3.0a5.2\mwldeppc.exe Linker Warning:
#   FORCEACTIVE symbol 'lbl_77_bss_8' is either not a global symbol or doesn't 
#   exist.  Ignored.
[395/478] LINK build\RSBE01_01\st_dxyorster\st_dxyorster.plf
### build\compilers\GC\3.0a5.2\mwldeppc.exe Linker Warning:
#   FORCEACTIVE symbol '__sinit_\st_dxyorster_cpp' is either not a global 
#   symbol or doesn't exist.  Ignored.
### build\compilers\GC\3.0a5.2\mwldeppc.exe Linker Warning:
#   FORCEACTIVE symbol 'lbl_76_rodata_0' is either not a global symbol or 
#   doesn't exist.  Ignored.
### build\compilers\GC\3.0a5.2\mwldeppc.exe Linker Warning:
#   FORCEACTIVE symbol 'lbl_76_rodata_4' is either not a global symbol or 
#   doesn't exist.  Ignored.
### build\compilers\GC\3.0a5.2\mwldeppc.exe Linker Warning:
#   FORCEACTIVE symbol 'lbl_76_data_0' is either not a global symbol or 
#   doesn't exist.  Ignored.
### build\compilers\GC\3.0a5.2\mwldeppc.exe Linker Warning:
#   FORCEACTIVE symbol 'lbl_76_data_C' is either not a global symbol or 
#   doesn't exist.  Ignored.
### build\compilers\GC\3.0a5.2\mwldeppc.exe Linker Warning:
#   FORCEACTIVE symbol 'lbl_76_data_1C' is either not a global symbol or 
#   doesn't exist.  Ignored.
### build\compilers\GC\3.0a5.2\mwldeppc.exe Linker Warning:
#   FORCEACTIVE symbol 'lbl_76_data_2C' is either not a global symbol or 
#   doesn't exist.  Ignored.
### build\compilers\GC\3.0a5.2\mwldeppc.exe Linker Warning:
#   FORCEACTIVE symbol 'lbl_76_data_3C' is either not a global symbol or 
#   doesn't exist.  Ignored.
### build\compilers\GC\3.0a5.2\mwldeppc.exe Linker Warning:
#   FORCEACTIVE symbol 'lbl_76_data_7C' is either not a global symbol or 
#   doesn't exist.  Ignored.
### build\compilers\GC\3.0a5.2\mwldeppc.exe Linker Warning:
#   FORCEACTIVE symbol 'lbl_76_data_94' is either not a global symbol or 
#   doesn't exist.  Ignored.
### build\compilers\GC\3.0a5.2\mwldeppc.exe Linker Warning:
#   FORCEACTIVE symbol 'lbl_76_data_A8' is either not a global symbol or 
#   doesn't exist.  Ignored.
### build\compilers\GC\3.0a5.2\mwldeppc.exe Linker Warning:
#   FORCEACTIVE symbol 'lbl_76_data_C0' is either not a global symbol or 
#   doesn't exist.  Ignored.
### build\compilers\GC\3.0a5.2\mwldeppc.exe Linker Warning:
#   FORCEACTIVE symbol 'lbl_76_data_300' is either not a global symbol or 
#   doesn't exist.  Ignored.
### build\compilers\GC\3.0a5.2\mwldeppc.exe Linker Warning:
#   FORCEACTIVE symbol 'lbl_76_data_30C' is either not a global symbol or 
#   doesn't exist.  Ignored.
### build\compilers\GC\3.0a5.2\mwldeppc.exe Linker Warning:
#   FORCEACTIVE symbol 'lbl_76_data_338' is either not a global symbol or 
#   doesn't exist.  Ignored.
### build\compilers\GC\3.0a5.2\mwldeppc.exe Linker Warning:
#   FORCEACTIVE symbol 'lbl_76_data_340' is either not a global symbol or 
#   doesn't exist.  Ignored.
### build\compilers\GC\3.0a5.2\mwldeppc.exe Linker Warning:
#   FORCEACTIVE symbol 'lbl_76_data_368' is either not a global symbol or 
#   doesn't exist.  Ignored.
### build\compilers\GC\3.0a5.2\mwldeppc.exe Linker Warning:
#   FORCEACTIVE symbol 'lbl_76_data_378' is either not a global symbol or 
#   doesn't exist.  Ignored.
### build\compilers\GC\3.0a5.2\mwldeppc.exe Linker Warning:
#   FORCEACTIVE symbol 'lbl_76_data_398' is either not a global symbol or 
#   doesn't exist.  Ignored.
### build\compilers\GC\3.0a5.2\mwldeppc.exe Linker Warning:
#   FORCEACTIVE symbol 'lbl_76_data_3A0' is either not a global symbol or 
#   doesn't exist.  Ignored.
### build\compilers\GC\3.0a5.2\mwldeppc.exe Linker Warning:
#   FORCEACTIVE symbol 'lbl_76_data_3B8' is either not a global symbol or 
#   doesn't exist.  Ignored.
### build\compilers\GC\3.0a5.2\mwldeppc.exe Linker Warning:
#   FORCEACTIVE symbol 'lbl_76_data_3DC' is either not a global symbol or 
#   doesn't exist.  Ignored.
### build\compilers\GC\3.0a5.2\mwldeppc.exe Linker Warning:
#   FORCEACTIVE symbol 'lbl_76_data_400' is either not a global symbol or 
#   doesn't exist.  Ignored.
### build\compilers\GC\3.0a5.2\mwldeppc.exe Linker Warning:
#   FORCEACTIVE symbol 'lbl_76_data_418' is either not a global symbol or 
#   doesn't exist.  Ignored.
### build\compilers\GC\3.0a5.2\mwldeppc.exe Linker Warning:
#   FORCEACTIVE symbol 'lbl_76_bss_8' is either not a global symbol or doesn't 
#   exist.  Ignored.
[396/478] LINK build\RSBE01_01\sora_enemy\sora_enemy.plf
### build\compilers\GC\3.0a5.2\mwldeppc.exe Linker Warning:
#   FORCEACTIVE symbol 
#   'emResourceModuleImpl::DeleteExParam<emKuriboParam>(void)' is either not a 
#   global symbol or doesn't exist.  Ignored.
### build\compilers\GC\3.0a5.2\mwldeppc.exe Linker Warning:
#   FORCEACTIVE symbol 
#   'emResourceModuleImpl::DeleteExParam<emPopperamParam>(void)' is either not 
#   a global symbol or doesn't exist.  Ignored.
### build\compilers\GC\3.0a5.2\mwldeppc.exe Linker Warning:
#   FORCEACTIVE symbol 
#   'emResourceModuleImpl::DeleteExParam<emPacciParam>(void)' is either not a 
#   global symbol or doesn't exist.  Ignored.
### build\compilers\GC\3.0a5.2\mwldeppc.exe Linker Warning:
#   FORCEACTIVE symbol 
#   'emResourceModuleImpl::DeleteExParam<emJyakeelParam>(void)' is either not 
#   a global symbol or doesn't exist.  Ignored.
### build\compilers\GC\3.0a5.2\mwldeppc.exe Linker Warning:
#   FORCEACTIVE symbol 
#   'emResourceModuleImpl::DeleteExParam<emAroarosParam>(void)' is either not 
#   a global symbol or doesn't exist.  Ignored.
### build\compilers\GC\3.0a5.2\mwldeppc.exe Linker Warning:
#   FORCEACTIVE symbol 
#   'emResourceModuleImpl::DeleteExParam<emCymalParam>(void)' is either not a 
#   global symbol or doesn't exist.  Ignored.
### build\compilers\GC\3.0a5.2\mwldeppc.exe Linker Warning:
#   FORCEACTIVE symbol 
#   'emResourceModuleImpl::DeleteExParam<emDeathpodParam>(void)' is either not 
#   a global symbol or doesn't exist.  Ignored.
### build\compilers\GC\3.0a5.2\mwldeppc.exe Linker Warning:
#   FORCEACTIVE symbol 
#   'emResourceModuleImpl::DeleteExParam<emBoobasParam>(void)' is either not a 
#   global symbol or doesn't exist.  Ignored.
### build\compilers\GC\3.0a5.2\mwldeppc.exe Linker Warning:
#   FORCEACTIVE symbol 
#   'emResourceModuleImpl::DeleteExParam<emDekakuriboParam>(void)' is either 
#   not a global symbol or doesn't exist.  Ignored.
### build\compilers\GC\3.0a5.2\mwldeppc.exe Linker Warning:
#   FORCEACTIVE symbol 
#   'emResourceModuleImpl::DeleteExParam<emBotronParam>(void)' is either not a 
#   global symbol or doesn't exist.  Ignored.
### build\compilers\GC\3.0a5.2\mwldeppc.exe Linker Warning:
#   FORCEACTIVE symbol 
#   'emResourceModuleImpl::DeleteExParam<emBucyulusParam>(void)' is either not 
#   a global symbol or doesn't exist.  Ignored.
### build\compilers\GC\3.0a5.2\mwldeppc.exe Linker Warning:
#   FORCEACTIVE symbol 
#   'emResourceModuleImpl::DeleteExParam<emGyraanParam>(void)' is either not a 
#   global symbol or doesn't exist.  Ignored.
### build\compilers\GC\3.0a5.2\mwldeppc.exe Linker Warning:
#   FORCEACTIVE symbol 
#   'emResourceModuleImpl::DeleteExParam<emSiralamosParam>(void)' is either 
#   not a global symbol or doesn't exist.  Ignored.
### build\compilers\GC\3.0a5.2\mwldeppc.exe Linker Warning:
#   FORCEACTIVE symbol 
#   'emResourceModuleImpl::DeleteExParam<emKillerParam>(void)' is either not a 
#   global symbol or doesn't exist.  Ignored.
### build\compilers\GC\3.0a5.2\mwldeppc.exe Linker Warning:
#   FORCEACTIVE symbol 
#   'emResourceModuleImpl::DeleteExParam<emRoadaParam>(void)' is either not a 
#   global symbol or doesn't exist.  Ignored.
### build\compilers\GC\3.0a5.2\mwldeppc.exe Linker Warning:
#   FORCEACTIVE symbol 
#   'emResourceModuleImpl::DeleteExParam<emSparParam>(void)' is either not a 
#   global symbol or doesn't exist.  Ignored.
### build\compilers\GC\3.0a5.2\mwldeppc.exe Linker Warning:
#   FORCEACTIVE symbol 
#   'emResourceModuleImpl::DeleteExParam<emMiteParam>(void)' is either not a 
#   global symbol or doesn't exist.  Ignored.
### build\compilers\GC\3.0a5.2\mwldeppc.exe Linker Warning:
#   FORCEACTIVE symbol 
#   'emResourceModuleImpl::DeleteExParam<emTeckinParam>(void)' is either not a 
#   global symbol or doesn't exist.  Ignored.
### build\compilers\GC\3.0a5.2\mwldeppc.exe Linker Warning:
#   FORCEACTIVE symbol 
#   'emResourceModuleImpl::DeleteExParam<emTautauParam>(void)' is either not a 
#   global symbol or doesn't exist.  Ignored.
### build\compilers\GC\3.0a5.2\mwldeppc.exe Linker Warning:
#   FORCEACTIVE symbol 
#   'emResourceModuleImpl::DeleteExParam<emHammerbrosParam>(void)' is either 
#   not a global symbol or doesn't exist.  Ignored.
### build\compilers\GC\3.0a5.2\mwldeppc.exe Linker Warning:
#   FORCEACTIVE symbol 
#   'emResourceModuleImpl::DeleteExParam<emBitanParam>(void)' is either not a 
#   global symbol or doesn't exist.  Ignored.
### build\compilers\GC\3.0a5.2\mwldeppc.exe Linker Warning:
#   FORCEACTIVE symbol 
#   'emResourceModuleImpl::DeleteExParam<emFlowsParam>(void)' is either not a 
#   global symbol or doesn't exist.  Ignored.
### build\compilers\GC\3.0a5.2\mwldeppc.exe Linker Warning:
#   FORCEACTIVE symbol 
#   'emResourceModuleImpl::DeleteExParam<emKokkonParam>(void)' is either not a 
#   global symbol or doesn't exist.  Ignored.
### build\compilers\GC\3.0a5.2\mwldeppc.exe Linker Warning:
#   FORCEACTIVE symbol 
#   'emResourceModuleImpl::DeleteExParam<emPrimParam>(void)' is either not a 
#   global symbol or doesn't exist.  Ignored.
### build\compilers\GC\3.0a5.2\mwldeppc.exe Linker Warning:
#   FORCEACTIVE symbol 
#   'emResourceModuleImpl::DeleteExParam<emShellyParam>(void)' is either not a 
#   global symbol or doesn't exist.  Ignored.
### build\compilers\GC\3.0a5.2\mwldeppc.exe Linker Warning:
#   FORCEACTIVE symbol 
#   'emResourceModuleImpl::DeleteExParam<emPatapataParam>(void)' is either not 
#   a global symbol or doesn't exist.  Ignored.
### build\compilers\GC\3.0a5.2\mwldeppc.exe Linker Warning:
#   FORCEACTIVE symbol 
#   'emResourceModuleImpl::DeleteExParam<emJdusParam>(void)' is either not a 
#   global symbol or doesn't exist.  Ignored.
### build\compilers\GC\3.0a5.2\mwldeppc.exe Linker Warning:
#   FORCEACTIVE symbol 
#   'emResourceModuleImpl::DeleteExParam<emBombheadParam>(void)' is either not 
#   a global symbol or doesn't exist.  Ignored.
### build\compilers\GC\3.0a5.2\mwldeppc.exe Linker Warning:
#   FORCEACTIVE symbol 
#   'emResourceModuleImpl::DeleteExParam<emNgagogParam>(void)' is either not a 
#   global symbol or doesn't exist.  Ignored.
### build\compilers\GC\3.0a5.2\mwldeppc.exe Linker Warning:
#   FORCEACTIVE symbol 
#   'emResourceModuleImpl::DeleteExParam<emFaulongParam>(void)' is either not 
#   a global symbol or doesn't exist.  Ignored.
### build\compilers\GC\3.0a5.2\mwldeppc.exe Linker Warning:
#   FORCEACTIVE symbol 
#   'emResourceModuleImpl::DeleteExParam<emGhamghaParam>(void)' is either not 
#   a global symbol or doesn't exist.  Ignored.
### build\compilers\GC\3.0a5.2\mwldeppc.exe Linker Warning:
#   FORCEACTIVE symbol 
#   'emResourceModuleImpl::DeleteExParam<emRobobeamParam>(void)' is either not 
#   a global symbol or doesn't exist.  Ignored.
### build\compilers\GC\3.0a5.2\mwldeppc.exe Linker Warning:
#   FORCEACTIVE symbol 
#   'emResourceModuleImpl::DeleteExParam<emRobodistanceParam>(void)' is either 
#   not a global symbol or doesn't exist.  Ignored.
### build\compilers\GC\3.0a5.2\mwldeppc.exe Linker Warning:
#   FORCEACTIVE symbol 
#   'emResourceModuleImpl::DeleteExParam<emRobohomingParam>(void)' is either 
#   not a global symbol or doesn't exist.  Ignored.
### build\compilers\GC\3.0a5.2\mwldeppc.exe Linker Warning:
#   FORCEACTIVE symbol 
#   'emResourceModuleImpl::DeleteExParam<emRobopunchParam>(void)' is either 
#   not a global symbol or doesn't exist.  Ignored.
### build\compilers\GC\3.0a5.2\mwldeppc.exe Linker Warning:
#   FORCEACTIVE symbol 
#   'emResourceModuleImpl::DeleteExParam<emCataguardParam>(void)' is either 
#   not a global symbol or doesn't exist.  Ignored.
### build\compilers\GC\3.0a5.2\mwldeppc.exe Linker Warning:
#   FORCEACTIVE symbol 
#   'emResourceModuleImpl::DeleteExParam<emArmanParam>(void)' is either not a 
#   global symbol or doesn't exist.  Ignored.
### build\compilers\GC\3.0a5.2\mwldeppc.exe Linker Warning:
#   FORCEACTIVE symbol 
#   'emResourceModuleImpl::DeleteExParam<emGalfireParam>(void)' is either not 
#   a global symbol or doesn't exist.  Ignored.
### build\compilers\GC\3.0a5.2\mwldeppc.exe Linker Warning:
#   FORCEACTIVE symbol 
#   'emResourceModuleImpl::DeleteExParam<emBosspackunParam>(void)' is either 
#   not a global symbol or doesn't exist.  Ignored.
### build\compilers\GC\3.0a5.2\mwldeppc.exe Linker Warning:
#   FORCEACTIVE symbol 
#   'emResourceModuleImpl::DeleteExParam<emGhamghabaseParam>(void)' is either 
#   not a global symbol or doesn't exist.  Ignored.
### build\compilers\GC\3.0a5.2\mwldeppc.exe Linker Warning:
#   FORCEACTIVE symbol 
#   'emResourceModuleImpl::DeleteExParam<emGalleomParam>(void)' is either not 
#   a global symbol or doesn't exist.  Ignored.
### build\compilers\GC\3.0a5.2\mwldeppc.exe Linker Warning:
#   FORCEACTIVE symbol 
#   'emResourceModuleImpl::DeleteExParam<emRidleyParam>(void)' is either not a 
#   global symbol or doesn't exist.  Ignored.
### build\compilers\GC\3.0a5.2\mwldeppc.exe Linker Warning:
#   FORCEACTIVE symbol 
#   'emResourceModuleImpl::DeleteExParam<emRayquazaParam>(void)' is either not 
#   a global symbol or doesn't exist.  Ignored.
### build\compilers\GC\3.0a5.2\mwldeppc.exe Linker Warning:
#   FORCEACTIVE symbol 
#   'emResourceModuleImpl::DeleteExParam<emDuonParam>(void)' is either not a 
#   global symbol or doesn't exist.  Ignored.
### build\compilers\GC\3.0a5.2\mwldeppc.exe Linker Warning:
#   FORCEACTIVE symbol 
#   'emResourceModuleImpl::DeleteExParam<emPorkyParam>(void)' is either not a 
#   global symbol or doesn't exist.  Ignored.
### build\compilers\GC\3.0a5.2\mwldeppc.exe Linker Warning:
#   FORCEACTIVE symbol 
#   'emResourceModuleImpl::DeleteExParam<emMetaridleyParam>(void)' is either 
#   not a global symbol or doesn't exist.  Ignored.
### build\compilers\GC\3.0a5.2\mwldeppc.exe Linker Warning:
#   FORCEACTIVE symbol 
#   'emResourceModuleImpl::DeleteExParam<emFalconflyerParam>(void)' is either 
#   not a global symbol or doesn't exist.  Ignored.
### build\compilers\GC\3.0a5.2\mwldeppc.exe Linker Warning:
#   FORCEACTIVE symbol 
#   'emResourceModuleImpl::DeleteExParam<emTabooParam>(void)' is either not a 
#   global symbol or doesn't exist.  Ignored.
### build\compilers\GC\3.0a5.2\mwldeppc.exe Linker Warning:
#   FORCEACTIVE symbol 
#   'emResourceModuleImpl::DeleteExParam<emMasterhandParam>(void)' is either 
#   not a global symbol or doesn't exist.  Ignored.
### build\compilers\GC\3.0a5.2\mwldeppc.exe Linker Warning:
#   FORCEACTIVE symbol 
#   'emResourceModuleImpl::DeleteExParam<emCrazyhandParam>(void)' is either 
#   not a global symbol or doesn't exist.  Ignored.
### build\compilers\GC\3.0a5.2\mwldeppc.exe Linker Warning:
#   FORCEACTIVE symbol 'emInfo::isInvalidKind(emKind)' is either not a global 
#   symbol or doesn't exist.  Ignored.
### build\compilers\GC\3.0a5.2\mwldeppc.exe Linker Warning:
#   FORCEACTIVE symbol 'emInfo::getMotionNum(emKind)' is either not a global 
#   symbol or doesn't exist.  Ignored.
### build\compilers\GC\3.0a5.2\mwldeppc.exe Linker Warning:
#   FORCEACTIVE symbol 'emInfo::getStatusNum(emKind)' is either not a global 
#   symbol or doesn't exist.  Ignored.
### build\compilers\GC\3.0a5.2\mwldeppc.exe Linker Warning:
#   FORCEACTIVE symbol 'emInfo::getNamePtr()' is either not a global symbol or 
#   doesn't exist.  Ignored.
### build\compilers\GC\3.0a5.2\mwldeppc.exe Linker Warning:
#   FORCEACTIVE symbol '__sinit_\em_info_cpp' is either not a global symbol or 
#   doesn't exist.  Ignored.
### build\compilers\GC\3.0a5.2\mwldeppc.exe Linker Warning:
#   FORCEACTIVE symbol '__sinit_\em_robopunch_param_accesser_cpp' is either 
#   not a global symbol or doesn't exist.  Ignored.
### build\compilers\GC\3.0a5.2\mwldeppc.exe Linker Warning:
#   FORCEACTIVE symbol 'lbl_41_rodata_BD8' is either not a global symbol or 
#   doesn't exist.  Ignored.
### build\compilers\GC\3.0a5.2\mwldeppc.exe Linker Warning:
#   FORCEACTIVE symbol 'lbl_41_rodata_D88' is either not a global symbol or 
#   doesn't exist.  Ignored.
### build\compilers\GC\3.0a5.2\mwldeppc.exe Linker Warning:
#   FORCEACTIVE symbol 'lbl_41_rodata_D90' is either not a global symbol or 
#   doesn't exist.  Ignored.
### build\compilers\GC\3.0a5.2\mwldeppc.exe Linker Warning:
#   FORCEACTIVE symbol 'lbl_41_rodata_E88' is either not a global symbol or 
#   doesn't exist.  Ignored.
### build\compilers\GC\3.0a5.2\mwldeppc.exe Linker Warning:
#   FORCEACTIVE symbol 'lbl_41_rodata_E90' is either not a global symbol or 
#   doesn't exist.  Ignored.
### build\compilers\GC\3.0a5.2\mwldeppc.exe Linker Warning:
#   FORCEACTIVE symbol 'lbl_41_rodata_E98' is either not a global symbol or 
#   doesn't exist.  Ignored.
### build\compilers\GC\3.0a5.2\mwldeppc.exe Linker Warning:
#   FORCEACTIVE symbol 'lbl_41_rodata_EA0' is either not a global symbol or 
#   doesn't exist.  Ignored.
### build\compilers\GC\3.0a5.2\mwldeppc.exe Linker Warning:
#   FORCEACTIVE symbol 'lbl_41_rodata_EB0' is either not a global symbol or 
#   doesn't exist.  Ignored.
### build\compilers\GC\3.0a5.2\mwldeppc.exe Linker Warning:
#   FORCEACTIVE symbol 'lbl_41_rodata_EB8' is either not a global symbol or 
#   doesn't exist.  Ignored.
### build\compilers\GC\3.0a5.2\mwldeppc.exe Linker Warning:
#   FORCEACTIVE symbol 'lbl_41_rodata_EC0' is either not a global symbol or 
#   doesn't exist.  Ignored.
### build\compilers\GC\3.0a5.2\mwldeppc.exe Linker Warning:
#   FORCEACTIVE symbol 'lbl_41_rodata_ED0' is either not a global symbol or 
#   doesn't exist.  Ignored.
### build\compilers\GC\3.0a5.2\mwldeppc.exe Linker Warning:
#   FORCEACTIVE symbol 'lbl_41_rodata_ED8' is either not a global symbol or 
#   doesn't exist.  Ignored.
### build\compilers\GC\3.0a5.2\mwldeppc.exe Linker Warning:
#   FORCEACTIVE symbol 'lbl_41_rodata_EE0' is either not a global symbol or 
#   doesn't exist.  Ignored.
### build\compilers\GC\3.0a5.2\mwldeppc.exe Linker Warning:
#   FORCEACTIVE symbol 'lbl_41_rodata_EE8' is either not a global symbol or 
#   doesn't exist.  Ignored.
### build\compilers\GC\3.0a5.2\mwldeppc.exe Linker Warning:
#   FORCEACTIVE symbol 'lbl_41_rodata_EF8' is either not a global symbol or 
#   doesn't exist.  Ignored.
### build\compilers\GC\3.0a5.2\mwldeppc.exe Linker Warning:
#   FORCEACTIVE symbol 'lbl_41_rodata_F08' is either not a global symbol or 
#   doesn't exist.  Ignored.
### build\compilers\GC\3.0a5.2\mwldeppc.exe Linker Warning:
#   FORCEACTIVE symbol 'lbl_41_rodata_F20' is either not a global symbol or 
#   doesn't exist.  Ignored.
### build\compilers\GC\3.0a5.2\mwldeppc.exe Linker Warning:
#   FORCEACTIVE symbol 'lbl_41_rodata_F28' is either not a global symbol or 
#   doesn't exist.  Ignored.
### build\compilers\GC\3.0a5.2\mwldeppc.exe Linker Warning:
#   FORCEACTIVE symbol 'lbl_41_rodata_F30' is either not a global symbol or 
#   doesn't exist.  Ignored.
### build\compilers\GC\3.0a5.2\mwldeppc.exe Linker Warning:
#   FORCEACTIVE symbol 'lbl_41_rodata_F70' is either not a global symbol or 
#   doesn't exist.  Ignored.
### build\compilers\GC\3.0a5.2\mwldeppc.exe Linker Warning:
#   FORCEACTIVE symbol 'lbl_41_rodata_1038' is either not a global symbol or 
#   doesn't exist.  Ignored.
### build\compilers\GC\3.0a5.2\mwldeppc.exe Linker Warning:
#   FORCEACTIVE symbol 'lbl_41_rodata_1040' is either not a global symbol or 
#   doesn't exist.  Ignored.
### build\compilers\GC\3.0a5.2\mwldeppc.exe Linker Warning:
#   FORCEACTIVE symbol 'lbl_41_rodata_1048' is either not a global symbol or 
#   doesn't exist.  Ignored.
### build\compilers\GC\3.0a5.2\mwldeppc.exe Linker Warning:
#   FORCEACTIVE symbol 'lbl_41_rodata_1050' is either not a global symbol or 
#   doesn't exist.  Ignored.
### build\compilers\GC\3.0a5.2\mwldeppc.exe Linker Warning:
#   FORCEACTIVE symbol 'lbl_41_rodata_1058' is either not a global symbol or 
#   doesn't exist.  Ignored.
### build\compilers\GC\3.0a5.2\mwldeppc.exe Linker Warning:
#   FORCEACTIVE symbol 'lbl_41_rodata_1060' is either not a global symbol or 
#   doesn't exist.  Ignored.
### build\compilers\GC\3.0a5.2\mwldeppc.exe Linker Warning:
#   FORCEACTIVE symbol 'lbl_41_rodata_1070' is either not a global symbol or 
#   doesn't exist.  Ignored.
### build\compilers\GC\3.0a5.2\mwldeppc.exe Linker Warning:
#   FORCEACTIVE symbol 'lbl_41_rodata_1078' is either not a global symbol or 
#   doesn't exist.  Ignored.
### build\compilers\GC\3.0a5.2\mwldeppc.exe Linker Warning:
#   FORCEACTIVE symbol 'lbl_41_rodata_1090' is either not a global symbol or 
#   doesn't exist.  Ignored.
### build\compilers\GC\3.0a5.2\mwldeppc.exe Linker Warning:
#   FORCEACTIVE symbol 'lbl_41_rodata_1098' is either not a global symbol or 
#   doesn't exist.  Ignored.
### build\compilers\GC\3.0a5.2\mwldeppc.exe Linker Warning:
#   FORCEACTIVE symbol 'lbl_41_rodata_10A0' is either not a global symbol or 
#   doesn't exist.  Ignored.
### build\compilers\GC\3.0a5.2\mwldeppc.exe Linker Warning:
#   FORCEACTIVE symbol 'lbl_41_rodata_10A8' is either not a global symbol or 
#   doesn't exist.  Ignored.
### build\compilers\GC\3.0a5.2\mwldeppc.exe Linker Warning:
#   FORCEACTIVE symbol 'lbl_41_rodata_10B0' is either not a global symbol or 
#   doesn't exist.  Ignored.
### build\compilers\GC\3.0a5.2\mwldeppc.exe Linker Warning:
#   FORCEACTIVE symbol 'lbl_41_rodata_10C0' is either not a global symbol or 
#   doesn't exist.  Ignored.
### build\compilers\GC\3.0a5.2\mwldeppc.exe Linker Warning:
#   FORCEACTIVE symbol 'lbl_41_rodata_10C8' is either not a global symbol or 
#   doesn't exist.  Ignored.
### build\compilers\GC\3.0a5.2\mwldeppc.exe Linker Warning:
#   FORCEACTIVE symbol 'lbl_41_rodata_10D8' is either not a global symbol or 
#   doesn't exist.  Ignored.
### build\compilers\GC\3.0a5.2\mwldeppc.exe Linker Warning:
#   FORCEACTIVE symbol 'lbl_41_rodata_10E0' is either not a global symbol or 
#   doesn't exist.  Ignored.
### build\compilers\GC\3.0a5.2\mwldeppc.exe Linker Warning:
#   FORCEACTIVE symbol 'lbl_41_rodata_10E8' is either not a global symbol or 
#   doesn't exist.  Ignored.
### build\compilers\GC\3.0a5.2\mwldeppc.exe Linker Warning:
#   FORCEACTIVE symbol 'lbl_41_rodata_10F0' is either not a global symbol or 
#   doesn't exist.  Ignored.
### build\compilers\GC\3.0a5.2\mwldeppc.exe Linker Warning:
#   FORCEACTIVE symbol 'lbl_41_rodata_10F8' is either not a global symbol or 
#   doesn't exist.  Ignored.
### build\compilers\GC\3.0a5.2\mwldeppc.exe Linker Warning:
#   FORCEACTIVE symbol 'lbl_41_rodata_1108' is either not a global symbol or 
#   doesn't exist.  Ignored.
### build\compilers\GC\3.0a5.2\mwldeppc.exe Linker Warning:
#   FORCEACTIVE symbol 'lbl_41_rodata_1110' is either not a global symbol or 
#   doesn't exist.  Ignored.
### build\compilers\GC\3.0a5.2\mwldeppc.exe Linker Warning:
#   FORCEACTIVE symbol 'lbl_41_rodata_1118' is either not a global symbol or 
#   doesn't exist.  Ignored.
### build\compilers\GC\3.0a5.2\mwldeppc.exe Linker Warning:
#   FORCEACTIVE symbol 'lbl_41_rodata_1128' is either not a global symbol or 
#   doesn't exist.  Ignored.
### build\compilers\GC\3.0a5.2\mwldeppc.exe Linker Warning:
#   FORCEACTIVE symbol 'lbl_41_rodata_1130' is either not a global symbol or 
#   doesn't exist.  Ignored.
### build\compilers\GC\3.0a5.2\mwldeppc.exe Linker Warning:
#   FORCEACTIVE symbol 'lbl_41_rodata_1140' is either not a global symbol or 
#   doesn't exist.  Ignored.
### build\compilers\GC\3.0a5.2\mwldeppc.exe Linker Warning:
#   FORCEACTIVE symbol 'lbl_41_rodata_1148' is either not a global symbol or 
#   doesn't exist.  Ignored.
### build\compilers\GC\3.0a5.2\mwldeppc.exe Linker Warning:
#   FORCEACTIVE symbol 'lbl_41_rodata_1150' is either not a global symbol or 
#   doesn't exist.  Ignored.
### build\compilers\GC\3.0a5.2\mwldeppc.exe Linker Warning:
#   FORCEACTIVE symbol 'lbl_41_rodata_1160' is either not a global symbol or 
#   doesn't exist.  Ignored.
### build\compilers\GC\3.0a5.2\mwldeppc.exe Linker Warning:
#   FORCEACTIVE symbol 'lbl_41_rodata_1178' is either not a global symbol or 
#   doesn't exist.  Ignored.
### build\compilers\GC\3.0a5.2\mwldeppc.exe Linker Warning:
#   FORCEACTIVE symbol 'lbl_41_rodata_1180' is either not a global symbol or 
#   doesn't exist.  Ignored.
### build\compilers\GC\3.0a5.2\mwldeppc.exe Linker Warning:
#   FORCEACTIVE symbol 'lbl_41_rodata_1190' is either not a global symbol or 
#   doesn't exist.  Ignored.
### build\compilers\GC\3.0a5.2\mwldeppc.exe Linker Warning:
#   FORCEACTIVE symbol 'lbl_41_rodata_11A0' is either not a global symbol or 
#   doesn't exist.  Ignored.
### build\compilers\GC\3.0a5.2\mwldeppc.exe Linker Warning:
#   FORCEACTIVE symbol 'lbl_41_rodata_11A8' is either not a global symbol or 
#   doesn't exist.  Ignored.
### build\compilers\GC\3.0a5.2\mwldeppc.exe Linker Warning:
#   FORCEACTIVE symbol 'lbl_41_rodata_11B8' is either not a global symbol or 
#   doesn't exist.  Ignored.
### build\compilers\GC\3.0a5.2\mwldeppc.exe Linker Warning:
#   FORCEACTIVE symbol 'lbl_41_rodata_11C8' is either not a global symbol or 
#   doesn't exist.  Ignored.
### build\compilers\GC\3.0a5.2\mwldeppc.exe Linker Warning:
#   FORCEACTIVE symbol 'lbl_41_data_1954' is either not a global symbol or 
#   doesn't exist.  Ignored.
### build\compilers\GC\3.0a5.2\mwldeppc.exe Linker Warning:
#   FORCEACTIVE symbol 'lbl_41_data_195C' is either not a global symbol or 
#   doesn't exist.  Ignored.
### build\compilers\GC\3.0a5.2\mwldeppc.exe Linker Warning:
#   FORCEACTIVE symbol 'lbl_41_data_1970' is either not a global symbol or 
#   doesn't exist.  Ignored.
### build\compilers\GC\3.0a5.2\mwldeppc.exe Linker Warning:
#   FORCEACTIVE symbol 'lbl_41_data_198C' is either not a global symbol or 
#   doesn't exist.  Ignored.
### build\compilers\GC\3.0a5.2\mwldeppc.exe Linker Warning:
#   FORCEACTIVE symbol 'lbl_41_data_2C18' is either not a global symbol or 
#   doesn't exist.  Ignored.
### build\compilers\GC\3.0a5.2\mwldeppc.exe Linker Warning:
#   FORCEACTIVE symbol 'lbl_41_data_2C23' is either not a global symbol or 
#   doesn't exist.  Ignored.
### build\compilers\GC\3.0a5.2\mwldeppc.exe Linker Warning:
#   FORCEACTIVE symbol 'lbl_41_data_2C60' is either not a global symbol or 
#   doesn't exist.  Ignored.
### build\compilers\GC\3.0a5.2\mwldeppc.exe Linker Warning:
#   FORCEACTIVE symbol 'lbl_41_data_2C78' is either not a global symbol or 
#   doesn't exist.  Ignored.
### build\compilers\GC\3.0a5.2\mwldeppc.exe Linker Warning:
#   FORCEACTIVE symbol 'lbl_41_data_2C9C' is either not a global symbol or 
#   doesn't exist.  Ignored.
### build\compilers\GC\3.0a5.2\mwldeppc.exe Linker Warning:
#   FORCEACTIVE symbol 'lbl_41_data_2CB4' is either not a global symbol or 
#   doesn't exist.  Ignored.
### build\compilers\GC\3.0a5.2\mwldeppc.exe Linker Warning:
#   FORCEACTIVE symbol 'lbl_41_data_2CD0' is either not a global symbol or 
#   doesn't exist.  Ignored.
### build\compilers\GC\3.0a5.2\mwldeppc.exe Linker Warning:
#   FORCEACTIVE symbol 'lbl_41_data_2CE4' is either not a global symbol or 
#   doesn't exist.  Ignored.
### build\compilers\GC\3.0a5.2\mwldeppc.exe Linker Warning:
#   FORCEACTIVE symbol 'lbl_41_data_3224' is either not a global symbol or 
#   doesn't exist.  Ignored.
### build\compilers\GC\3.0a5.2\mwldeppc.exe Linker Warning:
#   FORCEACTIVE symbol 'lbl_41_data_323C' is either not a global symbol or 
#   doesn't exist.  Ignored.
### build\compilers\GC\3.0a5.2\mwldeppc.exe Linker Warning:
#   FORCEACTIVE symbol 'lbl_41_data_3258' is either not a global symbol or 
#   doesn't exist.  Ignored.
### build\compilers\GC\3.0a5.2\mwldeppc.exe Linker Warning:
#   FORCEACTIVE symbol 'lbl_41_data_3268' is either not a global symbol or 
#   doesn't exist.  Ignored.
### build\compilers\GC\3.0a5.2\mwldeppc.exe Linker Warning:
#   FORCEACTIVE symbol 'lbl_41_data_36CC' is either not a global symbol or 
#   doesn't exist.  Ignored.
### build\compilers\GC\3.0a5.2\mwldeppc.exe Linker Warning:
#   FORCEACTIVE symbol 'lbl_41_data_36E0' is either not a global symbol or 
#   doesn't exist.  Ignored.
### build\compilers\GC\3.0a5.2\mwldeppc.exe Linker Warning:
#   FORCEACTIVE symbol 'lbl_41_data_36F4' is either not a global symbol or 
#   doesn't exist.  Ignored.
### build\compilers\GC\3.0a5.2\mwldeppc.exe Linker Warning:
#   FORCEACTIVE symbol 'lbl_41_data_3EE0' is either not a global symbol or 
#   doesn't exist.  Ignored.
### build\compilers\GC\3.0a5.2\mwldeppc.exe Linker Warning:
#   FORCEACTIVE symbol 'lbl_41_data_3EF8' is either not a global symbol or 
#   doesn't exist.  Ignored.
### build\compilers\GC\3.0a5.2\mwldeppc.exe Linker Warning:
#   FORCEACTIVE symbol 'lbl_41_data_6CFC' is either not a global symbol or 
#   doesn't exist.  Ignored.
### build\compilers\GC\3.0a5.2\mwldeppc.exe Linker Warning:
#   FORCEACTIVE symbol 'lbl_41_data_6D10' is either not a global symbol or 
#   doesn't exist.  Ignored.
### build\compilers\GC\3.0a5.2\mwldeppc.exe Linker Warning:
#   FORCEACTIVE symbol 'lbl_41_data_6D2C' is either not a global symbol or 
#   doesn't exist.  Ignored.
### build\compilers\GC\3.0a5.2\mwldeppc.exe Linker Warning:
#   FORCEACTIVE symbol 'lbl_41_data_6D3C' is either not a global symbol or 
#   doesn't exist.  Ignored.
### build\compilers\GC\3.0a5.2\mwldeppc.exe Linker Warning:
#   FORCEACTIVE symbol 'lbl_41_data_7194' is either not a global symbol or 
#   doesn't exist.  Ignored.
### build\compilers\GC\3.0a5.2\mwldeppc.exe Linker Warning:
#   FORCEACTIVE symbol 'lbl_41_data_71AC' is either not a global symbol or 
#   doesn't exist.  Ignored.
### build\compilers\GC\3.0a5.2\mwldeppc.exe Linker Warning:
#   FORCEACTIVE symbol 'lbl_41_data_7F54' is either not a global symbol or 
#   doesn't exist.  Ignored.
### build\compilers\GC\3.0a5.2\mwldeppc.exe Linker Warning:
#   FORCEACTIVE symbol 'lbl_41_data_7F70' is either not a global symbol or 
#   doesn't exist.  Ignored.
### build\compilers\GC\3.0a5.2\mwldeppc.exe Linker Warning:
#   FORCEACTIVE symbol 'lbl_41_data_8228' is either not a global symbol or 
#   doesn't exist.  Ignored.
### build\compilers\GC\3.0a5.2\mwldeppc.exe Linker Warning:
#   FORCEACTIVE symbol 'lbl_41_data_8240' is either not a global symbol or 
#   doesn't exist.  Ignored.
### build\compilers\GC\3.0a5.2\mwldeppc.exe Linker Warning:
#   FORCEACTIVE symbol 'lbl_41_data_84DC' is either not a global symbol or 
#   doesn't exist.  Ignored.
### build\compilers\GC\3.0a5.2\mwldeppc.exe Linker Warning:
#   FORCEACTIVE symbol 'lbl_41_data_84F4' is either not a global symbol or 
#   doesn't exist.  Ignored.
### build\compilers\GC\3.0a5.2\mwldeppc.exe Linker Warning:
#   FORCEACTIVE symbol 'lbl_41_data_8F7C' is either not a global symbol or 
#   doesn't exist.  Ignored.
### build\compilers\GC\3.0a5.2\mwldeppc.exe Linker Warning:
#   FORCEACTIVE symbol 'lbl_41_data_8F94' is either not a global symbol or 
#   doesn't exist.  Ignored.
### build\compilers\GC\3.0a5.2\mwldeppc.exe Linker Warning:
#   FORCEACTIVE symbol 'lbl_41_data_922C' is either not a global symbol or 
#   doesn't exist.  Ignored.
### build\compilers\GC\3.0a5.2\mwldeppc.exe Linker Warning:
#   FORCEACTIVE symbol 'lbl_41_data_9244' is either not a global symbol or 
#   doesn't exist.  Ignored.
### build\compilers\GC\3.0a5.2\mwldeppc.exe Linker Warning:
#   FORCEACTIVE symbol 'lbl_41_data_94DC' is either not a global symbol or 
#   doesn't exist.  Ignored.
### build\compilers\GC\3.0a5.2\mwldeppc.exe Linker Warning:
#   FORCEACTIVE symbol 'lbl_41_data_94F4' is either not a global symbol or 
#   doesn't exist.  Ignored.
### build\compilers\GC\3.0a5.2\mwldeppc.exe Linker Warning:
#   FORCEACTIVE symbol 'lbl_41_data_978C' is either not a global symbol or 
#   doesn't exist.  Ignored.
### build\compilers\GC\3.0a5.2\mwldeppc.exe Linker Warning:
#   FORCEACTIVE symbol 'lbl_41_data_97A4' is either not a global symbol or 
#   doesn't exist.  Ignored.
### build\compilers\GC\3.0a5.2\mwldeppc.exe Linker Warning:
#   FORCEACTIVE symbol 'lbl_41_data_9A3C' is either not a global symbol or 
#   doesn't exist.  Ignored.
### build\compilers\GC\3.0a5.2\mwldeppc.exe Linker Warning:
#   FORCEACTIVE symbol 'lbl_41_data_9A54' is either not a global symbol or 
#   doesn't exist.  Ignored.
### build\compilers\GC\3.0a5.2\mwldeppc.exe Linker Warning:
#   FORCEACTIVE symbol 'lbl_41_data_A53C' is either not a global symbol or 
#   doesn't exist.  Ignored.
### build\compilers\GC\3.0a5.2\mwldeppc.exe Linker Warning:
#   FORCEACTIVE symbol 'lbl_41_data_A554' is either not a global symbol or 
#   doesn't exist.  Ignored.
### build\compilers\GC\3.0a5.2\mwldeppc.exe Linker Warning:
#   FORCEACTIVE symbol 'lbl_41_data_A7F4' is either not a global symbol or 
#   doesn't exist.  Ignored.
### build\compilers\GC\3.0a5.2\mwldeppc.exe Linker Warning:
#   FORCEACTIVE symbol 'lbl_41_data_A810' is either not a global symbol or 
#   doesn't exist.  Ignored.
### build\compilers\GC\3.0a5.2\mwldeppc.exe Linker Warning:
#   FORCEACTIVE symbol 'lbl_41_data_AACC' is either not a global symbol or 
#   doesn't exist.  Ignored.
### build\compilers\GC\3.0a5.2\mwldeppc.exe Linker Warning:
#   FORCEACTIVE symbol 'lbl_41_data_AAE4' is either not a global symbol or 
#   doesn't exist.  Ignored.
### build\compilers\GC\3.0a5.2\mwldeppc.exe Linker Warning:
#   FORCEACTIVE symbol 'lbl_41_data_B424' is either not a global symbol or 
#   doesn't exist.  Ignored.
### build\compilers\GC\3.0a5.2\mwldeppc.exe Linker Warning:
#   FORCEACTIVE symbol 'lbl_41_data_B43C' is either not a global symbol or 
#   doesn't exist.  Ignored.
### build\compilers\GC\3.0a5.2\mwldeppc.exe Linker Warning:
#   FORCEACTIVE symbol 'lbl_41_data_BD60' is either not a global symbol or 
#   doesn't exist.  Ignored.
### build\compilers\GC\3.0a5.2\mwldeppc.exe Linker Warning:
#   FORCEACTIVE symbol 'lbl_41_data_BD78' is either not a global symbol or 
#   doesn't exist.  Ignored.
### build\compilers\GC\3.0a5.2\mwldeppc.exe Linker Warning:
#   FORCEACTIVE symbol 'lbl_41_data_C050' is either not a global symbol or 
#   doesn't exist.  Ignored.
### build\compilers\GC\3.0a5.2\mwldeppc.exe Linker Warning:
#   FORCEACTIVE symbol 'lbl_41_data_C064' is either not a global symbol or 
#   doesn't exist.  Ignored.
### build\compilers\GC\3.0a5.2\mwldeppc.exe Linker Warning:
#   FORCEACTIVE symbol 'lbl_41_data_D0A8' is either not a global symbol or 
#   doesn't exist.  Ignored.
### build\compilers\GC\3.0a5.2\mwldeppc.exe Linker Warning:
#   FORCEACTIVE symbol 'lbl_41_data_D0BC' is either not a global symbol or 
#   doesn't exist.  Ignored.
### build\compilers\GC\3.0a5.2\mwldeppc.exe Linker Warning:
#   FORCEACTIVE symbol 'lbl_41_data_E498' is either not a global symbol or 
#   doesn't exist.  Ignored.
### build\compilers\GC\3.0a5.2\mwldeppc.exe Linker Warning:
#   FORCEACTIVE symbol 'lbl_41_data_E4B4' is either not a global symbol or 
#   doesn't exist.  Ignored.
### build\compilers\GC\3.0a5.2\mwldeppc.exe Linker Warning:
#   FORCEACTIVE symbol 'lbl_41_data_EFAC' is either not a global symbol or 
#   doesn't exist.  Ignored.
### build\compilers\GC\3.0a5.2\mwldeppc.exe Linker Warning:
#   FORCEACTIVE symbol 'lbl_41_data_EFC4' is either not a global symbol or 
#   doesn't exist.  Ignored.
### build\compilers\GC\3.0a5.2\mwldeppc.exe Linker Warning:
#   FORCEACTIVE symbol 'lbl_41_data_F278' is either not a global symbol or 
#   doesn't exist.  Ignored.
### build\compilers\GC\3.0a5.2\mwldeppc.exe Linker Warning:
#   FORCEACTIVE symbol 'lbl_41_data_F290' is either not a global symbol or 
#   doesn't exist.  Ignored.
### build\compilers\GC\3.0a5.2\mwldeppc.exe Linker Warning:
#   FORCEACTIVE symbol 'lbl_41_data_F54C' is either not a global symbol or 
#   doesn't exist.  Ignored.
### build\compilers\GC\3.0a5.2\mwldeppc.exe Linker Warning:
#   FORCEACTIVE symbol 'lbl_41_data_F564' is either not a global symbol or 
#   doesn't exist.  Ignored.
### build\compilers\GC\3.0a5.2\mwldeppc.exe Linker Warning:
#   FORCEACTIVE symbol 'lbl_41_data_F7FC' is either not a global symbol or 
#   doesn't exist.  Ignored.
### build\compilers\GC\3.0a5.2\mwldeppc.exe Linker Warning:
#   FORCEACTIVE symbol 'lbl_41_data_F814' is either not a global symbol or 
#   doesn't exist.  Ignored.
### build\compilers\GC\3.0a5.2\mwldeppc.exe Linker Warning:
#   FORCEACTIVE symbol 'lbl_41_data_FAAC' is either not a global symbol or 
#   doesn't exist.  Ignored.
### build\compilers\GC\3.0a5.2\mwldeppc.exe Linker Warning:
#   FORCEACTIVE symbol 'lbl_41_data_FAC4' is either not a global symbol or 
#   doesn't exist.  Ignored.
### build\compilers\GC\3.0a5.2\mwldeppc.exe Linker Warning:
#   FORCEACTIVE symbol 'lbl_41_data_10400' is either not a global symbol or 
#   doesn't exist.  Ignored.
### build\compilers\GC\3.0a5.2\mwldeppc.exe Linker Warning:
#   FORCEACTIVE symbol 'lbl_41_data_10414' is either not a global symbol or 
#   doesn't exist.  Ignored.
### build\compilers\GC\3.0a5.2\mwldeppc.exe Linker Warning:
#   FORCEACTIVE symbol 'lbl_41_data_11140' is either not a global symbol or 
#   doesn't exist.  Ignored.
### build\compilers\GC\3.0a5.2\mwldeppc.exe Linker Warning:
#   FORCEACTIVE symbol 'lbl_41_data_1115C' is either not a global symbol or 
#   doesn't exist.  Ignored.
### build\compilers\GC\3.0a5.2\mwldeppc.exe Linker Warning:
#   FORCEACTIVE symbol 'lbl_41_data_11BBC' is either not a global symbol or 
#   doesn't exist.  Ignored.
### build\compilers\GC\3.0a5.2\mwldeppc.exe Linker Warning:
#   FORCEACTIVE symbol 'lbl_41_data_11BD4' is either not a global symbol or 
#   doesn't exist.  Ignored.
### build\compilers\GC\3.0a5.2\mwldeppc.exe Linker Warning:
#   FORCEACTIVE symbol 'lbl_41_data_12838' is either not a global symbol or 
#   doesn't exist.  Ignored.
### build\compilers\GC\3.0a5.2\mwldeppc.exe Linker Warning:
#   FORCEACTIVE symbol 'lbl_41_data_12850' is either not a global symbol or 
#   doesn't exist.  Ignored.
### build\compilers\GC\3.0a5.2\mwldeppc.exe Linker Warning:
#   FORCEACTIVE symbol 'lbl_41_data_12B30' is either not a global symbol or 
#   doesn't exist.  Ignored.
### build\compilers\GC\3.0a5.2\mwldeppc.exe Linker Warning:
#   FORCEACTIVE symbol 'lbl_41_data_12B48' is either not a global symbol or 
#   doesn't exist.  Ignored.
### build\compilers\GC\3.0a5.2\mwldeppc.exe Linker Warning:
#   FORCEACTIVE symbol 'lbl_41_data_12DE4' is either not a global symbol or 
#   doesn't exist.  Ignored.
### build\compilers\GC\3.0a5.2\mwldeppc.exe Linker Warning:
#   FORCEACTIVE symbol 'lbl_41_data_12DFC' is either not a global symbol or 
#   doesn't exist.  Ignored.
### build\compilers\GC\3.0a5.2\mwldeppc.exe Linker Warning:
#   FORCEACTIVE symbol 'lbl_41_data_130C0' is either not a global symbol or 
#   doesn't exist.  Ignored.
### build\compilers\GC\3.0a5.2\mwldeppc.exe Linker Warning:
#   FORCEACTIVE symbol 'lbl_41_data_130D8' is either not a global symbol or 
#   doesn't exist.  Ignored.
### build\compilers\GC\3.0a5.2\mwldeppc.exe Linker Warning:
#   FORCEACTIVE symbol 'lbl_41_data_13390' is either not a global symbol or 
#   doesn't exist.  Ignored.
### build\compilers\GC\3.0a5.2\mwldeppc.exe Linker Warning:
#   FORCEACTIVE symbol 'lbl_41_data_133A8' is either not a global symbol or 
#   doesn't exist.  Ignored.
### build\compilers\GC\3.0a5.2\mwldeppc.exe Linker Warning:
#   FORCEACTIVE symbol 'lbl_41_data_1366C' is either not a global symbol or 
#   doesn't exist.  Ignored.
### build\compilers\GC\3.0a5.2\mwldeppc.exe Linker Warning:
#   FORCEACTIVE symbol 'lbl_41_data_13680' is either not a global symbol or 
#   doesn't exist.  Ignored.
### build\compilers\GC\3.0a5.2\mwldeppc.exe Linker Warning:
#   FORCEACTIVE symbol 'lbl_41_data_140D8' is either not a global symbol or 
#   doesn't exist.  Ignored.
### build\compilers\GC\3.0a5.2\mwldeppc.exe Linker Warning:
#   FORCEACTIVE symbol 'lbl_41_data_140F0' is either not a global symbol or 
#   doesn't exist.  Ignored.
### build\compilers\GC\3.0a5.2\mwldeppc.exe Linker Warning:
#   FORCEACTIVE symbol 'lbl_41_data_14B48' is either not a global symbol or 
#   doesn't exist.  Ignored.
### build\compilers\GC\3.0a5.2\mwldeppc.exe Linker Warning:
#   FORCEACTIVE symbol 'lbl_41_data_14B60' is either not a global symbol or 
#   doesn't exist.  Ignored.
### build\compilers\GC\3.0a5.2\mwldeppc.exe Linker Warning:
#   FORCEACTIVE symbol 'lbl_41_data_15364' is either not a global symbol or 
#   doesn't exist.  Ignored.
### build\compilers\GC\3.0a5.2\mwldeppc.exe Linker Warning:
#   FORCEACTIVE symbol 'lbl_41_data_15380' is either not a global symbol or 
#   doesn't exist.  Ignored.
### build\compilers\GC\3.0a5.2\mwldeppc.exe Linker Warning:
#   FORCEACTIVE symbol 'lbl_41_data_15DC4' is either not a global symbol or 
#   doesn't exist.  Ignored.
### build\compilers\GC\3.0a5.2\mwldeppc.exe Linker Warning:
#   FORCEACTIVE symbol 'lbl_41_data_15DE0' is either not a global symbol or 
#   doesn't exist.  Ignored.
### build\compilers\GC\3.0a5.2\mwldeppc.exe Linker Warning:
#   FORCEACTIVE symbol 'lbl_41_data_16098' is either not a global symbol or 
#   doesn't exist.  Ignored.
### build\compilers\GC\3.0a5.2\mwldeppc.exe Linker Warning:
#   FORCEACTIVE symbol 'lbl_41_data_160B4' is either not a global symbol or 
#   doesn't exist.  Ignored.
### build\compilers\GC\3.0a5.2\mwldeppc.exe Linker Warning:
#   FORCEACTIVE symbol 'lbl_41_data_16FF4' is either not a global symbol or 
#   doesn't exist.  Ignored.
### build\compilers\GC\3.0a5.2\mwldeppc.exe Linker Warning:
#   FORCEACTIVE symbol 'lbl_41_data_1700C' is either not a global symbol or 
#   doesn't exist.  Ignored.
### build\compilers\GC\3.0a5.2\mwldeppc.exe Linker Warning:
#   FORCEACTIVE symbol 'lbl_41_data_17030' is either not a global symbol or 
#   doesn't exist.  Ignored.
### build\compilers\GC\3.0a5.2\mwldeppc.exe Linker Warning:
#   FORCEACTIVE symbol 'lbl_41_data_17050' is either not a global symbol or 
#   doesn't exist.  Ignored.
### build\compilers\GC\3.0a5.2\mwldeppc.exe Linker Warning:
#   FORCEACTIVE symbol 'lbl_41_data_17073' is either not a global symbol or 
#   doesn't exist.  Ignored.
### build\compilers\GC\3.0a5.2\mwldeppc.exe Linker Warning:
#   FORCEACTIVE symbol 'lbl_41_data_17092' is either not a global symbol or 
#   doesn't exist.  Ignored.
### build\compilers\GC\3.0a5.2\mwldeppc.exe Linker Warning:
#   FORCEACTIVE symbol 'lbl_41_data_1732C' is either not a global symbol or 
#   doesn't exist.  Ignored.
### build\compilers\GC\3.0a5.2\mwldeppc.exe Linker Warning:
#   FORCEACTIVE symbol 'lbl_41_data_17344' is either not a global symbol or 
#   doesn't exist.  Ignored.
### build\compilers\GC\3.0a5.2\mwldeppc.exe Linker Warning:
#   FORCEACTIVE symbol 'lbl_41_data_17C04' is either not a global symbol or 
#   doesn't exist.  Ignored.
### build\compilers\GC\3.0a5.2\mwldeppc.exe Linker Warning:
#   FORCEACTIVE symbol 'lbl_41_data_17C20' is either not a global symbol or 
#   doesn't exist.  Ignored.
### build\compilers\GC\3.0a5.2\mwldeppc.exe Linker Warning:
#   FORCEACTIVE symbol 'lbl_41_data_17EC4' is either not a global symbol or 
#   doesn't exist.  Ignored.
### build\compilers\GC\3.0a5.2\mwldeppc.exe Linker Warning:
#   FORCEACTIVE symbol 'lbl_41_data_17EE0' is either not a global symbol or 
#   doesn't exist.  Ignored.
### build\compilers\GC\3.0a5.2\mwldeppc.exe Linker Warning:
#   FORCEACTIVE symbol 'lbl_41_data_18984' is either not a global symbol or 
#   doesn't exist.  Ignored.
### build\compilers\GC\3.0a5.2\mwldeppc.exe Linker Warning:
#   FORCEACTIVE symbol 'lbl_41_data_1899C' is either not a global symbol or 
#   doesn't exist.  Ignored.
### build\compilers\GC\3.0a5.2\mwldeppc.exe Linker Warning:
#   FORCEACTIVE symbol 'lbl_41_data_18D14' is either not a global symbol or 
#   doesn't exist.  Ignored.
### build\compilers\GC\3.0a5.2\mwldeppc.exe Linker Warning:
#   FORCEACTIVE symbol 'lbl_41_data_18D2C' is either not a global symbol or 
#   doesn't exist.  Ignored.
### build\compilers\GC\3.0a5.2\mwldeppc.exe Linker Warning:
#   FORCEACTIVE symbol 'lbl_41_data_197D4' is either not a global symbol or 
#   doesn't exist.  Ignored.
### build\compilers\GC\3.0a5.2\mwldeppc.exe Linker Warning:
#   FORCEACTIVE symbol 'lbl_41_data_197EC' is either not a global symbol or 
#   doesn't exist.  Ignored.
### build\compilers\GC\3.0a5.2\mwldeppc.exe Linker Warning:
#   FORCEACTIVE symbol 'lbl_41_data_19810' is either not a global symbol or 
#   doesn't exist.  Ignored.
### build\compilers\GC\3.0a5.2\mwldeppc.exe Linker Warning:
#   FORCEACTIVE symbol 'lbl_41_data_19837' is either not a global symbol or 
#   doesn't exist.  Ignored.
### build\compilers\GC\3.0a5.2\mwldeppc.exe Linker Warning:
#   FORCEACTIVE symbol 'lbl_41_data_19862' is either not a global symbol or 
#   doesn't exist.  Ignored.
### build\compilers\GC\3.0a5.2\mwldeppc.exe Linker Warning:
#   FORCEACTIVE symbol 'lbl_41_data_1A7FC' is either not a global symbol or 
#   doesn't exist.  Ignored.
### build\compilers\GC\3.0a5.2\mwldeppc.exe Linker Warning:
#   FORCEACTIVE symbol 'lbl_41_data_1A810' is either not a global symbol or 
#   doesn't exist.  Ignored.
### build\compilers\GC\3.0a5.2\mwldeppc.exe Linker Warning:
#   FORCEACTIVE symbol 'lbl_41_data_1B3F0' is either not a global symbol or 
#   doesn't exist.  Ignored.
### build\compilers\GC\3.0a5.2\mwldeppc.exe Linker Warning:
#   FORCEACTIVE symbol 'lbl_41_data_1B408' is either not a global symbol or 
#   doesn't exist.  Ignored.
### build\compilers\GC\3.0a5.2\mwldeppc.exe Linker Warning:
#   FORCEACTIVE symbol 'lbl_41_data_1C71C' is either not a global symbol or 
#   doesn't exist.  Ignored.
### build\compilers\GC\3.0a5.2\mwldeppc.exe Linker Warning:
#   FORCEACTIVE symbol 'lbl_41_data_1C738' is either not a global symbol or 
#   doesn't exist.  Ignored.
### build\compilers\GC\3.0a5.2\mwldeppc.exe Linker Warning:
#   FORCEACTIVE symbol 'lbl_41_data_1CA9C' is either not a global symbol or 
#   doesn't exist.  Ignored.
### build\compilers\GC\3.0a5.2\mwldeppc.exe Linker Warning:
#   FORCEACTIVE symbol 'lbl_41_data_1CAB8' is either not a global symbol or 
#   doesn't exist.  Ignored.
### build\compilers\GC\3.0a5.2\mwldeppc.exe Linker Warning:
#   FORCEACTIVE symbol 'lbl_41_data_1DE9C' is either not a global symbol or 
#   doesn't exist.  Ignored.
### build\compilers\GC\3.0a5.2\mwldeppc.exe Linker Warning:
#   FORCEACTIVE symbol 'lbl_41_data_1DEB4' is either not a global symbol or 
#   doesn't exist.  Ignored.
### build\compilers\GC\3.0a5.2\mwldeppc.exe Linker Warning:
#   FORCEACTIVE symbol 'lbl_41_data_1DED8' is either not a global symbol or 
#   doesn't exist.  Ignored.
### build\compilers\GC\3.0a5.2\mwldeppc.exe Linker Warning:
#   FORCEACTIVE symbol 'lbl_41_data_1DF02' is either not a global symbol or 
#   doesn't exist.  Ignored.
### build\compilers\GC\3.0a5.2\mwldeppc.exe Linker Warning:
#   FORCEACTIVE symbol 'lbl_41_data_1DF32' is either not a global symbol or 
#   doesn't exist.  Ignored.
### build\compilers\GC\3.0a5.2\mwldeppc.exe Linker Warning:
#   FORCEACTIVE symbol 'lbl_41_data_1DF58' is either not a global symbol or 
#   doesn't exist.  Ignored.
### build\compilers\GC\3.0a5.2\mwldeppc.exe Linker Warning:
#   FORCEACTIVE symbol 'lbl_41_data_1EAC0' is either not a global symbol or 
#   doesn't exist.  Ignored.
### build\compilers\GC\3.0a5.2\mwldeppc.exe Linker Warning:
#   FORCEACTIVE symbol 'lbl_41_data_1EADC' is either not a global symbol or 
#   doesn't exist.  Ignored.
### build\compilers\GC\3.0a5.2\mwldeppc.exe Linker Warning:
#   FORCEACTIVE symbol 'lbl_41_data_1FE04' is either not a global symbol or 
#   doesn't exist.  Ignored.
### build\compilers\GC\3.0a5.2\mwldeppc.exe Linker Warning:
#   FORCEACTIVE symbol 'lbl_41_data_1FE20' is either not a global symbol or 
#   doesn't exist.  Ignored.
### build\compilers\GC\3.0a5.2\mwldeppc.exe Linker Warning:
#   FORCEACTIVE symbol 'lbl_41_bss_38' is either not a global symbol or 
#   doesn't exist.  Ignored.
### build\compilers\GC\3.0a5.2\mwldeppc.exe Linker Warning:
#   FORCEACTIVE symbol 'lbl_41_bss_260' is either not a global symbol or 
#   doesn't exist.  Ignored.
### build\compilers\GC\3.0a5.2\mwldeppc.exe Linker Warning:
#   FORCEACTIVE symbol 'lbl_41_bss_2A8' is either not a global symbol or 
#   doesn't exist.  Ignored.
### build\compilers\GC\3.0a5.2\mwldeppc.exe Linker Warning:
#   FORCEACTIVE symbol 'lbl_41_bss_2C0' is either not a global symbol or 
#   doesn't exist.  Ignored.
### build\compilers\GC\3.0a5.2\mwldeppc.exe Linker Warning:
#   FORCEACTIVE symbol 'lbl_41_bss_2D8' is either not a global symbol or 
#   doesn't exist.  Ignored.
### build\compilers\GC\3.0a5.2\mwldeppc.exe Linker Warning:
#   FORCEACTIVE symbol 'lbl_41_bss_2F0' is either not a global symbol or 
#   doesn't exist.  Ignored.
### build\compilers\GC\3.0a5.2\mwldeppc.exe Linker Warning:
#   FORCEACTIVE symbol 'lbl_41_bss_2FC' is either not a global symbol or 
#   doesn't exist.  Ignored.
### build\compilers\GC\3.0a5.2\mwldeppc.exe Linker Warning:
#   FORCEACTIVE symbol 'lbl_41_bss_318' is either not a global symbol or 
#   doesn't exist.  Ignored.
### build\compilers\GC\3.0a5.2\mwldeppc.exe Linker Warning:
#   FORCEACTIVE symbol 'lbl_41_bss_330' is either not a global symbol or 
#   doesn't exist.  Ignored.
### build\compilers\GC\3.0a5.2\mwldeppc.exe Linker Warning:
#   FORCEACTIVE symbol 'lbl_41_bss_348' is either not a global symbol or 
#   doesn't exist.  Ignored.
### build\compilers\GC\3.0a5.2\mwldeppc.exe Linker Warning:
#   FORCEACTIVE symbol 'lbl_41_bss_370' is either not a global symbol or 
#   doesn't exist.  Ignored.
### build\compilers\GC\3.0a5.2\mwldeppc.exe Linker Warning:
#   FORCEACTIVE symbol 'lbl_41_bss_388' is either not a global symbol or 
#   doesn't exist.  Ignored.
### build\compilers\GC\3.0a5.2\mwldeppc.exe Linker Warning:
#   FORCEACTIVE symbol 'lbl_41_bss_3A0' is either not a global symbol or 
#   doesn't exist.  Ignored.
### build\compilers\GC\3.0a5.2\mwldeppc.exe Linker Warning:
#   FORCEACTIVE symbol 'lbl_41_bss_3B8' is either not a global symbol or 
#   doesn't exist.  Ignored.
### build\compilers\GC\3.0a5.2\mwldeppc.exe Linker Warning:
#   FORCEACTIVE symbol 'lbl_41_bss_3D0' is either not a global symbol or 
#   doesn't exist.  Ignored.
### build\compilers\GC\3.0a5.2\mwldeppc.exe Linker Warning:
#   FORCEACTIVE symbol 'lbl_41_bss_3E8' is either not a global symbol or 
#   doesn't exist.  Ignored.
### build\compilers\GC\3.0a5.2\mwldeppc.exe Linker Warning:
#   FORCEACTIVE symbol 'lbl_41_bss_410' is either not a global symbol or 
#   doesn't exist.  Ignored.
### build\compilers\GC\3.0a5.2\mwldeppc.exe Linker Warning:
#   FORCEACTIVE symbol 'lbl_41_bss_428' is either not a global symbol or 
#   doesn't exist.  Ignored.
### build\compilers\GC\3.0a5.2\mwldeppc.exe Linker Warning:
#   FORCEACTIVE symbol 'lbl_41_bss_440' is either not a global symbol or 
#   doesn't exist.  Ignored.
### build\compilers\GC\3.0a5.2\mwldeppc.exe Linker Warning:
#   FORCEACTIVE symbol 'lbl_41_bss_458' is either not a global symbol or 
#   doesn't exist.  Ignored.
### build\compilers\GC\3.0a5.2\mwldeppc.exe Linker Warning:
#   FORCEACTIVE symbol 'lbl_41_bss_538' is either not a global symbol or 
#   doesn't exist.  Ignored.
### build\compilers\GC\3.0a5.2\mwldeppc.exe Linker Warning:
#   FORCEACTIVE symbol 'lbl_41_bss_550' is either not a global symbol or 
#   doesn't exist.  Ignored.
### build\compilers\GC\3.0a5.2\mwldeppc.exe Linker Warning:
#   FORCEACTIVE symbol 'lbl_41_bss_568' is either not a global symbol or 
#   doesn't exist.  Ignored.
### build\compilers\GC\3.0a5.2\mwldeppc.exe Linker Warning:
#   FORCEACTIVE symbol 'lbl_41_bss_580' is either not a global symbol or 
#   doesn't exist.  Ignored.
### build\compilers\GC\3.0a5.2\mwldeppc.exe Linker Warning:
#   FORCEACTIVE symbol 'lbl_41_bss_598' is either not a global symbol or 
#   doesn't exist.  Ignored.
### build\compilers\GC\3.0a5.2\mwldeppc.exe Linker Warning:
#   FORCEACTIVE symbol 'lbl_41_bss_5B0' is either not a global symbol or 
#   doesn't exist.  Ignored.
### build\compilers\GC\3.0a5.2\mwldeppc.exe Linker Warning:
#   FORCEACTIVE symbol 'lbl_41_bss_5C8' is either not a global symbol or 
#   doesn't exist.  Ignored.
### build\compilers\GC\3.0a5.2\mwldeppc.exe Linker Warning:
#   FORCEACTIVE symbol 'lbl_41_bss_5E0' is either not a global symbol or 
#   doesn't exist.  Ignored.
### build\compilers\GC\3.0a5.2\mwldeppc.exe Linker Warning:
#   FORCEACTIVE symbol 'lbl_41_bss_5F8' is either not a global symbol or 
#   doesn't exist.  Ignored.
### build\compilers\GC\3.0a5.2\mwldeppc.exe Linker Warning:
#   FORCEACTIVE symbol 'lbl_41_bss_610' is either not a global symbol or 
#   doesn't exist.  Ignored.
### build\compilers\GC\3.0a5.2\mwldeppc.exe Linker Warning:
#   FORCEACTIVE symbol 'lbl_41_bss_628' is either not a global symbol or 
#   doesn't exist.  Ignored.
### build\compilers\GC\3.0a5.2\mwldeppc.exe Linker Warning:
#   FORCEACTIVE symbol 'lbl_41_bss_634' is either not a global symbol or 
#   doesn't exist.  Ignored.
### build\compilers\GC\3.0a5.2\mwldeppc.exe Linker Warning:
#   FORCEACTIVE symbol 'lbl_41_bss_640' is either not a global symbol or 
#   doesn't exist.  Ignored.
### build\compilers\GC\3.0a5.2\mwldeppc.exe Linker Warning:
#   FORCEACTIVE symbol 'lbl_41_bss_668' is either not a global symbol or 
#   doesn't exist.  Ignored.
### build\compilers\GC\3.0a5.2\mwldeppc.exe Linker Warning:
#   FORCEACTIVE symbol 'lbl_41_bss_680' is either not a global symbol or 
#   doesn't exist.  Ignored.
### build\compilers\GC\3.0a5.2\mwldeppc.exe Linker Warning:
#   FORCEACTIVE symbol 'lbl_41_bss_698' is either not a global symbol or 
#   doesn't exist.  Ignored.
### build\compilers\GC\3.0a5.2\mwldeppc.exe Linker Warning:
#   FORCEACTIVE symbol 'lbl_41_bss_6B0' is either not a global symbol or 
#   doesn't exist.  Ignored.
### build\compilers\GC\3.0a5.2\mwldeppc.exe Linker Warning:
#   FORCEACTIVE symbol 'lbl_41_bss_6C8' is either not a global symbol or 
#   doesn't exist.  Ignored.
### build\compilers\GC\3.0a5.2\mwldeppc.exe Linker Warning:
#   FORCEACTIVE symbol 'lbl_41_bss_6E0' is either not a global symbol or 
#   doesn't exist.  Ignored.
### build\compilers\GC\3.0a5.2\mwldeppc.exe Linker Warning:
#   FORCEACTIVE symbol 'lbl_41_bss_6F8' is either not a global symbol or 
#   doesn't exist.  Ignored.
### build\compilers\GC\3.0a5.2\mwldeppc.exe Linker Warning:
#   FORCEACTIVE symbol 'lbl_41_bss_710' is either not a global symbol or 
#   doesn't exist.  Ignored.
### build\compilers\GC\3.0a5.2\mwldeppc.exe Linker Warning:
#   FORCEACTIVE symbol 'lbl_41_bss_728' is either not a global symbol or 
#   doesn't exist.  Ignored.
### build\compilers\GC\3.0a5.2\mwldeppc.exe Linker Warning:
#   FORCEACTIVE symbol 'lbl_41_bss_740' is either not a global symbol or 
#   doesn't exist.  Ignored.
### build\compilers\GC\3.0a5.2\mwldeppc.exe Linker Warning:
#   FORCEACTIVE symbol 'lbl_41_bss_758' is either not a global symbol or 
#   doesn't exist.  Ignored.
### build\compilers\GC\3.0a5.2\mwldeppc.exe Linker Warning:
#   FORCEACTIVE symbol 'lbl_41_bss_770' is either not a global symbol or 
#   doesn't exist.  Ignored.
### build\compilers\GC\3.0a5.2\mwldeppc.exe Linker Warning:
#   FORCEACTIVE symbol 'lbl_41_bss_788' is either not a global symbol or 
#   doesn't exist.  Ignored.
### build\compilers\GC\3.0a5.2\mwldeppc.exe Linker Warning:
#   FORCEACTIVE symbol 'lbl_41_bss_7A0' is either not a global symbol or 
#   doesn't exist.  Ignored.
### build\compilers\GC\3.0a5.2\mwldeppc.exe Linker Warning:
#   FORCEACTIVE symbol 'lbl_41_bss_7B8' is either not a global symbol or 
#   doesn't exist.  Ignored.
### build\compilers\GC\3.0a5.2\mwldeppc.exe Linker Warning:
#   FORCEACTIVE symbol 'lbl_41_bss_7D0' is either not a global symbol or 
#   doesn't exist.  Ignored.
### build\compilers\GC\3.0a5.2\mwldeppc.exe Linker Warning:
#   FORCEACTIVE symbol 'lbl_41_bss_7E8' is either not a global symbol or 
#   doesn't exist.  Ignored.
### build\compilers\GC\3.0a5.2\mwldeppc.exe Linker Warning:
#   FORCEACTIVE symbol 'lbl_41_bss_800' is either not a global symbol or 
#   doesn't exist.  Ignored.
### build\compilers\GC\3.0a5.2\mwldeppc.exe Linker Warning:
#   FORCEACTIVE symbol 'lbl_41_bss_818' is either not a global symbol or 
#   doesn't exist.  Ignored.
### build\compilers\GC\3.0a5.2\mwldeppc.exe Linker Warning:
#   FORCEACTIVE symbol 'lbl_41_bss_830' is either not a global symbol or 
#   doesn't exist.  Ignored.
### build\compilers\GC\3.0a5.2\mwldeppc.exe Linker Warning:
#   FORCEACTIVE symbol 'lbl_41_bss_848' is either not a global symbol or 
#   doesn't exist.  Ignored.
[397/478] LINK build\RSBE01_01\st_heal\st_heal.plf
### build\compilers\GC\3.0a5.2\mwldeppc.exe Linker Warning:
#   FORCEACTIVE symbol '__sinit_\st_heal_cpp' is either not a global symbol or 
#   doesn't exist.  Ignored.
### build\compilers\GC\3.0a5.2\mwldeppc.exe Linker Warning:
#   FORCEACTIVE symbol 'lbl_87_rodata_0' is either not a global symbol or 
#   doesn't exist.  Ignored.
### build\compilers\GC\3.0a5.2\mwldeppc.exe Linker Warning:
#   FORCEACTIVE symbol 'lbl_87_rodata_8' is either not a global symbol or 
#   doesn't exist.  Ignored.
### build\compilers\GC\3.0a5.2\mwldeppc.exe Linker Warning:
#   FORCEACTIVE symbol 'lbl_87_rodata_10' is either not a global symbol or 
#   doesn't exist.  Ignored.
### build\compilers\GC\3.0a5.2\mwldeppc.exe Linker Warning:
#   FORCEACTIVE symbol 'lbl_87_data_0' is either not a global symbol or 
#   doesn't exist.  Ignored.
### build\compilers\GC\3.0a5.2\mwldeppc.exe Linker Warning:
#   FORCEACTIVE symbol 'lbl_87_data_4' is either not a global symbol or 
#   doesn't exist.  Ignored.
### build\compilers\GC\3.0a5.2\mwldeppc.exe Linker Warning:
#   FORCEACTIVE symbol 'lbl_87_data_32C' is either not a global symbol or 
#   doesn't exist.  Ignored.
### build\compilers\GC\3.0a5.2\mwldeppc.exe Linker Warning:
#   FORCEACTIVE symbol 'lbl_87_data_334' is either not a global symbol or 
#   doesn't exist.  Ignored.
### build\compilers\GC\3.0a5.2\mwldeppc.exe Linker Warning:
#   FORCEACTIVE symbol 'lbl_87_data_360' is either not a global symbol or 
#   doesn't exist.  Ignored.
### build\compilers\GC\3.0a5.2\mwldeppc.exe Linker Warning:
#   FORCEACTIVE symbol 'lbl_87_data_368' is either not a global symbol or 
#   doesn't exist.  Ignored.
### build\compilers\GC\3.0a5.2\mwldeppc.exe Linker Warning:
#   FORCEACTIVE symbol 'lbl_87_data_390' is either not a global symbol or 
#   doesn't exist.  Ignored.
### build\compilers\GC\3.0a5.2\mwldeppc.exe Linker Warning:
#   FORCEACTIVE symbol 'lbl_87_data_3A0' is either not a global symbol or 
#   doesn't exist.  Ignored.
### build\compilers\GC\3.0a5.2\mwldeppc.exe Linker Warning:
#   FORCEACTIVE symbol 'lbl_87_data_3C0' is either not a global symbol or 
#   doesn't exist.  Ignored.
### build\compilers\GC\3.0a5.2\mwldeppc.exe Linker Warning:
#   FORCEACTIVE symbol 'lbl_87_data_3C8' is either not a global symbol or 
#   doesn't exist.  Ignored.
### build\compilers\GC\3.0a5.2\mwldeppc.exe Linker Warning:
#   FORCEACTIVE symbol 'lbl_87_data_3E0' is either not a global symbol or 
#   doesn't exist.  Ignored.
### build\compilers\GC\3.0a5.2\mwldeppc.exe Linker Warning:
#   FORCEACTIVE symbol 'lbl_87_data_404' is either not a global symbol or 
#   doesn't exist.  Ignored.
### build\compilers\GC\3.0a5.2\mwldeppc.exe Linker Warning:
#   FORCEACTIVE symbol 'lbl_87_data_420' is either not a global symbol or 
#   doesn't exist.  Ignored.
### build\compilers\GC\3.0a5.2\mwldeppc.exe Linker Warning:
#   FORCEACTIVE symbol 'lbl_87_data_438' is either not a global symbol or 
#   doesn't exist.  Ignored.
### build\compilers\GC\3.0a5.2\mwldeppc.exe Linker Warning:
#   FORCEACTIVE symbol 'lbl_87_bss_8' is either not a global symbol or doesn't 
#   exist.  Ignored.
[398/478] LINK build\RSBE01_01\st_dxcorneria\st_dxcorneria.plf
### build\compilers\GC\3.0a5.2\mwldeppc.exe Linker Warning:
#   FORCEACTIVE symbol 'lbl_82_rodata_C0' is either not a global symbol or 
#   doesn't exist.  Ignored.
### build\compilers\GC\3.0a5.2\mwldeppc.exe Linker Warning:
#   FORCEACTIVE symbol 'lbl_82_rodata_C4' is either not a global symbol or 
#   doesn't exist.  Ignored.
### build\compilers\GC\3.0a5.2\mwldeppc.exe Linker Warning:
#   FORCEACTIVE symbol 'lbl_82_rodata_C8' is either not a global symbol or 
#   doesn't exist.  Ignored.
### build\compilers\GC\3.0a5.2\mwldeppc.exe Linker Warning:
#   FORCEACTIVE symbol 'lbl_82_data_6B0' is either not a global symbol or 
#   doesn't exist.  Ignored.
### build\compilers\GC\3.0a5.2\mwldeppc.exe Linker Warning:
#   FORCEACTIVE symbol 'lbl_82_data_8A0' is either not a global symbol or 
#   doesn't exist.  Ignored.
### build\compilers\GC\3.0a5.2\mwldeppc.exe Linker Warning:
#   FORCEACTIVE symbol 'lbl_82_data_8B4' is either not a global symbol or 
#   doesn't exist.  Ignored.
### build\compilers\GC\3.0a5.2\mwldeppc.exe Linker Warning:
#   FORCEACTIVE symbol 'lbl_82_data_AB8' is either not a global symbol or 
#   doesn't exist.  Ignored.
### build\compilers\GC\3.0a5.2\mwldeppc.exe Linker Warning:
#   FORCEACTIVE symbol 'lbl_82_data_AC8' is either not a global symbol or 
#   doesn't exist.  Ignored.
### build\compilers\GC\3.0a5.2\mwldeppc.exe Linker Warning:
#   FORCEACTIVE symbol 'lbl_82_data_B08' is either not a global symbol or 
#   doesn't exist.  Ignored.
### build\compilers\GC\3.0a5.2\mwldeppc.exe Linker Warning:
#   FORCEACTIVE symbol 'lbl_82_data_B14' is either not a global symbol or 
#   doesn't exist.  Ignored.
### build\compilers\GC\3.0a5.2\mwldeppc.exe Linker Warning:
#   FORCEACTIVE symbol 'lbl_82_data_B48' is either not a global symbol or 
#   doesn't exist.  Ignored.
### build\compilers\GC\3.0a5.2\mwldeppc.exe Linker Warning:
#   FORCEACTIVE symbol 'lbl_82_data_B58' is either not a global symbol or 
#   doesn't exist.  Ignored.
### build\compilers\GC\3.0a5.2\mwldeppc.exe Linker Warning:
#   FORCEACTIVE symbol 'lbl_82_data_B88' is either not a global symbol or 
#   doesn't exist.  Ignored.
### build\compilers\GC\3.0a5.2\mwldeppc.exe Linker Warning:
#   FORCEACTIVE symbol 'lbl_82_data_B94' is either not a global symbol or 
#   doesn't exist.  Ignored.
### build\compilers\GC\3.0a5.2\mwldeppc.exe Linker Warning:
#   FORCEACTIVE symbol 'lbl_82_data_BB8' is either not a global symbol or 
#   doesn't exist.  Ignored.
### build\compilers\GC\3.0a5.2\mwldeppc.exe Linker Warning:
#   FORCEACTIVE symbol 'lbl_82_data_BC4' is either not a global symbol or 
#   doesn't exist.  Ignored.
### build\compilers\GC\3.0a5.2\mwldeppc.exe Linker Warning:
#   FORCEACTIVE symbol 'lbl_82_data_BE0' is either not a global symbol or 
#   doesn't exist.  Ignored.
### build\compilers\GC\3.0a5.2\mwldeppc.exe Linker Warning:
#   FORCEACTIVE symbol 'lbl_82_data_BE8' is either not a global symbol or 
#   doesn't exist.  Ignored.
[399/478] LINK build\RSBE01_01\st_otrain\st_otrain.plf
### build\compilers\GC\3.0a5.2\mwldeppc.exe Linker Warning:
#   FORCEACTIVE symbol '__sinit_\st_onlinetrainning_cpp' is either not a 
#   global symbol or doesn't exist.  Ignored.
### build\compilers\GC\3.0a5.2\mwldeppc.exe Linker Warning:
#   FORCEACTIVE symbol 'lbl_86_rodata_0' is either not a global symbol or 
#   doesn't exist.  Ignored.
### build\compilers\GC\3.0a5.2\mwldeppc.exe Linker Warning:
#   FORCEACTIVE symbol 'lbl_86_rodata_4' is either not a global symbol or 
#   doesn't exist.  Ignored.
### build\compilers\GC\3.0a5.2\mwldeppc.exe Linker Warning:
#   FORCEACTIVE symbol 'lbl_86_rodata_8' is either not a global symbol or 
#   doesn't exist.  Ignored.
### build\compilers\GC\3.0a5.2\mwldeppc.exe Linker Warning:
#   FORCEACTIVE symbol 'lbl_86_data_4' is either not a global symbol or 
#   doesn't exist.  Ignored.
### build\compilers\GC\3.0a5.2\mwldeppc.exe Linker Warning:
#   FORCEACTIVE symbol 'lbl_86_data_264' is either not a global symbol or 
#   doesn't exist.  Ignored.
### build\compilers\GC\3.0a5.2\mwldeppc.exe Linker Warning:
#   FORCEACTIVE symbol 'lbl_86_data_278' is either not a global symbol or 
#   doesn't exist.  Ignored.
### build\compilers\GC\3.0a5.2\mwldeppc.exe Linker Warning:
#   FORCEACTIVE symbol 'lbl_86_data_2A8' is either not a global symbol or 
#   doesn't exist.  Ignored.
### build\compilers\GC\3.0a5.2\mwldeppc.exe Linker Warning:
#   FORCEACTIVE symbol 'lbl_86_data_2B0' is either not a global symbol or 
#   doesn't exist.  Ignored.
### build\compilers\GC\3.0a5.2\mwldeppc.exe Linker Warning:
#   FORCEACTIVE symbol 'lbl_86_data_2D8' is either not a global symbol or 
#   doesn't exist.  Ignored.
### build\compilers\GC\3.0a5.2\mwldeppc.exe Linker Warning:
#   FORCEACTIVE symbol 'lbl_86_data_2E8' is either not a global symbol or 
#   doesn't exist.  Ignored.
### build\compilers\GC\3.0a5.2\mwldeppc.exe Linker Warning:
#   FORCEACTIVE symbol 'lbl_86_data_308' is either not a global symbol or 
#   doesn't exist.  Ignored.
### build\compilers\GC\3.0a5.2\mwldeppc.exe Linker Warning:
#   FORCEACTIVE symbol 'lbl_86_data_310' is either not a global symbol or 
#   doesn't exist.  Ignored.
### build\compilers\GC\3.0a5.2\mwldeppc.exe Linker Warning:
#   FORCEACTIVE symbol 'lbl_86_data_328' is either not a global symbol or 
#   doesn't exist.  Ignored.
### build\compilers\GC\3.0a5.2\mwldeppc.exe Linker Warning:
#   FORCEACTIVE symbol 'lbl_86_data_34C' is either not a global symbol or 
#   doesn't exist.  Ignored.
### build\compilers\GC\3.0a5.2\mwldeppc.exe Linker Warning:
#   FORCEACTIVE symbol 'lbl_86_data_374' is either not a global symbol or 
#   doesn't exist.  Ignored.
### build\compilers\GC\3.0a5.2\mwldeppc.exe Linker Warning:
#   FORCEACTIVE symbol 'lbl_86_data_388' is either not a global symbol or 
#   doesn't exist.  Ignored.
### build\compilers\GC\3.0a5.2\mwldeppc.exe Linker Warning:
#   FORCEACTIVE symbol 'lbl_86_bss_8' is either not a global symbol or doesn't 
#   exist.  Ignored.
[400/478] LINK build\RSBE01_01\st_stageedit\st_stageedit.plf
[401/478] LINK build\RSBE01_01\st_homerun\st_homerun.plf
[402/478] LINK build\RSBE01_01\st_dxbigblue\st_dxbigblue.plf
### build\compilers\GC\3.0a5.2\mwldeppc.exe Linker Warning:
#   FORCEACTIVE symbol 'lbl_81_rodata_90' is either not a global symbol or 
#   doesn't exist.  Ignored.
### build\compilers\GC\3.0a5.2\mwldeppc.exe Linker Warning:
#   FORCEACTIVE symbol 'lbl_81_data_970' is either not a global symbol or 
#   doesn't exist.  Ignored.
### build\compilers\GC\3.0a5.2\mwldeppc.exe Linker Warning:
#   FORCEACTIVE symbol 'lbl_81_data_97C' is either not a global symbol or 
#   doesn't exist.  Ignored.
### build\compilers\GC\3.0a5.2\mwldeppc.exe Linker Warning:
#   FORCEACTIVE symbol 'lbl_81_data_9A8' is either not a global symbol or 
#   doesn't exist.  Ignored.
### build\compilers\GC\3.0a5.2\mwldeppc.exe Linker Warning:
#   FORCEACTIVE symbol 'lbl_81_data_9B4' is either not a global symbol or 
#   doesn't exist.  Ignored.
### build\compilers\GC\3.0a5.2\mwldeppc.exe Linker Warning:
#   FORCEACTIVE symbol 'lbl_81_data_9D8' is either not a global symbol or 
#   doesn't exist.  Ignored.
### build\compilers\GC\3.0a5.2\mwldeppc.exe Linker Warning:
#   FORCEACTIVE symbol 'lbl_81_data_9E4' is either not a global symbol or 
#   doesn't exist.  Ignored.
### build\compilers\GC\3.0a5.2\mwldeppc.exe Linker Warning:
#   FORCEACTIVE symbol 'lbl_81_data_A00' is either not a global symbol or 
#   doesn't exist.  Ignored.
### build\compilers\GC\3.0a5.2\mwldeppc.exe Linker Warning:
#   FORCEACTIVE symbol 'lbl_81_data_A08' is either not a global symbol or 
#   doesn't exist.  Ignored.
[403/478] LINK build\RSBE01_01\st_dxzebes\st_dxzebes.plf
[404/478] LINK build\RSBE01_01\st_dxpstadium\st_dxpstadium.plf
[405/478] LINK build\RSBE01_01\ft_link\ft_link.plf
[406/478] LINK build\RSBE01_01\st_croll\st_croll.plf
[407/478] LINK build\RSBE01_01\ft_donkey\ft_donkey.plf
[408/478] LINK build\RSBE01_01\ft_mario\ft_mario.plf
[409/478] LINK build\RSBE01_01\st_tbreak\st_tbreak.plf
### build\compilers\GC\3.0a5.2\mwldeppc.exe Linker Warning:
#   FORCEACTIVE symbol 'lbl_89_rodata_A0' is either not a global symbol or 
#   doesn't exist.  Ignored.
### build\compilers\GC\3.0a5.2\mwldeppc.exe Linker Warning:
#   FORCEACTIVE symbol 'lbl_89_data_EB0' is either not a global symbol or 
#   doesn't exist.  Ignored.
### build\compilers\GC\3.0a5.2\mwldeppc.exe Linker Warning:
#   FORCEACTIVE symbol 'lbl_89_data_EC0' is either not a global symbol or 
#   doesn't exist.  Ignored.
### build\compilers\GC\3.0a5.2\mwldeppc.exe Linker Warning:
#   FORCEACTIVE symbol 'lbl_89_data_EF8' is either not a global symbol or 
#   doesn't exist.  Ignored.
### build\compilers\GC\3.0a5.2\mwldeppc.exe Linker Warning:
#   FORCEACTIVE symbol 'lbl_89_data_F00' is either not a global symbol or 
#   doesn't exist.  Ignored.
### build\compilers\GC\3.0a5.2\mwldeppc.exe Linker Warning:
#   FORCEACTIVE symbol 'lbl_89_data_F0C' is either not a global symbol or 
#   doesn't exist.  Ignored.
### build\compilers\GC\3.0a5.2\mwldeppc.exe Linker Warning:
#   FORCEACTIVE symbol 'lbl_89_data_F38' is either not a global symbol or 
#   doesn't exist.  Ignored.
### build\compilers\GC\3.0a5.2\mwldeppc.exe Linker Warning:
#   FORCEACTIVE symbol 'lbl_89_data_F40' is either not a global symbol or 
#   doesn't exist.  Ignored.
### build\compilers\GC\3.0a5.2\mwldeppc.exe Linker Warning:
#   FORCEACTIVE symbol 'lbl_89_data_F50' is either not a global symbol or 
#   doesn't exist.  Ignored.
### build\compilers\GC\3.0a5.2\mwldeppc.exe Linker Warning:
#   FORCEACTIVE symbol 'lbl_89_data_F78' is either not a global symbol or 
#   doesn't exist.  Ignored.
[410/478] LINK build\RSBE01_01\ft_captain\ft_captain.plf
[411/478] LINK build\RSBE01_01\ft_peach\ft_peach.plf
[412/478] LINK build\RSBE01_01\ft_kirby\ft_kirby.plf
[413/478] LINK build\RSBE01_01\ft_fox\ft_fox.plf
[414/478] LINK build\RSBE01_01\ft_koopa\ft_koopa.plf
[415/478] LINK build\RSBE01_01\ft_falco\ft_falco.plf
[416/478] LINK build\RSBE01_01\ft_samus\ft_samus.plf
[417/478] LINK build\RSBE01_01\ft_luigi\ft_luigi.plf
[418/478] LINK build\RSBE01_01\ft_yoshi\ft_yoshi.plf
[419/478] LINK build\RSBE01_01\ft_zelda\ft_zelda.plf
[420/478] LINK build\RSBE01_01\ft_gamewatch\ft_gamewatch.plf
[421/478] LINK build\RSBE01_01\ft_ganon\ft_ganon.plf
[422/478] LINK build\RSBE01_01\ft_ness\ft_ness.plf
[423/478] LINK build\RSBE01_01\ft_marth\ft_marth.plf
[424/478] LINK build\RSBE01_01\ft_iceclimber\ft_iceclimber.plf
[425/478] LINK build\RSBE01_01\ft_wario\ft_wario.plf
[426/478] LINK build\RSBE01_01\ft_pit\ft_pit.plf
[427/478] LINK build\RSBE01_01\ft_metaknight\ft_metaknight.plf
[428/478] LINK build\RSBE01_01\ft_pikachu\ft_pikachu.plf
[429/478] LINK build\RSBE01_01\ft_poke\ft_poke.plf
[430/478] LINK build\RSBE01_01\ft_pikmin\ft_pikmin.plf
[431/478] LINK build\RSBE01_01\ft_robot\ft_robot.plf
[432/478] LINK build\RSBE01_01\ft_toonlink\ft_toonlink.plf
[433/478] LINK build\RSBE01_01\ft_sonic\ft_sonic.plf
[434/478] LINK build\RSBE01_01\ft_wolf\ft_wolf.plf
[435/478] LINK build\RSBE01_01\ft_purin\ft_purin.plf
[436/478] LINK build\RSBE01_01\ft_dedede\ft_dedede.plf
[437/478] LINK build\RSBE01_01\ft_snake\ft_snake.plf
[438/478] LINK build\RSBE01_01\ft_lucario\ft_lucario.plf
[439/478] LINK build\RSBE01_01\ft_diddy\ft_diddy.plf
[440/478] LINK build\RSBE01_01\ft_zako\ft_zako.plf
[441/478] MWCC build\RSBE01_01\src\sora\mt\mt_trig.o
[442/478] MWCC build\RSBE01_01\src\sora\mt\mt_vector_old.o
[443/478] LINK build\RSBE01_01\ft_ike\ft_ike.plf
[444/478] MWCC build\RSBE01_01\src\sora\gf\gf_task_scheduler.o
[445/478] LINK build\RSBE01_01\ft_lucas\ft_lucas.plf
[446/478] MWCC build\RSBE01_01\src\mo_scene\sora_scene\sc_adv_gameover.o
[447/478] MWCC build\RSBE01_01\src\sora\ip\ip_network_producer.o
[448/478] MWCC build\RSBE01_01\src\sora\ut\ut_relocate.o
[449/478] MWCC build\RSBE01_01\src\sora\cm\cm_controller_menu_pad.o
[450/478] MWCC build\RSBE01_01\src\sora\nt\nt_report.o
[451/478] MWCC build\RSBE01_01\src\mo_fighter\ft_marth\ft_marth.o
[452/478] MWCC build\RSBE01_01\src\sora\nt\nt_send.o
[453/478] MWCC build\RSBE01_01\src\mo_fighter\ft_marth\ft_marth_status_uniq_process_special_s.o
[454/478] LINK build\RSBE01_01\sora_melee\sora_melee.plf
### build\compilers\GC\3.0a5.2\mwldeppc.exe Linker Warning:
#   FORCEACTIVE symbol '__sinit_\so_general_work_cpp' is either not a global 
#   symbol or doesn't exist.  Ignored.
### build\compilers\GC\3.0a5.2\mwldeppc.exe Linker Warning:
#   FORCEACTIVE symbol '__sinit_\so_general_work_abstract_cpp' is either not a 
#   global symbol or doesn't exist.  Ignored.
### build\compilers\GC\3.0a5.2\mwldeppc.exe Linker Warning:
#   FORCEACTIVE symbol '__sinit_\so_general_work_simple_cpp' is either not a 
#   global symbol or doesn't exist.  Ignored.
### build\compilers\GC\3.0a5.2\mwldeppc.exe Linker Warning:
#   FORCEACTIVE symbol '__sinit_\so_common_data_accesser_cpp' is either not a 
#   global symbol or doesn't exist.  Ignored.
### build\compilers\GC\3.0a5.2\mwldeppc.exe Linker Warning:
#   FORCEACTIVE symbol '__sinit_\mo_melee_cpp' is either not a global symbol 
#   or doesn't exist.  Ignored.
### build\compilers\GC\3.0a5.2\mwldeppc.exe Linker Warning:
#   FORCEACTIVE symbol 'lbl_27_rodata_318' is either not a global symbol or 
#   doesn't exist.  Ignored.
### build\compilers\GC\3.0a5.2\mwldeppc.exe Linker Warning:
#   FORCEACTIVE symbol 'lbl_27_rodata_31C' is either not a global symbol or 
#   doesn't exist.  Ignored.
### build\compilers\GC\3.0a5.2\mwldeppc.exe Linker Warning:
#   FORCEACTIVE symbol 'lbl_27_rodata_360' is either not a global symbol or 
#   doesn't exist.  Ignored.
### build\compilers\GC\3.0a5.2\mwldeppc.exe Linker Warning:
#   FORCEACTIVE symbol 'lbl_27_rodata_364' is either not a global symbol or 
#   doesn't exist.  Ignored.
### build\compilers\GC\3.0a5.2\mwldeppc.exe Linker Warning:
#   FORCEACTIVE symbol 'lbl_27_rodata_368' is either not a global symbol or 
#   doesn't exist.  Ignored.
### build\compilers\GC\3.0a5.2\mwldeppc.exe Linker Warning:
#   FORCEACTIVE symbol 'lbl_27_rodata_748' is either not a global symbol or 
#   doesn't exist.  Ignored.
### build\compilers\GC\3.0a5.2\mwldeppc.exe Linker Warning:
#   FORCEACTIVE symbol 'lbl_27_rodata_74C' is either not a global symbol or 
#   doesn't exist.  Ignored.
### build\compilers\GC\3.0a5.2\mwldeppc.exe Linker Warning:
#   FORCEACTIVE symbol 'lbl_27_rodata_C10' is either not a global symbol or 
#   doesn't exist.  Ignored.
### build\compilers\GC\3.0a5.2\mwldeppc.exe Linker Warning:
#   FORCEACTIVE symbol 'lbl_27_rodata_C18' is either not a global symbol or 
#   doesn't exist.  Ignored.
### build\compilers\GC\3.0a5.2\mwldeppc.exe Linker Warning:
#   FORCEACTIVE symbol 'lbl_27_rodata_C20' is either not a global symbol or 
#   doesn't exist.  Ignored.
### build\compilers\GC\3.0a5.2\mwldeppc.exe Linker Warning:
#   FORCEACTIVE symbol 'lbl_27_rodata_26A8' is either not a global symbol or 
#   doesn't exist.  Ignored.
### build\compilers\GC\3.0a5.2\mwldeppc.exe Linker Warning:
#   FORCEACTIVE symbol 'lbl_27_rodata_26AC' is either not a global symbol or 
#   doesn't exist.  Ignored.
### build\compilers\GC\3.0a5.2\mwldeppc.exe Linker Warning:
#   FORCEACTIVE symbol 'lbl_27_data_7D0' is either not a global symbol or 
#   doesn't exist.  Ignored.
### build\compilers\GC\3.0a5.2\mwldeppc.exe Linker Warning:
#   FORCEACTIVE symbol 'lbl_27_data_C14' is either not a global symbol or 
#   doesn't exist.  Ignored.
### build\compilers\GC\3.0a5.2\mwldeppc.exe Linker Warning:
#   FORCEACTIVE symbol 'lbl_27_data_C30' is either not a global symbol or 
#   doesn't exist.  Ignored.
### build\compilers\GC\3.0a5.2\mwldeppc.exe Linker Warning:
#   FORCEACTIVE symbol 'lbl_27_data_6004' is either not a global symbol or 
#   doesn't exist.  Ignored.
### build\compilers\GC\3.0a5.2\mwldeppc.exe Linker Warning:
#   FORCEACTIVE symbol 'lbl_27_data_6020' is either not a global symbol or 
#   doesn't exist.  Ignored.
### build\compilers\GC\3.0a5.2\mwldeppc.exe Linker Warning:
#   FORCEACTIVE symbol 'lbl_27_data_734C' is either not a global symbol or 
#   doesn't exist.  Ignored.
### build\compilers\GC\3.0a5.2\mwldeppc.exe Linker Warning:
#   FORCEACTIVE symbol 'lbl_27_data_7360' is either not a global symbol or 
#   doesn't exist.  Ignored.
### build\compilers\GC\3.0a5.2\mwldeppc.exe Linker Warning:
#   FORCEACTIVE symbol 'lbl_27_data_7380' is either not a global symbol or 
#   doesn't exist.  Ignored.
### build\compilers\GC\3.0a5.2\mwldeppc.exe Linker Warning:
#   FORCEACTIVE symbol 'lbl_27_data_7390' is either not a global symbol or 
#   doesn't exist.  Ignored.
### build\compilers\GC\3.0a5.2\mwldeppc.exe Linker Warning:
#   FORCEACTIVE symbol 'lbl_27_data_78B0' is either not a global symbol or 
#   doesn't exist.  Ignored.
### build\compilers\GC\3.0a5.2\mwldeppc.exe Linker Warning:
#   FORCEACTIVE symbol 'lbl_27_data_8060' is either not a global symbol or 
#   doesn't exist.  Ignored.
### build\compilers\GC\3.0a5.2\mwldeppc.exe Linker Warning:
#   FORCEACTIVE symbol 'lbl_27_data_8078' is either not a global symbol or 
#   doesn't exist.  Ignored.
### build\compilers\GC\3.0a5.2\mwldeppc.exe Linker Warning:
#   FORCEACTIVE symbol 'lbl_27_data_80D0' is either not a global symbol or 
#   doesn't exist.  Ignored.
### build\compilers\GC\3.0a5.2\mwldeppc.exe Linker Warning:
#   FORCEACTIVE symbol 'lbl_27_data_80E4' is either not a global symbol or 
#   doesn't exist.  Ignored.
### build\compilers\GC\3.0a5.2\mwldeppc.exe Linker Warning:
#   FORCEACTIVE symbol 'lbl_27_data_13B08' is either not a global symbol or 
#   doesn't exist.  Ignored.
### build\compilers\GC\3.0a5.2\mwldeppc.exe Linker Warning:
#   FORCEACTIVE symbol 'lbl_27_data_13B0C' is either not a global symbol or 
#   doesn't exist.  Ignored.
### build\compilers\GC\3.0a5.2\mwldeppc.exe Linker Warning:
#   FORCEACTIVE symbol 'lbl_27_data_13B80' is either not a global symbol or 
#   doesn't exist.  Ignored.
### build\compilers\GC\3.0a5.2\mwldeppc.exe Linker Warning:
#   FORCEACTIVE symbol 'lbl_27_data_13B90' is either not a global symbol or 
#   doesn't exist.  Ignored.
### build\compilers\GC\3.0a5.2\mwldeppc.exe Linker Warning:
#   FORCEACTIVE symbol 'lbl_27_data_13BB0' is either not a global symbol or 
#   doesn't exist.  Ignored.
### build\compilers\GC\3.0a5.2\mwldeppc.exe Linker Warning:
#   FORCEACTIVE symbol 'lbl_27_data_13BC8' is either not a global symbol or 
#   doesn't exist.  Ignored.
### build\compilers\GC\3.0a5.2\mwldeppc.exe Linker Warning:
#   FORCEACTIVE symbol 'lbl_27_data_13CC0' is either not a global symbol or 
#   doesn't exist.  Ignored.
### build\compilers\GC\3.0a5.2\mwldeppc.exe Linker Warning:
#   FORCEACTIVE symbol 'lbl_27_data_13CD4' is either not a global symbol or 
#   doesn't exist.  Ignored.
### build\compilers\GC\3.0a5.2\mwldeppc.exe Linker Warning:
#   FORCEACTIVE symbol 'lbl_27_data_15470' is either not a global symbol or 
#   doesn't exist.  Ignored.
### build\compilers\GC\3.0a5.2\mwldeppc.exe Linker Warning:
#   FORCEACTIVE symbol 'lbl_27_data_1548C' is either not a global symbol or 
#   doesn't exist.  Ignored.
### build\compilers\GC\3.0a5.2\mwldeppc.exe Linker Warning:
#   FORCEACTIVE symbol 'lbl_27_data_154A0' is either not a global symbol or 
#   doesn't exist.  Ignored.
### build\compilers\GC\3.0a5.2\mwldeppc.exe Linker Warning:
#   FORCEACTIVE symbol 'lbl_27_data_29230' is either not a global symbol or 
#   doesn't exist.  Ignored.
### build\compilers\GC\3.0a5.2\mwldeppc.exe Linker Warning:
#   FORCEACTIVE symbol 'lbl_27_data_29240' is either not a global symbol or 
#   doesn't exist.  Ignored.
### build\compilers\GC\3.0a5.2\mwldeppc.exe Linker Warning:
#   FORCEACTIVE symbol 'lbl_27_data_2927C' is either not a global symbol or 
#   doesn't exist.  Ignored.
### build\compilers\GC\3.0a5.2\mwldeppc.exe Linker Warning:
#   FORCEACTIVE symbol 'lbl_27_data_29288' is either not a global symbol or 
#   doesn't exist.  Ignored.
### build\compilers\GC\3.0a5.2\mwldeppc.exe Linker Warning:
#   FORCEACTIVE symbol 'lbl_27_data_2BC00' is either not a global symbol or 
#   doesn't exist.  Ignored.
### build\compilers\GC\3.0a5.2\mwldeppc.exe Linker Warning:
#   FORCEACTIVE symbol 'lbl_27_data_2BC20' is either not a global symbol or 
#   doesn't exist.  Ignored.
### build\compilers\GC\3.0a5.2\mwldeppc.exe Linker Warning:
#   FORCEACTIVE symbol 'lbl_27_data_2BC68' is either not a global symbol or 
#   doesn't exist.  Ignored.
### build\compilers\GC\3.0a5.2\mwldeppc.exe Linker Warning:
#   FORCEACTIVE symbol 'lbl_27_data_2BC80' is either not a global symbol or 
#   doesn't exist.  Ignored.
### build\compilers\GC\3.0a5.2\mwldeppc.exe Linker Warning:
#   FORCEACTIVE symbol 'lbl_27_data_32AD8' is either not a global symbol or 
#   doesn't exist.  Ignored.
### build\compilers\GC\3.0a5.2\mwldeppc.exe Linker Warning:
#   FORCEACTIVE symbol 'lbl_27_data_32AF8' is either not a global symbol or 
#   doesn't exist.  Ignored.
### build\compilers\GC\3.0a5.2\mwldeppc.exe Linker Warning:
#   FORCEACTIVE symbol 'lbl_27_data_32BA4' is either not a global symbol or 
#   doesn't exist.  Ignored.
### build\compilers\GC\3.0a5.2\mwldeppc.exe Linker Warning:
#   FORCEACTIVE symbol 'lbl_27_data_32BB8' is either not a global symbol or 
#   doesn't exist.  Ignored.
### build\compilers\GC\3.0a5.2\mwldeppc.exe Linker Warning:
#   FORCEACTIVE symbol 'lbl_27_data_32BD0' is either not a global symbol or 
#   doesn't exist.  Ignored.
### build\compilers\GC\3.0a5.2\mwldeppc.exe Linker Warning:
#   FORCEACTIVE symbol 'lbl_27_data_4C748' is either not a global symbol or 
#   doesn't exist.  Ignored.
### build\compilers\GC\3.0a5.2\mwldeppc.exe Linker Warning:
#   FORCEACTIVE symbol 'lbl_27_data_4C758' is either not a global symbol or 
#   doesn't exist.  Ignored.
### build\compilers\GC\3.0a5.2\mwldeppc.exe Linker Warning:
#   FORCEACTIVE symbol 'lbl_27_bss_1B30' is either not a global symbol or 
#   doesn't exist.  Ignored.
### build\compilers\GC\3.0a5.2\mwldeppc.exe Linker Warning:
#   FORCEACTIVE symbol 'lbl_27_bss_1B58' is either not a global symbol or 
#   doesn't exist.  Ignored.
### build\compilers\GC\3.0a5.2\mwldeppc.exe Linker Warning:
#   FORCEACTIVE symbol 'lbl_27_bss_1B70' is either not a global symbol or 
#   doesn't exist.  Ignored.
### build\compilers\GC\3.0a5.2\mwldeppc.exe Linker Warning:
#   FORCEACTIVE symbol 'lbl_27_bss_2CD0' is either not a global symbol or 
#   doesn't exist.  Ignored.
### build\compilers\GC\3.0a5.2\mwldeppc.exe Linker Warning:
#   FORCEACTIVE symbol 'lbl_27_bss_5040' is either not a global symbol or 
#   doesn't exist.  Ignored.
### build\compilers\GC\3.0a5.2\mwldeppc.exe Linker Warning:
#   FORCEACTIVE symbol 'g_ftGroundConditionCheckerImpl' is either not a global 
#   symbol or doesn't exist.  Ignored.
### build\compilers\GC\3.0a5.2\mwldeppc.exe Linker Warning:
#   FORCEACTIVE symbol '@unnamed@mo_melee_cpp@::bss_loc_8cc0' is either not a 
#   global symbol or doesn't exist.  Ignored.
[455/478] MWCC build\RSBE01_01\src\sora\ac\ac_cmd_interpreter.o
[456/478] MWCC build\RSBE01_01\src\mo_fighter\ft_marth\ft_marth_status_uniq_process_special_final.o
[457/478] MWCC build\RSBE01_01\src\mo_fighter\ft_marth\ft_marth_status_uniq_process_special_hi.o
[458/478] MWCC build\RSBE01_01\src\mo_fighter\ft_marth\ft_marth_status_uniq_process_special_lw.o
[459/478] MWCC build\RSBE01_01\src\mo_fighter\ft_marth\if_marth_final.o
[460/478] MWCC build\RSBE01_01\src\sora\ty\ty_fig_listmng.o
[461/478] MWCC build\RSBE01_01\src\mo_stage\st_battle\gr_battle_ground.o
[462/478] MWCC build\RSBE01_01\src\mo_stage\st_tengan\gr_tengan_ashiba.o
[463/478] MWCC build\RSBE01_01\src\mo_enemy\sora_enemy\em_external_value_accesser.o
[464/478] MWCC build\RSBE01_01\src\mo_stage\st_battle\gr_battle.o
[465/478] MWCC build\RSBE01_01\src\mo_stage\st_kart\st_kart.o
[466/478] MWCC build\RSBE01_01\src\mo_stage\st_battle\st_battle.o
[467/478] MWCC build\RSBE01_01\src\mo_stage\st_emblem\st_emblem.o
[468/478] MWCC build\RSBE01_01\src\mo_fighter\ft_purin\ft_purin.o
### mwcceppc.exe Compiler:
#      In: include\lib\BrawlHeaders\Brawl\Include\so\so_module_accesser_build_data.h
#    From: src\mo_fighter\ft_purin\ft_purin.cpp
# ---------------------------------------------
#      31:         return rect;  
# Warning:                    ^
#   (10326) function result is a pointer/reference to an automatic/temporary 
#   variable
[469/478] LINK build\RSBE01_01\main.elf
### build\compilers\GC\3.0a5.2\mwldeppc.exe Linker Warning:
#   FORCEACTIVE symbol '__sinit_\gf_shutdown_manager_cpp' is either not a 
#   global symbol or doesn't exist.  Ignored.
[470/478] DOL build\RSBE01_01\main.dol
[471/478] REL
[472/478] CHECK config\RSBE01_01\binary-manifest.json
127 files OK
OK: 127/127 binaries verified
[473/478] REPORT
[474/478] PROGRESS
Progress:
  All: 1.40% matched, 1.17% linked (523 / 4408 files)
    Code: 221412 / 15833548 bytes (2930 / 92523 functions)
    Data: 838404 / 5667464 bytes (14.79%)
  DOL: 1.37% matched, 0.85% linked (65 / 1722 files)
    Code: 57172 / 4170064 bytes (511 / 14278 functions)
    Data: 6720 / 1724104 bytes (0.39%)
  Modules: 1.41% matched, 1.28% linked (458 / 2686 files)
    Code: 164240 / 11663484 bytes (2419 / 78245 functions)
    Data: 831684 / 3943360 bytes (21.09%)
