[1/2] SPLIT config\RSBE01_01\config.yml
 WARN Alignment for mo_fighter/ft_marth/ft_marth_status_uniq_process_special_hi.cpp .data expected 8, but starts at 4:0x00005584
[2/2] RUN configure.py
[1/4] SPLIT config\RSBE01_01\config.yml
 WARN Alignment for mo_fighter/ft_marth/ft_marth_status_uniq_process_special_hi.cpp .data expected 8, but starts at 4:0x00005584
[2/4] RUN configure.py
[1/479] MWCC build\RSBE01_01\src\global_destructor_chain.o
[2/479] MWCC build\RSBE01_01\src\mo_scene\sora_scene\sc_demo.o
[3/479] MWCC build\RSBE01_01\src\mo_scene\sora_scene\sc_tutorial.o
[4/479] MWCC build\RSBE01_01\src\mo_scene\sora_scene\sc_staffroll.o
[5/479] MWCC build\RSBE01_01\src\mo_scene\sora_scene\sc_seal_list.o
[6/479] MWCC build\RSBE01_01\src\mo_scene\sora_scene\sc_net_time_result.o
[7/479] MWCC build\RSBE01_01\src\mo_scene\sora_scene\sc_adv_selchar.o
[8/479] MWCC build\RSBE01_01\src\mo_scene\sora_scene\sc_seal_disp.o
[9/479] MWCC build\RSBE01_01\src\home_button_icon.o
[10/479] MWCC build\RSBE01_01\src\mo_scene\mo_scene.o
[11/479] MWCC build\RSBE01_01\src\mo_menu\sora_menu_sel_char_access\sel_char_access.o
[12/479] MWCC build\RSBE01_01\src\mo_scene\sora_scene\sc_adv_result.o
[13/479] MWCC build\RSBE01_01\src\mo_scene\sora_scene\sc_adv_saveload.o
[14/479] MWCC build\RSBE01_01\src\mo_menu\mo_menu.o
[15/479] MWCC build\RSBE01_01\src\mo_melee\sora_melee\so\so_heap_module_impl.o
[16/479] MWCC build\RSBE01_01\src\mo_scene\sora_scene\sc_adv_diff.o
### mwcceppc.exe Compiler:
#    File: src\mo_scene\sora_scene\sc_adv_diff.cpp
# ------------------------------------------------
#      67: }  
# Warning: ^
#   (33058) <string not found>
[17/479] MWCC build\RSBE01_01\src\mo_melee\sora_melee\so\so_general_work_abstract.o
[18/479] MWCC build\RSBE01_01\src\mo_melee\sora_melee\so\so_general_work_simple.o
[19/479] MWCC build\RSBE01_01\src\mo_melee\sora_melee\so\so_general_work.o
[20/479] MWCC build\RSBE01_01\src\mo_adv_menu\mo_adv_menu.o
[21/479] MWCC build\RSBE01_01\src\mo_melee\sora_melee\so\anim\so_anim_chr.o
[22/479] MWCC build\RSBE01_01\src\mo_melee\sora_melee\so\model\so_model_virtual_node.o
[23/479] MWCC build\RSBE01_01\src\mo_melee\sora_melee\so\model\so_model_module_simple.o
[24/479] MWCC build\RSBE01_01\src\mo_melee\sora_melee\ft\ft_class_info.o
[25/479] MWCC build\RSBE01_01\src\mo_melee\sora_melee\so\so_resource_module_impl.o
[26/479] MWCC build\RSBE01_01\src\mo_adv_stage\mo_adv_stage.o
[27/479] MWCC build\RSBE01_01\src\mo_melee\mo_melee.o
[28/479] MWCC build\RSBE01_01\src\mo_melee\sora_melee\so\so_common_data_accesser.o
[29/479] MWCC build\RSBE01_01\src\mo_melee\sora_melee\so\so_photo_call_back.o
[30/479] MWCC build\RSBE01_01\src\mo_enemy\sora_enemy\wnem\wn_em_heap_module_impl.o
[31/479] MWCC build\RSBE01_01\src\mo_adv_menu\sora_adv_menu_telop\mu_adv_telop_task.o
[32/479] MWCC build\RSBE01_01\src\mo_melee\sora_melee\so\model\so_model_module_impl_variable.o
[33/479] MWCC build\RSBE01_01\src\mo_melee\sora_melee\so\so_controller_module_link_ref.o
[34/479] MWCC build\RSBE01_01\src\mo_melee\sora_melee\so\so_module_accesser.o
[35/479] MWCC build\RSBE01_01\src\mo_enemy\sora_enemy\wnem\wn_em_resource_module_impl.o
[36/479] MWCC build\RSBE01_01\src\mo_melee\sora_melee\so\anim\so_anim_cmd_interpreter_effect.o
[37/479] MWCC build\RSBE01_01\src\mo_melee\sora_melee\ft\ft_extend_param_accesser.o
[38/479] MWCC build\RSBE01_01\src\mo_melee\sora_melee\ft\ft_fighter_build_data.o
### mwcceppc.exe Compiler:
#      In: include\lib\BrawlHeaders\Brawl\Include\so\so_module_accesser_build_data.h
#    From: src\mo_melee\sora_melee\ft\ft_fighter_build_data.cpp
# -------------------------------------------------------------
#      31:         return rect;  
# Warning:                    ^
#   (10326) function result is a pointer/reference to an automatic/temporary 
#   variable
[39/479] MWCC build\RSBE01_01\src\mo_melee\sora_melee\st\st_common_gimmick.o
[40/479] MWCC build\RSBE01_01\src\mo_adv_stage\gr_adventure_final.o
[41/479] MWCC build\RSBE01_01\src\mo_enemy\sora_enemy\stop\em_stop_module_impl.o
[42/479] MWCC build\RSBE01_01\src\mo_enemy\sora_enemy\em_create.o
[43/479] MWCC build\RSBE01_01\src\mo_enemy\sora_enemy\em_extend_param_accesser.o
[44/479] MWCC build\RSBE01_01\src\mo_enemy\sora_enemy\resource\em_resource_module_impl.o
[45/479] MWCC build\RSBE01_01\src\mo_enemy\sora_enemy\em_target_search_unit.o
[46/479] MWCC build\RSBE01_01\src\mo_enemy\sora_enemy\boobas\em_boobas_param_accesser.o
[47/479] MWCC build\RSBE01_01\src\mo_enemy\sora_enemy\em_info.o
[48/479] MWCC build\RSBE01_01\src\mo_enemy\sora_enemy\wnem\wn_em_report.o
[49/479] MWCC build\RSBE01_01\src\mo_enemy\sora_enemy\siralamos\em_siralamos_param_accesser.o
[50/479] MWCC build\RSBE01_01\src\mo_enemy\sora_enemy\roada\em_roada_param_accesser.o
[51/479] MWCC build\RSBE01_01\src\mo_enemy\sora_enemy\killer\em_killer_param_accesser.o
[52/479] MWCC build\RSBE01_01\src\mo_enemy\sora_enemy\popperam\em_popperam_param_accesser.o
[53/479] MWCC build\RSBE01_01\src\mo_enemy\sora_enemy\pacci\em_pacci_param_accesser.o
[54/479] MWCC build\RSBE01_01\src\mo_enemy\sora_enemy\jyakeel\em_jyakeel_param_accesser.o
[55/479] MWCC build\RSBE01_01\src\mo_enemy\sora_enemy\aroaros\em_aroaros_param_accesser.o
[56/479] MWCC build\RSBE01_01\src\mo_enemy\sora_enemy\cymal\em_cymal_param_accesser.o
[57/479] MWCC build\RSBE01_01\src\mo_enemy\sora_enemy\deathpod\em_deathpod_param_accesser.o
[58/479] MWCC build\RSBE01_01\src\mo_enemy\sora_enemy\bucyulus\em_bucyulus_param_accesser.o
[59/479] MWCC build\RSBE01_01\src\mo_enemy\sora_enemy\dekakuribo\em_dekakuribo_param_accesser.o
[60/479] MWCC build\RSBE01_01\src\mo_enemy\sora_enemy\gyraan\em_gyraan_param_accesser.o
[61/479] MWCC build\RSBE01_01\src\mo_enemy\sora_enemy\botron\em_botron_param_accesser.o
[62/479] MWCC build\RSBE01_01\src\mo_enemy\sora_enemy\mite\em_mite_param_accesser.o
[63/479] MWCC build\RSBE01_01\src\mo_enemy\sora_enemy\prim\em_prim_param_accesser.o
[64/479] MWCC build\RSBE01_01\src\mo_enemy\sora_enemy\cataguard\em_cataguard_param_accesser.o
[65/479] MWCC build\RSBE01_01\src\mo_enemy\sora_enemy\kuribo\em_kuribo_param_accesser.o
[66/479] MWCC build\RSBE01_01\src\mo_enemy\sora_enemy\flows\em_flows_param_accesser.o
[67/479] MWCC build\RSBE01_01\src\mo_enemy\sora_enemy\tautau\em_tautau_param_accesser.o
[68/479] MWCC build\RSBE01_01\src\mo_enemy\sora_enemy\shelly\em_shelly_param_accesser.o
[69/479] MWCC build\RSBE01_01\src\mo_enemy\sora_enemy\teckin\em_teckin_param_accesser.o
[70/479] MWCC build\RSBE01_01\src\mo_enemy\sora_enemy\spar\em_spar_param_accesser.o
[71/479] MWCC build\RSBE01_01\src\mo_enemy\sora_enemy\hammerbros\em_hammerbros_param_accesser.o
[72/479] MWCC build\RSBE01_01\src\mo_enemy\sora_enemy\kokkon\em_kokkon_param_accesser.o
[73/479] MWCC build\RSBE01_01\src\mo_enemy\sora_enemy\bombhead\em_bombhead_param_accesser.o
[74/479] MWCC build\RSBE01_01\src\mo_enemy\sora_enemy\ngagog\em_ngagog_param_accesser.o
[75/479] MWCC build\RSBE01_01\src\mo_enemy\sora_enemy\faulong\em_faulong_param_accesser.o
[76/479] MWCC build\RSBE01_01\src\mo_enemy\sora_enemy\bitan\em_bitan_param_accesser.o
[77/479] MWCC build\RSBE01_01\src\mo_enemy\sora_enemy\patapata\em_patapata_param_accesser.o
[78/479] MWCC build\RSBE01_01\src\mo_enemy\sora_enemy\ghamgha\em_ghamgha_param_accesser.o
[79/479] MWCC build\RSBE01_01\src\mo_enemy\sora_enemy\jdus\em_jdus_param_accesser.o
[80/479] MWCC build\RSBE01_01\src\mo_enemy\sora_enemy\robobeam\em_robobeam_param_accesser.o
[81/479] MWCC build\RSBE01_01\src\mo_enemy\sora_enemy\robodistance\em_robodistance_param_accesser.o
[82/479] MWCC build\RSBE01_01\src\mo_enemy\sora_enemy\robohoming\em_robohoming_param_accesser.o
[83/479] MWCC build\RSBE01_01\src\mo_enemy\sora_enemy\robopunch\em_robopunch_param_accesser.o
[84/479] MWCC build\RSBE01_01\src\mo_enemy\sora_enemy\arman\wnem_proc_arman.o
[85/479] MWCC build\RSBE01_01\src\mo_enemy\sora_enemy\arman\em_arman_param_accesser.o
[86/479] MWCC build\RSBE01_01\src\mo_enemy\sora_enemy\galfire\em_galfire_param_accesser.o
[87/479] MWCC build\RSBE01_01\src\mo_enemy\mo_enemy.o
[88/479] MWCC build\RSBE01_01\src\mo_enemy\sora_enemy\bosspackun\em_bosspackun_param_accesser.o
[89/479] MWCC build\RSBE01_01\src\mo_enemy\sora_enemy\ghamghabase\em_ghamghabase_param_accesser.o
[90/479] MWCC build\RSBE01_01\src\mo_enemy\sora_enemy\galleom\em_galleom_param_accesser.o
[91/479] MWCC build\RSBE01_01\src\mo_stage\mo_stage.o
[92/479] MWCC build\RSBE01_01\src\mo_enemy\sora_enemy\ridley\em_ridley_param_accesser.o
[93/479] MWCC build\RSBE01_01\src\mo_enemy\sora_enemy\rayquaza\wnem_proc_rayquaza.o
[94/479] MWCC build\RSBE01_01\src\mo_enemy\sora_enemy\rayquaza\em_rayquaza_param_accesser.o
[95/479] MWCC build\RSBE01_01\src\mo_enemy\sora_enemy\duon\em_duon_param_accesser.o
[96/479] MWCC build\RSBE01_01\src\mo_enemy\sora_enemy\porky\em_porky_param_accesser.o
[97/479] MWCC build\RSBE01_01\src\mo_enemy\sora_enemy\metaridley\em_metaridley_param_accesser.o
[98/479] MWCC build\RSBE01_01\src\mo_enemy\sora_enemy\falconflyer\em_falconflyer_param_accesser.o
[99/479] MWCC build\RSBE01_01\src\mo_enemy\sora_enemy\taboo\wnem_proc_taboo.o
[100/479] MWCC build\RSBE01_01\src\mo_enemy\sora_enemy\taboo\em_taboo_param_accesser.o
[101/479] MWCC build\RSBE01_01\src\mo_enemy\sora_enemy\masterhand\em_masterhand_param_accesser.o
[102/479] MWCC build\RSBE01_01\src\mo_enemy\sora_enemy\crazyhand\em_crazyhand_param_accesser.o
[103/479] MWCC build\RSBE01_01\src\mo_stage\st_battles\gr_battles.o
[104/479] MWCC build\RSBE01_01\src\mo_stage\st_config\gr_config.o
[105/479] MWCC build\RSBE01_01\src\mo_stage\st_final\gr_final.o
[106/479] MWCC build\RSBE01_01\src\mo_stage\st_oldin\gr_oldin.o
[107/479] MWCC build\RSBE01_01\src\mo_stage\st_crayon\gr_crayon_yakumono.o
[108/479] MWCC build\RSBE01_01\src\mo_stage\st_battles\st_battles.o
[109/479] MWCC build\RSBE01_01\src\mo_stage\st_tengan\gr_tengan.o
[110/479] MWCC build\RSBE01_01\src\mo_stage\st_starfox\st_starfox.o
[111/479] MWCC build\RSBE01_01\src\mo_stage\st_config\st_config.o
[112/479] MWCC build\RSBE01_01\src\mo_stage\st_tengan\gr_tengan_bg.o
[113/479] MWCC build\RSBE01_01\src\mo_stage\st_tengan\gr_tengan_ashiba.o
[114/479] MWCC build\RSBE01_01\src\mo_fighter\mo_fighter.o
[115/479] MWCC build\RSBE01_01\src\sora\sr\sr_getappname.o
[116/479] MWCC build\RSBE01_01\src\mo_stage\st_newpork\gr_newpork.o
[117/479] MWCC build\RSBE01_01\src\mo_stage\st_final\st_final.o
[118/479] MWCC build\RSBE01_01\src\sora\sr\sr_revision.o
[119/479] MWCC build\RSBE01_01\src\mo_stage\st_dxshrine\gr_dxshrine.o
[120/479] MWCC build\RSBE01_01\src\sora\main.o
[121/479] MWCC build\RSBE01_01\src\sora\gf\gf_3d_scene_event.o
[122/479] MWCC build\RSBE01_01\src\mo_stage\st_crayon\st_crayon.o
[123/479] MWCC build\RSBE01_01\src\sora\sr\sr_common.o
[124/479] MWCC build\RSBE01_01\src\mo_stage\st_greenhill\st_greenhill.o
[125/479] MWCC build\RSBE01_01\src\sora\gf\gf_archive_load_thread.o
[126/479] MWCC build\RSBE01_01\src\sora\gf\gf_decomp.o
[127/479] MWCC build\RSBE01_01\src\sora\gf\gf_callback.o
[128/479] MWCC build\RSBE01_01\src\mo_stage\st_dxyorster\st_dxyorster.o
[129/479] MWCC build\RSBE01_01\src\sora\gf\gf_camera_controller.o
[130/479] MWCC build\RSBE01_01\src\sora\gf\gf_archive_file.o
[131/479] MWCC build\RSBE01_01\src\sora\gf\gf_archive_db.o
[132/479] MWCC build\RSBE01_01\src\sora\gf\gf_3d_scene_light_resource.o
[133/479] MWCC build\RSBE01_01\src\sora\gf\gf_archive_manager.o
[134/479] MWCC build\RSBE01_01\src\sora\gf\gf_gameframe_counter.o
[135/479] MWCC build\RSBE01_01\src\sora\gf\gf_file_io_handle.o
[136/479] MWCC build\RSBE01_01\src\mo_stage\st_dxshrine\st_dxshrine.o
[137/479] MWCC build\RSBE01_01\src\mo_stage\st_dxbigblue\gr_dxbigblue.o
[138/479] MWCC build\RSBE01_01\src\sora\gf\gf_pad_queue.o
[139/479] MWCC build\RSBE01_01\src\sora\gf\gf_pad_thread.o
[140/479] MWCC build\RSBE01_01\src\sora\gf\gf_memory_util.o
[141/479] MWCC build\RSBE01_01\src\sora\gf\gf_file_io_request.o
[142/479] MWCC build\RSBE01_01\src\sora\gf\gf_task.o
[143/479] MWCC build\RSBE01_01\src\mo_stage\st_dxcorneria\gr_dxcorneria.o
[144/479] MWCC build\RSBE01_01\src\sora\gf\gf_system_callback.o
[145/479] MWCC build\RSBE01_01\src\sora\gf\gf_thread.o
[146/479] MWCC build\RSBE01_01\src\sora\gf\gf_monitor.o
[147/479] MWCC build\RSBE01_01\src\sora\gf\gf_keep_fb.o
[148/479] MWCC build\RSBE01_01\src\mo_stage\st_tbreak\gr_tbreak.o
[149/479] MWCC build\RSBE01_01\src\sora\mt\mt_prng.o
[150/479] MWCC build\RSBE01_01\src\sora\gf\gf_slow_manager.o
[151/479] MWCC build\RSBE01_01\src\mo_stage\st_dxgarden\st_dxgarden.o
[152/479] MWCC build\RSBE01_01\src\sora\ut\ut_list.o
[153/479] MWCC build\RSBE01_01\src\sora\gf\gf_capture_util.o
[154/479] MWCC build\RSBE01_01\src\sora\st\module.o
[155/479] MWCC build\RSBE01_01\src\mo_stage\st_otrain\st_onlinetrainning.o
[156/479] MWCC build\RSBE01_01\src\sora\ef\ef_screen_handle.o
[157/479] MWCC build\RSBE01_01\src\sora\gf\gf_resource_loader.o
[158/479] MWCC build\RSBE01_01\src\sora\ip\ip_human.o
[159/479] MWCC build\RSBE01_01\src\sora\mv\mv_THPAudioDecode.o
[160/479] MWCC build\RSBE01_01\src\sora\mt\mt_prng_log.o
[161/479] MWCC build\RSBE01_01\src\sora\cm\cm_controller_default.o
[162/479] MWCC build\RSBE01_01\src\sora\if\if_wifipr_task.o
[163/479] MWCC build\RSBE01_01\src\sora\cm\cm_controller_melee_fixed.o
[164/479] MWCC build\RSBE01_01\src\sora\ut\ut_nw.o
[165/479] MWCC build\RSBE01_01\src\sora\gf\gf_error_check.o
[166/479] MWCC build\RSBE01_01\src\sora\gf\gf_error_manager.o
[167/479] MWCC build\RSBE01_01\src\sora\mv\mv_THPRead.o
[168/479] MWCC build\RSBE01_01\src\sora\cm\cm_controller_menu_fixed.o
[169/479] MWCC build\RSBE01_01\src\sora\if\if_adv_task.o
[170/479] MWCC build\RSBE01_01\src\sora\gr\collision\gr_collision_shape.o
[171/479] MWCC build\RSBE01_01\src\sora\gr\collision\gr_collision_data.o
[172/479] MWCC build\RSBE01_01\src\sora\gr\collision\gr_collision_shape_rhombus.o
[173/479] MWCC build\RSBE01_01\src\sora\gr\gr_path.o
[174/479] MWCC build\RSBE01_01\src\sora\gr\collision\gr_collision_shape_circle.o
[175/479] MWCC build\RSBE01_01\src\sora\ft\ft_system.o
[176/479] MWCC build\RSBE01_01\src\sora\nt\nt_offline.o
[177/479] MWCC build\RSBE01_01\src\sora\nt\d_net_connect.o
[178/479] MWCC build\RSBE01_01\src\sora\cm\cm_stage_param.o
[179/479] MWCC build\RSBE01_01\src\sora\ad\ad_static_data.o
[180/479] MWCC build\RSBE01_01\src\sora\gf\gf_shutdown_manager.o
[181/479] MWCC build\RSBE01_01\src\mo_stage\st_heal\st_heal.o
[182/479] MWCC build\RSBE01_01\src\sora\nt\nt_etc_so.o
[183/479] MWCC build\RSBE01_01\src\sora\gr\collision\gr_collision_handle.o
[184/479] LINK build\RSBE01_01\sora_menu_main\sora_menu_main.preplf
[185/479] MWCC build\RSBE01_01\src\sora\ec\ec_trace_mgr.o
[186/479] MWCC build\RSBE01_01\src\sora\ac\ac_anim_cmd_impl.o
[187/479] LINK build\RSBE01_01\sora_menu_qm\sora_menu_qm.preplf
[188/479] MWCC build\RSBE01_01\src\sora\ac\ac_null.o
[189/479] LINK build\RSBE01_01\sora_menu_collect_viewer\sora_menu_collect_viewer.preplf
[190/479] LINK build\RSBE01_01\sora_menu_edit\sora_menu_edit.preplf
[191/479] LINK build\RSBE01_01\sora_scene\sora_scene.preplf
[192/479] LINK build\RSBE01_01\sora_menu_snap_shot\sora_menu_snap_shot.preplf
[193/479] MWCC build\RSBE01_01\src\sora\if\if_stgedit.o
[194/479] LINK build\RSBE01_01\sora_menu_replay\sora_menu_replay.preplf
[195/479] LINK build\RSBE01_01\sora_menu_tour\sora_menu_tour.preplf
[196/479] LINK build\RSBE01_01\sora_menu_sel_char\sora_menu_sel_char.preplf
[197/479] MWCC build\RSBE01_01\src\sora\st\st_data_container.o
[198/479] LINK build\RSBE01_01\sora_menu_sel_stage\sora_menu_sel_stage.preplf
[199/479] MWCC build\RSBE01_01\src\sora\nt\nt_etc_dwc.o
[200/479] LINK build\RSBE01_01\sora_menu_game_over\sora_menu_game_over.preplf
[201/479] LINK build\RSBE01_01\sora_menu_event\sora_menu_event.preplf
[202/479] MWCC build\RSBE01_01\src\sora\st\st_data_container_magic.o
[203/479] LINK build\RSBE01_01\sora_menu_simple_ending\sora_menu_simple_ending.preplf
[204/479] MWCC build\RSBE01_01\src\sora\st\st_data_container_multi.o
[205/479] LINK build\RSBE01_01\sora_minigame\sora_minigame.preplf
[206/479] LINK build\RSBE01_01\sora_menu_time_result\sora_menu_time_result.preplf
[207/479] LINK build\RSBE01_01\sora_menu_intro\sora_menu_intro.preplf
[208/479] LINK build\RSBE01_01\sora_menu_boot\sora_menu_boot.preplf
[209/479] LINK build\RSBE01_01\sora_menu_challenger\sora_menu_challenger.preplf
[210/479] MWCC build\RSBE01_01\src\sora\snd\snd_init_thread.o
[211/479] LINK build\RSBE01_01\sora_menu_watch\sora_menu_watch.preplf
[212/479] LINK build\RSBE01_01\sora_menu_title\sora_menu_title.preplf
[213/479] LINK build\RSBE01_01\sora_menu_friend_list\sora_menu_friend_list.preplf
[214/479] LINK build\RSBE01_01\sora_menu_title_sunset\sora_menu_title_sunset.preplf
[215/479] LINK build\RSBE01_01\sora_menu_fig_get_demo\sora_menu_fig_get_demo.preplf
[216/479] LINK build\RSBE01_01\sora_menu_name\sora_menu_name.preplf
[217/479] LINK build\RSBE01_01\sora_menu_sel_char_access\sora_menu_sel_char_access.preplf
[218/479] LINK build\RSBE01_01\sora_adv_menu_name\sora_adv_menu_name.preplf
[219/479] LINK build\RSBE01_01\sora_menu_rule\sora_menu_rule.preplf
[220/479] LINK build\RSBE01_01\sora_adv_menu_visual\sora_adv_menu_visual.preplf
[221/479] LINK build\RSBE01_01\sora_adv_menu_sel_char\sora_adv_menu_sel_char.preplf
[222/479] LINK build\RSBE01_01\sora_adv_menu_sel_map\sora_adv_menu_sel_map.preplf
[223/479] LINK build\RSBE01_01\sora_adv_menu_difficulty\sora_adv_menu_difficulty.preplf
[224/479] LINK build\RSBE01_01\sora_adv_menu_game_over\sora_adv_menu_game_over.preplf
[225/479] LINK build\RSBE01_01\sora_adv_menu_result\sora_adv_menu_result.preplf
[226/479] LINK build\RSBE01_01\sora_adv_menu_save_load\sora_adv_menu_save_load.preplf
[227/479] LINK build\RSBE01_01\sora_adv_menu_seal\sora_adv_menu_seal.preplf
[228/479] LINK build\RSBE01_01\sora_adv_menu_ending\sora_adv_menu_ending.preplf
[229/479] LINK build\RSBE01_01\sora_adv_menu_telop\sora_adv_menu_telop.preplf
[230/479] LINK build\RSBE01_01\sora_adv_menu_save_point\sora_adv_menu_save_point.preplf
[231/479] LINK build\RSBE01_01\st_battles\st_battles.preplf
[232/479] LINK build\RSBE01_01\st_battle\st_battle.preplf
[233/479] LINK build\RSBE01_01\st_final\st_final.preplf
[234/479] LINK build\RSBE01_01\st_mansion\st_mansion.preplf
[235/479] LINK build\RSBE01_01\st_kart\st_kart.preplf
[236/479] LINK build\RSBE01_01\st_dolpic\st_dolpic.preplf
[237/479] LINK build\RSBE01_01\st_config\st_config.preplf
[238/479] LINK build\RSBE01_01\st_jungle\st_jungle.preplf
[239/479] LINK build\RSBE01_01\st_donkey\st_donkey.preplf
[240/479] LINK build\RSBE01_01\st_oldin\st_oldin.preplf
[241/479] LINK build\RSBE01_01\st_pirates\st_pirates.preplf
[242/479] LINK build\RSBE01_01\st_norfair\st_norfair.preplf
[243/479] LINK build\RSBE01_01\st_orpheon\st_orpheon.preplf
[244/479] LINK build\RSBE01_01\sora_adv_stage\sora_adv_stage.preplf
[245/479] LINK build\RSBE01_01\st_crayon\st_crayon.preplf
[246/479] LINK build\RSBE01_01\st_mariopast\st_mariopast.preplf
[247/479] LINK build\RSBE01_01\st_starfox\st_starfox.preplf
[248/479] LINK build\RSBE01_01\st_tengan\st_tengan.preplf
[249/479] LINK build\RSBE01_01\st_halberd\st_halberd.preplf
[250/479] LINK build\RSBE01_01\st_ice\st_ice.preplf
[251/479] LINK build\RSBE01_01\st_fzero\st_fzero.preplf
[252/479] LINK build\RSBE01_01\st_emblem\st_emblem.preplf
[253/479] LINK build\RSBE01_01\st_gw\st_gw.preplf
[254/479] LINK build\RSBE01_01\st_stadium\st_stadium.preplf
[255/479] LINK build\RSBE01_01\st_madein\st_madein.preplf
[256/479] LINK build\RSBE01_01\st_earth\st_earth.preplf
[257/479] LINK build\RSBE01_01\st_palutena\st_palutena.preplf
[258/479] LINK build\RSBE01_01\st_famicom\st_famicom.preplf
[259/479] LINK build\RSBE01_01\st_village\st_village.preplf
[260/479] LINK build\RSBE01_01\st_newpork\st_newpork.preplf
[261/479] LINK build\RSBE01_01\st_pictchat\st_pictchat.preplf
[262/479] LINK build\RSBE01_01\st_metalgear\st_metalgear.preplf
[263/479] LINK build\RSBE01_01\st_greenhill\st_greenhill.preplf
[264/479] LINK build\RSBE01_01\st_plankton\st_plankton.preplf
[265/479] LINK build\RSBE01_01\st_dxshrine\st_dxshrine.preplf
[266/479] LINK build\RSBE01_01\st_dxgarden\st_dxgarden.preplf
[267/479] LINK build\RSBE01_01\st_dxonett\st_dxonett.preplf
[268/479] LINK build\RSBE01_01\st_dxgreens\st_dxgreens.preplf
[269/479] LINK build\RSBE01_01\st_dxrcruise\st_dxrcruise.preplf
[270/479] LINK build\RSBE01_01\st_dxyorster\st_dxyorster.preplf
[271/479] LINK build\RSBE01_01\st_dxzebes\st_dxzebes.preplf
[272/479] LINK build\RSBE01_01\st_dxbigblue\st_dxbigblue.preplf
[273/479] LINK build\RSBE01_01\st_dxcorneria\st_dxcorneria.preplf
[274/479] LINK build\RSBE01_01\st_heal\st_heal.preplf
[275/479] LINK build\RSBE01_01\sora_enemy\sora_enemy.preplf
[276/479] LINK build\RSBE01_01\st_dxpstadium\st_dxpstadium.preplf
[277/479] LINK build\RSBE01_01\st_homerun\st_homerun.preplf
[278/479] LINK build\RSBE01_01\st_otrain\st_otrain.preplf
[279/479] LINK build\RSBE01_01\st_tbreak\st_tbreak.preplf
[280/479] LINK build\RSBE01_01\st_stageedit\st_stageedit.preplf
[281/479] LINK build\RSBE01_01\st_croll\st_croll.preplf
[282/479] LINK build\RSBE01_01\ft_link\ft_link.preplf
[283/479] LINK build\RSBE01_01\ft_donkey\ft_donkey.preplf
[284/479] LINK build\RSBE01_01\ft_mario\ft_mario.preplf
[285/479] LINK build\RSBE01_01\ft_fox\ft_fox.preplf
[286/479] LINK build\RSBE01_01\ft_samus\ft_samus.preplf
[287/479] LINK build\RSBE01_01\ft_luigi\ft_luigi.preplf
[288/479] LINK build\RSBE01_01\ft_pikachu\ft_pikachu.preplf
[289/479] LINK build\RSBE01_01\ft_captain\ft_captain.preplf
[290/479] LINK build\RSBE01_01\ft_yoshi\ft_yoshi.preplf
[291/479] LINK build\RSBE01_01\ft_koopa\ft_koopa.preplf
[292/479] LINK build\RSBE01_01\ft_peach\ft_peach.preplf
[293/479] LINK build\RSBE01_01\ft_kirby\ft_kirby.preplf
[294/479] LINK build\RSBE01_01\ft_marth\ft_marth.preplf
[295/479] LINK build\RSBE01_01\ft_ness\ft_ness.preplf
[296/479] LINK build\RSBE01_01\ft_falco\ft_falco.preplf
[297/479] LINK build\RSBE01_01\ft_gamewatch\ft_gamewatch.preplf
[298/479] LINK build\RSBE01_01\ft_zelda\ft_zelda.preplf
[299/479] LINK build\RSBE01_01\ft_iceclimber\ft_iceclimber.preplf
[300/479] LINK build\RSBE01_01\ft_ganon\ft_ganon.preplf
[301/479] LINK build\RSBE01_01\ft_metaknight\ft_metaknight.preplf
[302/479] LINK build\RSBE01_01\ft_pit\ft_pit.preplf
[303/479] LINK build\RSBE01_01\ft_poke\ft_poke.preplf
[304/479] LINK build\RSBE01_01\ft_ike\ft_ike.preplf
[305/479] LINK build\RSBE01_01\ft_pikmin\ft_pikmin.preplf
[306/479] LINK build\RSBE01_01\ft_robot\ft_robot.preplf
[307/479] LINK build\RSBE01_01\ft_toonlink\ft_toonlink.preplf
[308/479] LINK build\RSBE01_01\ft_diddy\ft_diddy.preplf
[309/479] LINK build\RSBE01_01\ft_wolf\ft_wolf.preplf
[310/479] LINK build\RSBE01_01\ft_snake\ft_snake.preplf
[311/479] LINK build\RSBE01_01\ft_lucas\ft_lucas.preplf
[312/479] LINK build\RSBE01_01\ft_zako\ft_zako.preplf
[313/479] LINK build\RSBE01_01\ft_dedede\ft_dedede.preplf
[314/479] LINK build\RSBE01_01\ft_lucario\ft_lucario.preplf
[315/479] LINK build\RSBE01_01\ft_wario\ft_wario.preplf
[316/479] LINK build\RSBE01_01\sora_menu_qm\sora_menu_qm.plf
[317/479] LINK build\RSBE01_01\sora_menu_collect_viewer\sora_menu_collect_viewer.plf
[318/479] LINK build\RSBE01_01\ft_purin\ft_purin.preplf
[319/479] LINK build\RSBE01_01\ft_sonic\ft_sonic.preplf
[320/479] LINK build\RSBE01_01\sora_menu_tour\sora_menu_tour.plf
[321/479] LINK build\RSBE01_01\sora_menu_replay\sora_menu_replay.plf
[322/479] LINK build\RSBE01_01\sora_menu_edit\sora_menu_edit.plf
[323/479] LINK build\RSBE01_01\sora_menu_main\sora_menu_main.plf
[324/479] LINK build\RSBE01_01\sora_scene\sora_scene.plf
### build\compilers\GC\3.0a5.2\mwldeppc.exe Linker Warning:
#   FORCEACTIVE symbol 'lbl_1_rodata_18' is either not a global symbol or 
#   doesn't exist.  Ignored.
### build\compilers\GC\3.0a5.2\mwldeppc.exe Linker Warning:
#   FORCEACTIVE symbol 'lbl_1_rodata_8C0' is either not a global symbol or 
#   doesn't exist.  Ignored.
### build\compilers\GC\3.0a5.2\mwldeppc.exe Linker Warning:
#   FORCEACTIVE symbol 'lbl_1_data_18D8' is either not a global symbol or 
#   doesn't exist.  Ignored.
### build\compilers\GC\3.0a5.2\mwldeppc.exe Linker Warning:
#   FORCEACTIVE symbol 'lbl_1_data_1900' is either not a global symbol or 
#   doesn't exist.  Ignored.
### build\compilers\GC\3.0a5.2\mwldeppc.exe Linker Warning:
#   FORCEACTIVE symbol 'lbl_1_data_190C' is either not a global symbol or 
#   doesn't exist.  Ignored.
### build\compilers\GC\3.0a5.2\mwldeppc.exe Linker Warning:
#   FORCEACTIVE symbol 'lbl_1_data_5DA0' is either not a global symbol or 
#   doesn't exist.  Ignored.
### build\compilers\GC\3.0a5.2\mwldeppc.exe Linker Warning:
#   FORCEACTIVE symbol 'lbl_1_data_5DAC' is either not a global symbol or 
#   doesn't exist.  Ignored.
### build\compilers\GC\3.0a5.2\mwldeppc.exe Linker Warning:
#   FORCEACTIVE symbol 'lbl_1_data_5DD4' is either not a global symbol or 
#   doesn't exist.  Ignored.
### build\compilers\GC\3.0a5.2\mwldeppc.exe Linker Warning:
#   FORCEACTIVE symbol 'lbl_1_data_5DE0' is either not a global symbol or 
#   doesn't exist.  Ignored.
### build\compilers\GC\3.0a5.2\mwldeppc.exe Linker Warning:
#   FORCEACTIVE symbol 'lbl_1_data_5E1C' is either not a global symbol or 
#   doesn't exist.  Ignored.
### build\compilers\GC\3.0a5.2\mwldeppc.exe Linker Warning:
#   FORCEACTIVE symbol 'lbl_1_data_5E28' is either not a global symbol or 
#   doesn't exist.  Ignored.
### build\compilers\GC\3.0a5.2\mwldeppc.exe Linker Warning:
#   FORCEACTIVE symbol 'lbl_1_data_5E48' is either not a global symbol or 
#   doesn't exist.  Ignored.
### build\compilers\GC\3.0a5.2\mwldeppc.exe Linker Warning:
#   FORCEACTIVE symbol 'lbl_1_data_5E54' is either not a global symbol or 
#   doesn't exist.  Ignored.
### build\compilers\GC\3.0a5.2\mwldeppc.exe Linker Warning:
#   FORCEACTIVE symbol 'lbl_1_data_5E74' is either not a global symbol or 
#   doesn't exist.  Ignored.
### build\compilers\GC\3.0a5.2\mwldeppc.exe Linker Warning:
#   FORCEACTIVE symbol 'lbl_1_data_5E80' is either not a global symbol or 
#   doesn't exist.  Ignored.
### build\compilers\GC\3.0a5.2\mwldeppc.exe Linker Warning:
#   FORCEACTIVE symbol 'lbl_1_data_5E88' is either not a global symbol or 
#   doesn't exist.  Ignored.
### build\compilers\GC\3.0a5.2\mwldeppc.exe Linker Warning:
#   FORCEACTIVE symbol 'lbl_1_data_5E90' is either not a global symbol or 
#   doesn't exist.  Ignored.
### build\compilers\GC\3.0a5.2\mwldeppc.exe Linker Warning:
#   FORCEACTIVE symbol 'lbl_1_data_5E98' is either not a global symbol or 
#   doesn't exist.  Ignored.
### build\compilers\GC\3.0a5.2\mwldeppc.exe Linker Warning:
#   FORCEACTIVE symbol 'lbl_1_data_5F08' is either not a global symbol or 
#   doesn't exist.  Ignored.
### build\compilers\GC\3.0a5.2\mwldeppc.exe Linker Warning:
#   FORCEACTIVE symbol 'lbl_1_data_5F14' is either not a global symbol or 
#   doesn't exist.  Ignored.
### build\compilers\GC\3.0a5.2\mwldeppc.exe Linker Warning:
#   FORCEACTIVE symbol 'lbl_1_data_6488' is either not a global symbol or 
#   doesn't exist.  Ignored.
### build\compilers\GC\3.0a5.2\mwldeppc.exe Linker Warning:
#   FORCEACTIVE symbol 'lbl_1_data_6494' is either not a global symbol or 
#   doesn't exist.  Ignored.
### build\compilers\GC\3.0a5.2\mwldeppc.exe Linker Warning:
#   FORCEACTIVE symbol 'lbl_1_data_64C8' is either not a global symbol or 
#   doesn't exist.  Ignored.
### build\compilers\GC\3.0a5.2\mwldeppc.exe Linker Warning:
#   FORCEACTIVE symbol 'lbl_1_data_64D4' is either not a global symbol or 
#   doesn't exist.  Ignored.
[325/479] LINK build\RSBE01_01\sora_menu_snap_shot\sora_menu_snap_shot.plf
[326/479] LINK build\RSBE01_01\sora_menu_event\sora_menu_event.plf
[327/479] LINK build\RSBE01_01\sora_menu_intro\sora_menu_intro.plf
[328/479] LINK build\RSBE01_01\sora_menu_sel_char\sora_menu_sel_char.plf
[329/479] LINK build\RSBE01_01\sora_menu_friend_list\sora_menu_friend_list.plf
[330/479] LINK build\RSBE01_01\sora_menu_game_over\sora_menu_game_over.plf
[331/479] LINK build\RSBE01_01\sora_menu_sel_stage\sora_menu_sel_stage.plf
[332/479] LINK build\RSBE01_01\sora_menu_time_result\sora_menu_time_result.plf
[333/479] LINK build\RSBE01_01\sora_menu_boot\sora_menu_boot.plf
[334/479] LINK build\RSBE01_01\sora_menu_challenger\sora_menu_challenger.plf
[335/479] LINK build\RSBE01_01\sora_menu_rule\sora_menu_rule.plf
[336/479] LINK build\RSBE01_01\sora_menu_fig_get_demo\sora_menu_fig_get_demo.plf
[337/479] LINK build\RSBE01_01\sora_menu_name\sora_menu_name.plf
[338/479] LINK build\RSBE01_01\sora_minigame\sora_minigame.plf
[339/479] LINK build\RSBE01_01\sora_adv_menu_visual\sora_adv_menu_visual.plf
[340/479] LINK build\RSBE01_01\sora_menu_watch\sora_menu_watch.plf
[341/479] LINK build\RSBE01_01\sora_menu_simple_ending\sora_menu_simple_ending.plf
[342/479] LINK build\RSBE01_01\sora_adv_menu_sel_map\sora_adv_menu_sel_map.plf
[343/479] LINK build\RSBE01_01\sora_menu_title_sunset\sora_menu_title_sunset.plf
[344/479] LINK build\RSBE01_01\sora_menu_title\sora_menu_title.plf
[345/479] LINK build\RSBE01_01\sora_menu_sel_char_access\sora_menu_sel_char_access.plf
### build\compilers\GC\3.0a5.2\mwldeppc.exe Linker Warning:
#   FORCEACTIVE symbol 'lbl_17_section4_0' is either not a global symbol or 
#   doesn't exist.  Ignored.
[346/479] LINK build\RSBE01_01\sora_adv_menu_name\sora_adv_menu_name.plf
[347/479] LINK build\RSBE01_01\sora_adv_menu_difficulty\sora_adv_menu_difficulty.plf
[348/479] LINK build\RSBE01_01\sora_adv_menu_sel_char\sora_adv_menu_sel_char.plf
[349/479] LINK build\RSBE01_01\sora_adv_menu_seal\sora_adv_menu_seal.plf
[350/479] LINK build\RSBE01_01\sora_adv_menu_game_over\sora_adv_menu_game_over.plf
[351/479] LINK build\RSBE01_01\sora_adv_menu_result\sora_adv_menu_result.plf
[352/479] LINK build\RSBE01_01\sora_adv_menu_save_load\sora_adv_menu_save_load.plf
[353/479] LINK build\RSBE01_01\sora_adv_menu_save_point\sora_adv_menu_save_point.plf
[354/479] LINK build\RSBE01_01\sora_adv_menu_ending\sora_adv_menu_ending.plf
[355/479] LINK build\RSBE01_01\sora_adv_menu_telop\sora_adv_menu_telop.plf
### build\compilers\GC\3.0a5.2\mwldeppc.exe Linker Warning:
#   FORCEACTIVE symbol 'lbl_38_rodata_0' is either not a global symbol or 
#   doesn't exist.  Ignored.
### build\compilers\GC\3.0a5.2\mwldeppc.exe Linker Warning:
#   FORCEACTIVE symbol 'lbl_38_data_0' is either not a global symbol or 
#   doesn't exist.  Ignored.
### build\compilers\GC\3.0a5.2\mwldeppc.exe Linker Warning:
#   FORCEACTIVE symbol 'lbl_38_data_8' is either not a global symbol or 
#   doesn't exist.  Ignored.
### build\compilers\GC\3.0a5.2\mwldeppc.exe Linker Warning:
#   FORCEACTIVE symbol 'lbl_38_data_78' is either not a global symbol or 
#   doesn't exist.  Ignored.
### build\compilers\GC\3.0a5.2\mwldeppc.exe Linker Warning:
#   FORCEACTIVE symbol 'lbl_38_data_88' is either not a global symbol or 
#   doesn't exist.  Ignored.
### build\compilers\GC\3.0a5.2\mwldeppc.exe Linker Warning:
#   FORCEACTIVE symbol 'lbl_38_data_A0' is either not a global symbol or 
#   doesn't exist.  Ignored.
[356/479] LINK build\RSBE01_01\st_config\st_config.plf
### build\compilers\GC\3.0a5.2\mwldeppc.exe Linker Warning:
#   FORCEACTIVE symbol '__sinit_\st_config_cpp' is either not a global symbol 
#   or doesn't exist.  Ignored.
### build\compilers\GC\3.0a5.2\mwldeppc.exe Linker Warning:
#   FORCEACTIVE symbol 'lbl_44_rodata_0' is either not a global symbol or 
#   doesn't exist.  Ignored.
### build\compilers\GC\3.0a5.2\mwldeppc.exe Linker Warning:
#   FORCEACTIVE symbol 'lbl_44_rodata_4' is either not a global symbol or 
#   doesn't exist.  Ignored.
### build\compilers\GC\3.0a5.2\mwldeppc.exe Linker Warning:
#   FORCEACTIVE symbol 'lbl_44_data_0' is either not a global symbol or 
#   doesn't exist.  Ignored.
### build\compilers\GC\3.0a5.2\mwldeppc.exe Linker Warning:
#   FORCEACTIVE symbol 'lbl_44_data_C' is either not a global symbol or 
#   doesn't exist.  Ignored.
### build\compilers\GC\3.0a5.2\mwldeppc.exe Linker Warning:
#   FORCEACTIVE symbol 'lbl_44_data_10' is either not a global symbol or 
#   doesn't exist.  Ignored.
### build\compilers\GC\3.0a5.2\mwldeppc.exe Linker Warning:
#   FORCEACTIVE symbol 'lbl_44_data_23C' is either not a global symbol or 
#   doesn't exist.  Ignored.
### build\compilers\GC\3.0a5.2\mwldeppc.exe Linker Warning:
#   FORCEACTIVE symbol 'lbl_44_data_248' is either not a global symbol or 
#   doesn't exist.  Ignored.
### build\compilers\GC\3.0a5.2\mwldeppc.exe Linker Warning:
#   FORCEACTIVE symbol 'lbl_44_data_278' is either not a global symbol or 
#   doesn't exist.  Ignored.
### build\compilers\GC\3.0a5.2\mwldeppc.exe Linker Warning:
#   FORCEACTIVE symbol 'lbl_44_data_280' is either not a global symbol or 
#   doesn't exist.  Ignored.
### build\compilers\GC\3.0a5.2\mwldeppc.exe Linker Warning:
#   FORCEACTIVE symbol 'lbl_44_data_2A0' is either not a global symbol or 
#   doesn't exist.  Ignored.
### build\compilers\GC\3.0a5.2\mwldeppc.exe Linker Warning:
#   FORCEACTIVE symbol 'lbl_44_data_2A8' is either not a global symbol or 
#   doesn't exist.  Ignored.
### build\compilers\GC\3.0a5.2\mwldeppc.exe Linker Warning:
#   FORCEACTIVE symbol 'lbl_44_data_2B8' is either not a global symbol or 
#   doesn't exist.  Ignored.
### build\compilers\GC\3.0a5.2\mwldeppc.exe Linker Warning:
#   FORCEACTIVE symbol 'lbl_44_data_2D0' is either not a global symbol or 
#   doesn't exist.  Ignored.
### build\compilers\GC\3.0a5.2\mwldeppc.exe Linker Warning:
#   FORCEACTIVE symbol 'lbl_44_data_2D8' is either not a global symbol or 
#   doesn't exist.  Ignored.
### build\compilers\GC\3.0a5.2\mwldeppc.exe Linker Warning:
#   FORCEACTIVE symbol 'lbl_44_data_2E0' is either not a global symbol or 
#   doesn't exist.  Ignored.
### build\compilers\GC\3.0a5.2\mwldeppc.exe Linker Warning:
#   FORCEACTIVE symbol 'lbl_44_data_2F0' is either not a global symbol or 
#   doesn't exist.  Ignored.
### build\compilers\GC\3.0a5.2\mwldeppc.exe Linker Warning:
#   FORCEACTIVE symbol 'lbl_44_data_2F8' is either not a global symbol or 
#   doesn't exist.  Ignored.
### build\compilers\GC\3.0a5.2\mwldeppc.exe Linker Warning:
#   FORCEACTIVE symbol 'lbl_44_data_308' is either not a global symbol or 
#   doesn't exist.  Ignored.
### build\compilers\GC\3.0a5.2\mwldeppc.exe Linker Warning:
#   FORCEACTIVE symbol 'lbl_44_data_31C' is either not a global symbol or 
#   doesn't exist.  Ignored.
### build\compilers\GC\3.0a5.2\mwldeppc.exe Linker Warning:
#   FORCEACTIVE symbol 'lbl_44_data_33C' is either not a global symbol or 
#   doesn't exist.  Ignored.
### build\compilers\GC\3.0a5.2\mwldeppc.exe Linker Warning:
#   FORCEACTIVE symbol 'lbl_44_data_348' is either not a global symbol or 
#   doesn't exist.  Ignored.
### build\compilers\GC\3.0a5.2\mwldeppc.exe Linker Warning:
#   FORCEACTIVE symbol 'lbl_44_data_350' is either not a global symbol or 
#   doesn't exist.  Ignored.
### build\compilers\GC\3.0a5.2\mwldeppc.exe Linker Warning:
#   FORCEACTIVE symbol 'lbl_44_data_360' is either not a global symbol or 
#   doesn't exist.  Ignored.
### build\compilers\GC\3.0a5.2\mwldeppc.exe Linker Warning:
#   FORCEACTIVE symbol 'lbl_44_data_368' is either not a global symbol or 
#   doesn't exist.  Ignored.
### build\compilers\GC\3.0a5.2\mwldeppc.exe Linker Warning:
#   FORCEACTIVE symbol 'lbl_44_data_530' is either not a global symbol or 
#   doesn't exist.  Ignored.
### build\compilers\GC\3.0a5.2\mwldeppc.exe Linker Warning:
#   FORCEACTIVE symbol 'lbl_44_data_53C' is either not a global symbol or 
#   doesn't exist.  Ignored.
### build\compilers\GC\3.0a5.2\mwldeppc.exe Linker Warning:
#   FORCEACTIVE symbol 'lbl_44_data_560' is either not a global symbol or 
#   doesn't exist.  Ignored.
### build\compilers\GC\3.0a5.2\mwldeppc.exe Linker Warning:
#   FORCEACTIVE symbol 'lbl_44_data_568' is either not a global symbol or 
#   doesn't exist.  Ignored.
### build\compilers\GC\3.0a5.2\mwldeppc.exe Linker Warning:
#   FORCEACTIVE symbol 'lbl_44_data_574' is either not a global symbol or 
#   doesn't exist.  Ignored.
### build\compilers\GC\3.0a5.2\mwldeppc.exe Linker Warning:
#   FORCEACTIVE symbol 'lbl_44_data_590' is either not a global symbol or 
#   doesn't exist.  Ignored.
### build\compilers\GC\3.0a5.2\mwldeppc.exe Linker Warning:
#   FORCEACTIVE symbol 'lbl_44_data_598' is either not a global symbol or 
#   doesn't exist.  Ignored.
### build\compilers\GC\3.0a5.2\mwldeppc.exe Linker Warning:
#   FORCEACTIVE symbol 'lbl_44_data_5A4' is either not a global symbol or 
#   doesn't exist.  Ignored.
### build\compilers\GC\3.0a5.2\mwldeppc.exe Linker Warning:
#   FORCEACTIVE symbol 'lbl_44_data_5B8' is either not a global symbol or 
#   doesn't exist.  Ignored.
### build\compilers\GC\3.0a5.2\mwldeppc.exe Linker Warning:
#   FORCEACTIVE symbol 'lbl_44_data_5C0' is either not a global symbol or 
#   doesn't exist.  Ignored.
### build\compilers\GC\3.0a5.2\mwldeppc.exe Linker Warning:
#   FORCEACTIVE symbol 'lbl_44_data_5C8' is either not a global symbol or 
#   doesn't exist.  Ignored.
### build\compilers\GC\3.0a5.2\mwldeppc.exe Linker Warning:
#   FORCEACTIVE symbol 'lbl_44_data_5D8' is either not a global symbol or 
#   doesn't exist.  Ignored.
### build\compilers\GC\3.0a5.2\mwldeppc.exe Linker Warning:
#   FORCEACTIVE symbol 'lbl_44_bss_8' is either not a global symbol or doesn't 
#   exist.  Ignored.
### build\compilers\GC\3.0a5.2\mwldeppc.exe Linker Warning:
#   FORCEACTIVE symbol 'lbl_44_bss_14' is either not a global symbol or 
#   doesn't exist.  Ignored.
[357/479] LINK build\RSBE01_01\st_battle\st_battle.plf
[358/479] LINK build\RSBE01_01\st_final\st_final.plf
### build\compilers\GC\3.0a5.2\mwldeppc.exe Linker Warning:
#   FORCEACTIVE symbol '__sinit_\st_final_cpp' is either not a global symbol 
#   or doesn't exist.  Ignored.
### build\compilers\GC\3.0a5.2\mwldeppc.exe Linker Warning:
#   FORCEACTIVE symbol 'lbl_45_rodata_0' is either not a global symbol or 
#   doesn't exist.  Ignored.
### build\compilers\GC\3.0a5.2\mwldeppc.exe Linker Warning:
#   FORCEACTIVE symbol 'lbl_45_rodata_4' is either not a global symbol or 
#   doesn't exist.  Ignored.
### build\compilers\GC\3.0a5.2\mwldeppc.exe Linker Warning:
#   FORCEACTIVE symbol 'lbl_45_rodata_8' is either not a global symbol or 
#   doesn't exist.  Ignored.
### build\compilers\GC\3.0a5.2\mwldeppc.exe Linker Warning:
#   FORCEACTIVE symbol 'lbl_45_data_0' is either not a global symbol or 
#   doesn't exist.  Ignored.
### build\compilers\GC\3.0a5.2\mwldeppc.exe Linker Warning:
#   FORCEACTIVE symbol 'lbl_45_data_3C' is either not a global symbol or 
#   doesn't exist.  Ignored.
### build\compilers\GC\3.0a5.2\mwldeppc.exe Linker Warning:
#   FORCEACTIVE symbol 'lbl_45_data_258' is either not a global symbol or 
#   doesn't exist.  Ignored.
### build\compilers\GC\3.0a5.2\mwldeppc.exe Linker Warning:
#   FORCEACTIVE symbol 'lbl_45_data_260' is either not a global symbol or 
#   doesn't exist.  Ignored.
### build\compilers\GC\3.0a5.2\mwldeppc.exe Linker Warning:
#   FORCEACTIVE symbol 'lbl_45_data_288' is either not a global symbol or 
#   doesn't exist.  Ignored.
### build\compilers\GC\3.0a5.2\mwldeppc.exe Linker Warning:
#   FORCEACTIVE symbol 'lbl_45_data_290' is either not a global symbol or 
#   doesn't exist.  Ignored.
### build\compilers\GC\3.0a5.2\mwldeppc.exe Linker Warning:
#   FORCEACTIVE symbol 'lbl_45_data_298' is either not a global symbol or 
#   doesn't exist.  Ignored.
### build\compilers\GC\3.0a5.2\mwldeppc.exe Linker Warning:
#   FORCEACTIVE symbol 'lbl_45_data_2B8' is either not a global symbol or 
#   doesn't exist.  Ignored.
### build\compilers\GC\3.0a5.2\mwldeppc.exe Linker Warning:
#   FORCEACTIVE symbol 'lbl_45_data_2C0' is either not a global symbol or 
#   doesn't exist.  Ignored.
### build\compilers\GC\3.0a5.2\mwldeppc.exe Linker Warning:
#   FORCEACTIVE symbol 'lbl_45_data_2D0' is either not a global symbol or 
#   doesn't exist.  Ignored.
### build\compilers\GC\3.0a5.2\mwldeppc.exe Linker Warning:
#   FORCEACTIVE symbol 'lbl_45_data_2E8' is either not a global symbol or 
#   doesn't exist.  Ignored.
### build\compilers\GC\3.0a5.2\mwldeppc.exe Linker Warning:
#   FORCEACTIVE symbol 'lbl_45_data_2F0' is either not a global symbol or 
#   doesn't exist.  Ignored.
### build\compilers\GC\3.0a5.2\mwldeppc.exe Linker Warning:
#   FORCEACTIVE symbol 'lbl_45_data_2F8' is either not a global symbol or 
#   doesn't exist.  Ignored.
### build\compilers\GC\3.0a5.2\mwldeppc.exe Linker Warning:
#   FORCEACTIVE symbol 'lbl_45_data_308' is either not a global symbol or 
#   doesn't exist.  Ignored.
### build\compilers\GC\3.0a5.2\mwldeppc.exe Linker Warning:
#   FORCEACTIVE symbol 'lbl_45_data_310' is either not a global symbol or 
#   doesn't exist.  Ignored.
### build\compilers\GC\3.0a5.2\mwldeppc.exe Linker Warning:
#   FORCEACTIVE symbol 'lbl_45_data_320' is either not a global symbol or 
#   doesn't exist.  Ignored.
### build\compilers\GC\3.0a5.2\mwldeppc.exe Linker Warning:
#   FORCEACTIVE symbol 'lbl_45_data_334' is either not a global symbol or 
#   doesn't exist.  Ignored.
### build\compilers\GC\3.0a5.2\mwldeppc.exe Linker Warning:
#   FORCEACTIVE symbol 'lbl_45_data_350' is either not a global symbol or 
#   doesn't exist.  Ignored.
### build\compilers\GC\3.0a5.2\mwldeppc.exe Linker Warning:
#   FORCEACTIVE symbol 'lbl_45_data_360' is either not a global symbol or 
#   doesn't exist.  Ignored.
### build\compilers\GC\3.0a5.2\mwldeppc.exe Linker Warning:
#   FORCEACTIVE symbol 'lbl_45_data_368' is either not a global symbol or 
#   doesn't exist.  Ignored.
### build\compilers\GC\3.0a5.2\mwldeppc.exe Linker Warning:
#   FORCEACTIVE symbol 'lbl_45_data_378' is either not a global symbol or 
#   doesn't exist.  Ignored.
### build\compilers\GC\3.0a5.2\mwldeppc.exe Linker Warning:
#   FORCEACTIVE symbol 'lbl_45_data_380' is either not a global symbol or 
#   doesn't exist.  Ignored.
### build\compilers\GC\3.0a5.2\mwldeppc.exe Linker Warning:
#   FORCEACTIVE symbol 'lbl_45_data_388' is either not a global symbol or 
#   doesn't exist.  Ignored.
### build\compilers\GC\3.0a5.2\mwldeppc.exe Linker Warning:
#   FORCEACTIVE symbol 'lbl_45_data_390' is either not a global symbol or 
#   doesn't exist.  Ignored.
### build\compilers\GC\3.0a5.2\mwldeppc.exe Linker Warning:
#   FORCEACTIVE symbol 'lbl_45_data_560' is either not a global symbol or 
#   doesn't exist.  Ignored.
### build\compilers\GC\3.0a5.2\mwldeppc.exe Linker Warning:
#   FORCEACTIVE symbol 'lbl_45_data_568' is either not a global symbol or 
#   doesn't exist.  Ignored.
### build\compilers\GC\3.0a5.2\mwldeppc.exe Linker Warning:
#   FORCEACTIVE symbol 'lbl_45_data_590' is either not a global symbol or 
#   doesn't exist.  Ignored.
### build\compilers\GC\3.0a5.2\mwldeppc.exe Linker Warning:
#   FORCEACTIVE symbol 'lbl_45_data_598' is either not a global symbol or 
#   doesn't exist.  Ignored.
### build\compilers\GC\3.0a5.2\mwldeppc.exe Linker Warning:
#   FORCEACTIVE symbol 'lbl_45_data_5A4' is either not a global symbol or 
#   doesn't exist.  Ignored.
### build\compilers\GC\3.0a5.2\mwldeppc.exe Linker Warning:
#   FORCEACTIVE symbol 'lbl_45_data_5C0' is either not a global symbol or 
#   doesn't exist.  Ignored.
### build\compilers\GC\3.0a5.2\mwldeppc.exe Linker Warning:
#   FORCEACTIVE symbol 'lbl_45_data_5C8' is either not a global symbol or 
#   doesn't exist.  Ignored.
### build\compilers\GC\3.0a5.2\mwldeppc.exe Linker Warning:
#   FORCEACTIVE symbol 'lbl_45_data_5D4' is either not a global symbol or 
#   doesn't exist.  Ignored.
### build\compilers\GC\3.0a5.2\mwldeppc.exe Linker Warning:
#   FORCEACTIVE symbol 'lbl_45_data_5E8' is either not a global symbol or 
#   doesn't exist.  Ignored.
### build\compilers\GC\3.0a5.2\mwldeppc.exe Linker Warning:
#   FORCEACTIVE symbol 'lbl_45_data_5F0' is either not a global symbol or 
#   doesn't exist.  Ignored.
### build\compilers\GC\3.0a5.2\mwldeppc.exe Linker Warning:
#   FORCEACTIVE symbol 'lbl_45_data_5F8' is either not a global symbol or 
#   doesn't exist.  Ignored.
### build\compilers\GC\3.0a5.2\mwldeppc.exe Linker Warning:
#   FORCEACTIVE symbol 'lbl_45_data_608' is either not a global symbol or 
#   doesn't exist.  Ignored.
### build\compilers\GC\3.0a5.2\mwldeppc.exe Linker Warning:
#   FORCEACTIVE symbol 'lbl_45_bss_8' is either not a global symbol or doesn't 
#   exist.  Ignored.
### build\compilers\GC\3.0a5.2\mwldeppc.exe Linker Warning:
#   FORCEACTIVE symbol 'lbl_45_bss_14' is either not a global symbol or 
#   doesn't exist.  Ignored.
[359/479] LINK build\RSBE01_01\st_dolpic\st_dolpic.plf
[360/479] LINK build\RSBE01_01\st_battles\st_battles.plf
### build\compilers\GC\3.0a5.2\mwldeppc.exe Linker Warning:
#   FORCEACTIVE symbol '__sinit_\st_battles_cpp' is either not a global symbol 
#   or doesn't exist.  Ignored.
### build\compilers\GC\3.0a5.2\mwldeppc.exe Linker Warning:
#   FORCEACTIVE symbol 'lbl_42_rodata_0' is either not a global symbol or 
#   doesn't exist.  Ignored.
### build\compilers\GC\3.0a5.2\mwldeppc.exe Linker Warning:
#   FORCEACTIVE symbol 'lbl_42_rodata_4' is either not a global symbol or 
#   doesn't exist.  Ignored.
### build\compilers\GC\3.0a5.2\mwldeppc.exe Linker Warning:
#   FORCEACTIVE symbol 'lbl_42_data_0' is either not a global symbol or 
#   doesn't exist.  Ignored.
### build\compilers\GC\3.0a5.2\mwldeppc.exe Linker Warning:
#   FORCEACTIVE symbol 'lbl_42_data_288' is either not a global symbol or 
#   doesn't exist.  Ignored.
### build\compilers\GC\3.0a5.2\mwldeppc.exe Linker Warning:
#   FORCEACTIVE symbol 'lbl_42_data_298' is either not a global symbol or 
#   doesn't exist.  Ignored.
### build\compilers\GC\3.0a5.2\mwldeppc.exe Linker Warning:
#   FORCEACTIVE symbol 'lbl_42_data_2C0' is either not a global symbol or 
#   doesn't exist.  Ignored.
### build\compilers\GC\3.0a5.2\mwldeppc.exe Linker Warning:
#   FORCEACTIVE symbol 'lbl_42_data_2C8' is either not a global symbol or 
#   doesn't exist.  Ignored.
### build\compilers\GC\3.0a5.2\mwldeppc.exe Linker Warning:
#   FORCEACTIVE symbol 'lbl_42_data_2D0' is either not a global symbol or 
#   doesn't exist.  Ignored.
### build\compilers\GC\3.0a5.2\mwldeppc.exe Linker Warning:
#   FORCEACTIVE symbol 'lbl_42_data_2F0' is either not a global symbol or 
#   doesn't exist.  Ignored.
### build\compilers\GC\3.0a5.2\mwldeppc.exe Linker Warning:
#   FORCEACTIVE symbol 'lbl_42_data_2F8' is either not a global symbol or 
#   doesn't exist.  Ignored.
### build\compilers\GC\3.0a5.2\mwldeppc.exe Linker Warning:
#   FORCEACTIVE symbol 'lbl_42_data_308' is either not a global symbol or 
#   doesn't exist.  Ignored.
### build\compilers\GC\3.0a5.2\mwldeppc.exe Linker Warning:
#   FORCEACTIVE symbol 'lbl_42_data_320' is either not a global symbol or 
#   doesn't exist.  Ignored.
### build\compilers\GC\3.0a5.2\mwldeppc.exe Linker Warning:
#   FORCEACTIVE symbol 'lbl_42_data_328' is either not a global symbol or 
#   doesn't exist.  Ignored.
### build\compilers\GC\3.0a5.2\mwldeppc.exe Linker Warning:
#   FORCEACTIVE symbol 'lbl_42_data_330' is either not a global symbol or 
#   doesn't exist.  Ignored.
### build\compilers\GC\3.0a5.2\mwldeppc.exe Linker Warning:
#   FORCEACTIVE symbol 'lbl_42_data_340' is either not a global symbol or 
#   doesn't exist.  Ignored.
### build\compilers\GC\3.0a5.2\mwldeppc.exe Linker Warning:
#   FORCEACTIVE symbol 'lbl_42_data_348' is either not a global symbol or 
#   doesn't exist.  Ignored.
### build\compilers\GC\3.0a5.2\mwldeppc.exe Linker Warning:
#   FORCEACTIVE symbol 'lbl_42_data_350' is either not a global symbol or 
#   doesn't exist.  Ignored.
### build\compilers\GC\3.0a5.2\mwldeppc.exe Linker Warning:
#   FORCEACTIVE symbol 'lbl_42_data_36C' is either not a global symbol or 
#   doesn't exist.  Ignored.
### build\compilers\GC\3.0a5.2\mwldeppc.exe Linker Warning:
#   FORCEACTIVE symbol 'lbl_42_data_390' is either not a global symbol or 
#   doesn't exist.  Ignored.
### build\compilers\GC\3.0a5.2\mwldeppc.exe Linker Warning:
#   FORCEACTIVE symbol 'lbl_42_data_3A0' is either not a global symbol or 
#   doesn't exist.  Ignored.
### build\compilers\GC\3.0a5.2\mwldeppc.exe Linker Warning:
#   FORCEACTIVE symbol 'lbl_42_data_3A8' is either not a global symbol or 
#   doesn't exist.  Ignored.
### build\compilers\GC\3.0a5.2\mwldeppc.exe Linker Warning:
#   FORCEACTIVE symbol 'lbl_42_data_3B8' is either not a global symbol or 
#   doesn't exist.  Ignored.
### build\compilers\GC\3.0a5.2\mwldeppc.exe Linker Warning:
#   FORCEACTIVE symbol 'lbl_42_data_588' is either not a global symbol or 
#   doesn't exist.  Ignored.
### build\compilers\GC\3.0a5.2\mwldeppc.exe Linker Warning:
#   FORCEACTIVE symbol 'lbl_42_data_598' is either not a global symbol or 
#   doesn't exist.  Ignored.
### build\compilers\GC\3.0a5.2\mwldeppc.exe Linker Warning:
#   FORCEACTIVE symbol 'lbl_42_data_5C0' is either not a global symbol or 
#   doesn't exist.  Ignored.
### build\compilers\GC\3.0a5.2\mwldeppc.exe Linker Warning:
#   FORCEACTIVE symbol 'lbl_42_data_5C8' is either not a global symbol or 
#   doesn't exist.  Ignored.
### build\compilers\GC\3.0a5.2\mwldeppc.exe Linker Warning:
#   FORCEACTIVE symbol 'lbl_42_data_5D4' is either not a global symbol or 
#   doesn't exist.  Ignored.
### build\compilers\GC\3.0a5.2\mwldeppc.exe Linker Warning:
#   FORCEACTIVE symbol 'lbl_42_data_5F0' is either not a global symbol or 
#   doesn't exist.  Ignored.
### build\compilers\GC\3.0a5.2\mwldeppc.exe Linker Warning:
#   FORCEACTIVE symbol 'lbl_42_data_5F8' is either not a global symbol or 
#   doesn't exist.  Ignored.
### build\compilers\GC\3.0a5.2\mwldeppc.exe Linker Warning:
#   FORCEACTIVE symbol 'lbl_42_data_604' is either not a global symbol or 
#   doesn't exist.  Ignored.
### build\compilers\GC\3.0a5.2\mwldeppc.exe Linker Warning:
#   FORCEACTIVE symbol 'lbl_42_data_618' is either not a global symbol or 
#   doesn't exist.  Ignored.
### build\compilers\GC\3.0a5.2\mwldeppc.exe Linker Warning:
#   FORCEACTIVE symbol 'lbl_42_data_620' is either not a global symbol or 
#   doesn't exist.  Ignored.
### build\compilers\GC\3.0a5.2\mwldeppc.exe Linker Warning:
#   FORCEACTIVE symbol 'lbl_42_data_628' is either not a global symbol or 
#   doesn't exist.  Ignored.
### build\compilers\GC\3.0a5.2\mwldeppc.exe Linker Warning:
#   FORCEACTIVE symbol 'lbl_42_data_638' is either not a global symbol or 
#   doesn't exist.  Ignored.
### build\compilers\GC\3.0a5.2\mwldeppc.exe Linker Warning:
#   FORCEACTIVE symbol 'lbl_42_bss_8' is either not a global symbol or doesn't 
#   exist.  Ignored.
[361/479] LINK build\RSBE01_01\st_mariopast\st_mariopast.plf
[362/479] LINK build\RSBE01_01\st_kart\st_kart.plf
[363/479] LINK build\RSBE01_01\st_donkey\st_donkey.plf
[364/479] LINK build\RSBE01_01\st_oldin\st_oldin.plf
### build\compilers\GC\3.0a5.2\mwldeppc.exe Linker Warning:
#   FORCEACTIVE symbol 'lbl_53_data_888' is either not a global symbol or 
#   doesn't exist.  Ignored.
### build\compilers\GC\3.0a5.2\mwldeppc.exe Linker Warning:
#   FORCEACTIVE symbol 'lbl_53_data_890' is either not a global symbol or 
#   doesn't exist.  Ignored.
### build\compilers\GC\3.0a5.2\mwldeppc.exe Linker Warning:
#   FORCEACTIVE symbol 'lbl_53_data_8C8' is either not a global symbol or 
#   doesn't exist.  Ignored.
### build\compilers\GC\3.0a5.2\mwldeppc.exe Linker Warning:
#   FORCEACTIVE symbol 'lbl_53_data_8D0' is either not a global symbol or 
#   doesn't exist.  Ignored.
### build\compilers\GC\3.0a5.2\mwldeppc.exe Linker Warning:
#   FORCEACTIVE symbol 'lbl_53_data_8DC' is either not a global symbol or 
#   doesn't exist.  Ignored.
### build\compilers\GC\3.0a5.2\mwldeppc.exe Linker Warning:
#   FORCEACTIVE symbol 'lbl_53_data_908' is either not a global symbol or 
#   doesn't exist.  Ignored.
### build\compilers\GC\3.0a5.2\mwldeppc.exe Linker Warning:
#   FORCEACTIVE symbol 'lbl_53_data_910' is either not a global symbol or 
#   doesn't exist.  Ignored.
### build\compilers\GC\3.0a5.2\mwldeppc.exe Linker Warning:
#   FORCEACTIVE symbol 'lbl_53_data_920' is either not a global symbol or 
#   doesn't exist.  Ignored.
### build\compilers\GC\3.0a5.2\mwldeppc.exe Linker Warning:
#   FORCEACTIVE symbol 'lbl_53_data_948' is either not a global symbol or 
#   doesn't exist.  Ignored.
### build\compilers\GC\3.0a5.2\mwldeppc.exe Linker Warning:
#   FORCEACTIVE symbol 'lbl_53_data_950' is either not a global symbol or 
#   doesn't exist.  Ignored.
### build\compilers\GC\3.0a5.2\mwldeppc.exe Linker Warning:
#   FORCEACTIVE symbol 'lbl_53_data_95C' is either not a global symbol or 
#   doesn't exist.  Ignored.
### build\compilers\GC\3.0a5.2\mwldeppc.exe Linker Warning:
#   FORCEACTIVE symbol 'lbl_53_data_978' is either not a global symbol or 
#   doesn't exist.  Ignored.
### build\compilers\GC\3.0a5.2\mwldeppc.exe Linker Warning:
#   FORCEACTIVE symbol 'lbl_53_data_980' is either not a global symbol or 
#   doesn't exist.  Ignored.
### build\compilers\GC\3.0a5.2\mwldeppc.exe Linker Warning:
#   FORCEACTIVE symbol 'lbl_53_data_98C' is either not a global symbol or 
#   doesn't exist.  Ignored.
### build\compilers\GC\3.0a5.2\mwldeppc.exe Linker Warning:
#   FORCEACTIVE symbol 'lbl_53_data_9A0' is either not a global symbol or 
#   doesn't exist.  Ignored.
### build\compilers\GC\3.0a5.2\mwldeppc.exe Linker Warning:
#   FORCEACTIVE symbol 'lbl_53_data_9A8' is either not a global symbol or 
#   doesn't exist.  Ignored.
### build\compilers\GC\3.0a5.2\mwldeppc.exe Linker Warning:
#   FORCEACTIVE symbol 'lbl_53_data_9B0' is either not a global symbol or 
#   doesn't exist.  Ignored.
### build\compilers\GC\3.0a5.2\mwldeppc.exe Linker Warning:
#   FORCEACTIVE symbol 'lbl_53_data_9C0' is either not a global symbol or 
#   doesn't exist.  Ignored.
[365/479] LINK build\RSBE01_01\st_norfair\st_norfair.plf
[366/479] LINK build\RSBE01_01\sora_melee\sora_melee.preplf
[367/479] LINK build\RSBE01_01\st_mansion\st_mansion.plf
[368/479] LINK build\RSBE01_01\st_orpheon\st_orpheon.plf
[369/479] LINK build\RSBE01_01\st_jungle\st_jungle.plf
[370/479] LINK build\RSBE01_01\st_halberd\st_halberd.plf
[371/479] LINK build\RSBE01_01\st_starfox\st_starfox.plf
[372/479] LINK build\RSBE01_01\st_crayon\st_crayon.plf
### build\compilers\GC\3.0a5.2\mwldeppc.exe Linker Warning:
#   FORCEACTIVE symbol '__sinit_\st_crayon_cpp' is either not a global symbol 
#   or doesn't exist.  Ignored.
### build\compilers\GC\3.0a5.2\mwldeppc.exe Linker Warning:
#   FORCEACTIVE symbol 'lbl_56_rodata_0' is either not a global symbol or 
#   doesn't exist.  Ignored.
### build\compilers\GC\3.0a5.2\mwldeppc.exe Linker Warning:
#   FORCEACTIVE symbol 'lbl_56_rodata_4' is either not a global symbol or 
#   doesn't exist.  Ignored.
### build\compilers\GC\3.0a5.2\mwldeppc.exe Linker Warning:
#   FORCEACTIVE symbol 'lbl_56_data_0' is either not a global symbol or 
#   doesn't exist.  Ignored.
### build\compilers\GC\3.0a5.2\mwldeppc.exe Linker Warning:
#   FORCEACTIVE symbol 'lbl_56_data_2C8' is either not a global symbol or 
#   doesn't exist.  Ignored.
### build\compilers\GC\3.0a5.2\mwldeppc.exe Linker Warning:
#   FORCEACTIVE symbol 'lbl_56_data_2D4' is either not a global symbol or 
#   doesn't exist.  Ignored.
### build\compilers\GC\3.0a5.2\mwldeppc.exe Linker Warning:
#   FORCEACTIVE symbol 'lbl_56_data_300' is either not a global symbol or 
#   doesn't exist.  Ignored.
### build\compilers\GC\3.0a5.2\mwldeppc.exe Linker Warning:
#   FORCEACTIVE symbol 'lbl_56_data_308' is either not a global symbol or 
#   doesn't exist.  Ignored.
### build\compilers\GC\3.0a5.2\mwldeppc.exe Linker Warning:
#   FORCEACTIVE symbol 'lbl_56_data_330' is either not a global symbol or 
#   doesn't exist.  Ignored.
### build\compilers\GC\3.0a5.2\mwldeppc.exe Linker Warning:
#   FORCEACTIVE symbol 'lbl_56_data_340' is either not a global symbol or 
#   doesn't exist.  Ignored.
### build\compilers\GC\3.0a5.2\mwldeppc.exe Linker Warning:
#   FORCEACTIVE symbol 'lbl_56_data_360' is either not a global symbol or 
#   doesn't exist.  Ignored.
### build\compilers\GC\3.0a5.2\mwldeppc.exe Linker Warning:
#   FORCEACTIVE symbol 'lbl_56_data_368' is either not a global symbol or 
#   doesn't exist.  Ignored.
### build\compilers\GC\3.0a5.2\mwldeppc.exe Linker Warning:
#   FORCEACTIVE symbol 'lbl_56_data_380' is either not a global symbol or 
#   doesn't exist.  Ignored.
### build\compilers\GC\3.0a5.2\mwldeppc.exe Linker Warning:
#   FORCEACTIVE symbol 'lbl_56_data_3A4' is either not a global symbol or 
#   doesn't exist.  Ignored.
### build\compilers\GC\3.0a5.2\mwldeppc.exe Linker Warning:
#   FORCEACTIVE symbol 'lbl_56_data_3C4' is either not a global symbol or 
#   doesn't exist.  Ignored.
### build\compilers\GC\3.0a5.2\mwldeppc.exe Linker Warning:
#   FORCEACTIVE symbol 'lbl_56_data_3D8' is either not a global symbol or 
#   doesn't exist.  Ignored.
### build\compilers\GC\3.0a5.2\mwldeppc.exe Linker Warning:
#   FORCEACTIVE symbol 'lbl_56_data_10D8' is either not a global symbol or 
#   doesn't exist.  Ignored.
### build\compilers\GC\3.0a5.2\mwldeppc.exe Linker Warning:
#   FORCEACTIVE symbol 'lbl_56_data_10EC' is either not a global symbol or 
#   doesn't exist.  Ignored.
### build\compilers\GC\3.0a5.2\mwldeppc.exe Linker Warning:
#   FORCEACTIVE symbol 'lbl_56_bss_8' is either not a global symbol or doesn't 
#   exist.  Ignored.
### build\compilers\GC\3.0a5.2\mwldeppc.exe Linker Warning:
#   FORCEACTIVE symbol 'lbl_56_bss_14' is either not a global symbol or 
#   doesn't exist.  Ignored.
[373/479] LINK build\RSBE01_01\sora_adv_stage\sora_adv_stage.plf
### build\compilers\GC\3.0a5.2\mwldeppc.exe Linker Warning:
#   FORCEACTIVE symbol 'lbl_40_rodata_8E8' is either not a global symbol or 
#   doesn't exist.  Ignored.
### build\compilers\GC\3.0a5.2\mwldeppc.exe Linker Warning:
#   FORCEACTIVE symbol 'lbl_40_data_177D8' is either not a global symbol or 
#   doesn't exist.  Ignored.
### build\compilers\GC\3.0a5.2\mwldeppc.exe Linker Warning:
#   FORCEACTIVE symbol 'lbl_40_data_177E0' is either not a global symbol or 
#   doesn't exist.  Ignored.
### build\compilers\GC\3.0a5.2\mwldeppc.exe Linker Warning:
#   FORCEACTIVE symbol 'lbl_40_data_179B4' is either not a global symbol or 
#   doesn't exist.  Ignored.
### build\compilers\GC\3.0a5.2\mwldeppc.exe Linker Warning:
#   FORCEACTIVE symbol 'lbl_40_data_179C8' is either not a global symbol or 
#   doesn't exist.  Ignored.
[374/479] LINK build\RSBE01_01\st_pirates\st_pirates.plf
[375/479] LINK build\RSBE01_01\st_fzero\st_fzero.plf
[376/479] LINK build\RSBE01_01\st_madein\st_madein.plf
[377/479] LINK build\RSBE01_01\st_tengan\st_tengan.plf
### build\compilers\GC\3.0a5.2\mwldeppc.exe Linker Warning:
#   FORCEACTIVE symbol 'lbl_60_rodata_108' is either not a global symbol or 
#   doesn't exist.  Ignored.
### build\compilers\GC\3.0a5.2\mwldeppc.exe Linker Warning:
#   FORCEACTIVE symbol 'lbl_60_data_838' is either not a global symbol or 
#   doesn't exist.  Ignored.
### build\compilers\GC\3.0a5.2\mwldeppc.exe Linker Warning:
#   FORCEACTIVE symbol 'lbl_60_data_A08' is either not a global symbol or 
#   doesn't exist.  Ignored.
### build\compilers\GC\3.0a5.2\mwldeppc.exe Linker Warning:
#   FORCEACTIVE symbol 'lbl_60_data_A14' is either not a global symbol or 
#   doesn't exist.  Ignored.
### build\compilers\GC\3.0a5.2\mwldeppc.exe Linker Warning:
#   FORCEACTIVE symbol 'lbl_60_data_A40' is either not a global symbol or 
#   doesn't exist.  Ignored.
### build\compilers\GC\3.0a5.2\mwldeppc.exe Linker Warning:
#   FORCEACTIVE symbol 'lbl_60_data_A4C' is either not a global symbol or 
#   doesn't exist.  Ignored.
### build\compilers\GC\3.0a5.2\mwldeppc.exe Linker Warning:
#   FORCEACTIVE symbol 'lbl_60_data_A70' is either not a global symbol or 
#   doesn't exist.  Ignored.
### build\compilers\GC\3.0a5.2\mwldeppc.exe Linker Warning:
#   FORCEACTIVE symbol 'lbl_60_data_A7C' is either not a global symbol or 
#   doesn't exist.  Ignored.
### build\compilers\GC\3.0a5.2\mwldeppc.exe Linker Warning:
#   FORCEACTIVE symbol 'lbl_60_data_A98' is either not a global symbol or 
#   doesn't exist.  Ignored.
### build\compilers\GC\3.0a5.2\mwldeppc.exe Linker Warning:
#   FORCEACTIVE symbol 'lbl_60_data_AA0' is either not a global symbol or 
#   doesn't exist.  Ignored.
### build\compilers\GC\3.0a5.2\mwldeppc.exe Linker Warning:
#   FORCEACTIVE symbol 'lbl_60_data_AB8' is either not a global symbol or 
#   doesn't exist.  Ignored.
### build\compilers\GC\3.0a5.2\mwldeppc.exe Linker Warning:
#   FORCEACTIVE symbol 'lbl_60_data_CD0' is either not a global symbol or 
#   doesn't exist.  Ignored.
### build\compilers\GC\3.0a5.2\mwldeppc.exe Linker Warning:
#   FORCEACTIVE symbol 'lbl_60_data_CDC' is either not a global symbol or 
#   doesn't exist.  Ignored.
### build\compilers\GC\3.0a5.2\mwldeppc.exe Linker Warning:
#   FORCEACTIVE symbol 'lbl_60_data_11C4' is either not a global symbol or 
#   doesn't exist.  Ignored.
### build\compilers\GC\3.0a5.2\mwldeppc.exe Linker Warning:
#   FORCEACTIVE symbol 'lbl_60_data_11D4' is either not a global symbol or 
#   doesn't exist.  Ignored.
[378/479] LINK build\RSBE01_01\st_ice\st_ice.plf
[379/479] LINK build\RSBE01_01\st_stadium\st_stadium.plf
[380/479] LINK build\RSBE01_01\st_gw\st_gw.plf
[381/479] LINK build\RSBE01_01\st_palutena\st_palutena.plf
[382/479] LINK build\RSBE01_01\st_village\st_village.plf
[383/479] LINK build\RSBE01_01\st_famicom\st_famicom.plf
[384/479] LINK build\RSBE01_01\st_earth\st_earth.plf
[385/479] LINK build\RSBE01_01\st_emblem\st_emblem.plf
[386/479] LINK build\RSBE01_01\st_pictchat\st_pictchat.plf
[387/479] LINK build\RSBE01_01\st_plankton\st_plankton.plf
[388/479] LINK build\RSBE01_01\st_metalgear\st_metalgear.plf
[389/479] LINK build\RSBE01_01\st_dxgreens\st_dxgreens.plf
[390/479] LINK build\RSBE01_01\st_newpork\st_newpork.plf
### build\compilers\GC\3.0a5.2\mwldeppc.exe Linker Warning:
#   FORCEACTIVE symbol 'lbl_69_rodata_88' is either not a global symbol or 
#   doesn't exist.  Ignored.
### build\compilers\GC\3.0a5.2\mwldeppc.exe Linker Warning:
#   FORCEACTIVE symbol 'lbl_69_rodata_8C' is either not a global symbol or 
#   doesn't exist.  Ignored.
### build\compilers\GC\3.0a5.2\mwldeppc.exe Linker Warning:
#   FORCEACTIVE symbol 'lbl_69_data_CD0' is either not a global symbol or 
#   doesn't exist.  Ignored.
### build\compilers\GC\3.0a5.2\mwldeppc.exe Linker Warning:
#   FORCEACTIVE symbol 'lbl_69_data_CDC' is either not a global symbol or 
#   doesn't exist.  Ignored.
### build\compilers\GC\3.0a5.2\mwldeppc.exe Linker Warning:
#   FORCEACTIVE symbol 'lbl_69_data_D18' is either not a global symbol or 
#   doesn't exist.  Ignored.
### build\compilers\GC\3.0a5.2\mwldeppc.exe Linker Warning:
#   FORCEACTIVE symbol 'lbl_69_data_D24' is either not a global symbol or 
#   doesn't exist.  Ignored.
### build\compilers\GC\3.0a5.2\mwldeppc.exe Linker Warning:
#   FORCEACTIVE symbol 'lbl_69_data_D58' is either not a global symbol or 
#   doesn't exist.  Ignored.
### build\compilers\GC\3.0a5.2\mwldeppc.exe Linker Warning:
#   FORCEACTIVE symbol 'lbl_69_data_D68' is either not a global symbol or 
#   doesn't exist.  Ignored.
### build\compilers\GC\3.0a5.2\mwldeppc.exe Linker Warning:
#   FORCEACTIVE symbol 'lbl_69_data_D98' is either not a global symbol or 
#   doesn't exist.  Ignored.
### build\compilers\GC\3.0a5.2\mwldeppc.exe Linker Warning:
#   FORCEACTIVE symbol 'lbl_69_data_DA4' is either not a global symbol or 
#   doesn't exist.  Ignored.
### build\compilers\GC\3.0a5.2\mwldeppc.exe Linker Warning:
#   FORCEACTIVE symbol 'lbl_69_data_DC8' is either not a global symbol or 
#   doesn't exist.  Ignored.
### build\compilers\GC\3.0a5.2\mwldeppc.exe Linker Warning:
#   FORCEACTIVE symbol 'lbl_69_data_DD4' is either not a global symbol or 
#   doesn't exist.  Ignored.
### build\compilers\GC\3.0a5.2\mwldeppc.exe Linker Warning:
#   FORCEACTIVE symbol 'lbl_69_data_DF0' is either not a global symbol or 
#   doesn't exist.  Ignored.
### build\compilers\GC\3.0a5.2\mwldeppc.exe Linker Warning:
#   FORCEACTIVE symbol 'lbl_69_data_DF8' is either not a global symbol or 
#   doesn't exist.  Ignored.
[391/479] LINK build\RSBE01_01\st_dxshrine\st_dxshrine.plf
### build\compilers\GC\3.0a5.2\mwldeppc.exe Linker Warning:
#   FORCEACTIVE symbol 'grDxShrine::__vtable' is either not a global symbol or 
#   doesn't exist.  Ignored.
### build\compilers\GC\3.0a5.2\mwldeppc.exe Linker Warning:
#   FORCEACTIVE symbol '@7862' is either not a global symbol or doesn't exist. 
#    Ignored.
### build\compilers\GC\3.0a5.2\mwldeppc.exe Linker Warning:
#   FORCEACTIVE symbol 'stDxShrine::bss_loc_14' is either not a global symbol 
#   or doesn't exist.  Ignored.
[392/479] LINK build\RSBE01_01\st_dxonett\st_dxonett.plf
[393/479] LINK build\RSBE01_01\st_dxyorster\st_dxyorster.plf
### build\compilers\GC\3.0a5.2\mwldeppc.exe Linker Warning:
#   FORCEACTIVE symbol '__sinit_\st_dxyorster_cpp' is either not a global 
#   symbol or doesn't exist.  Ignored.
### build\compilers\GC\3.0a5.2\mwldeppc.exe Linker Warning:
#   FORCEACTIVE symbol 'lbl_76_rodata_0' is either not a global symbol or 
#   doesn't exist.  Ignored.
### build\compilers\GC\3.0a5.2\mwldeppc.exe Linker Warning:
#   FORCEACTIVE symbol 'lbl_76_rodata_4' is either not a global symbol or 
#   doesn't exist.  Ignored.
### build\compilers\GC\3.0a5.2\mwldeppc.exe Linker Warning:
#   FORCEACTIVE symbol 'lbl_76_data_0' is either not a global symbol or 
#   doesn't exist.  Ignored.
### build\compilers\GC\3.0a5.2\mwldeppc.exe Linker Warning:
#   FORCEACTIVE symbol 'lbl_76_data_C' is either not a global symbol or 
#   doesn't exist.  Ignored.
### build\compilers\GC\3.0a5.2\mwldeppc.exe Linker Warning:
#   FORCEACTIVE symbol 'lbl_76_data_1C' is either not a global symbol or 
#   doesn't exist.  Ignored.
### build\compilers\GC\3.0a5.2\mwldeppc.exe Linker Warning:
#   FORCEACTIVE symbol 'lbl_76_data_2C' is either not a global symbol or 
#   doesn't exist.  Ignored.
### build\compilers\GC\3.0a5.2\mwldeppc.exe Linker Warning:
#   FORCEACTIVE symbol 'lbl_76_data_3C' is either not a global symbol or 
#   doesn't exist.  Ignored.
### build\compilers\GC\3.0a5.2\mwldeppc.exe Linker Warning:
#   FORCEACTIVE symbol 'lbl_76_data_7C' is either not a global symbol or 
#   doesn't exist.  Ignored.
### build\compilers\GC\3.0a5.2\mwldeppc.exe Linker Warning:
#   FORCEACTIVE symbol 'lbl_76_data_94' is either not a global symbol or 
#   doesn't exist.  Ignored.
### build\compilers\GC\3.0a5.2\mwldeppc.exe Linker Warning:
#   FORCEACTIVE symbol 'lbl_76_data_A8' is either not a global symbol or 
#   doesn't exist.  Ignored.
### build\compilers\GC\3.0a5.2\mwldeppc.exe Linker Warning:
#   FORCEACTIVE symbol 'lbl_76_data_C0' is either not a global symbol or 
#   doesn't exist.  Ignored.
### build\compilers\GC\3.0a5.2\mwldeppc.exe Linker Warning:
#   FORCEACTIVE symbol 'lbl_76_data_300' is either not a global symbol or 
#   doesn't exist.  Ignored.
### build\compilers\GC\3.0a5.2\mwldeppc.exe Linker Warning:
#   FORCEACTIVE symbol 'lbl_76_data_30C' is either not a global symbol or 
#   doesn't exist.  Ignored.
### build\compilers\GC\3.0a5.2\mwldeppc.exe Linker Warning:
#   FORCEACTIVE symbol 'lbl_76_data_338' is either not a global symbol or 
#   doesn't exist.  Ignored.
### build\compilers\GC\3.0a5.2\mwldeppc.exe Linker Warning:
#   FORCEACTIVE symbol 'lbl_76_data_340' is either not a global symbol or 
#   doesn't exist.  Ignored.
### build\compilers\GC\3.0a5.2\mwldeppc.exe Linker Warning:
#   FORCEACTIVE symbol 'lbl_76_data_368' is either not a global symbol or 
#   doesn't exist.  Ignored.
### build\compilers\GC\3.0a5.2\mwldeppc.exe Linker Warning:
#   FORCEACTIVE symbol 'lbl_76_data_378' is either not a global symbol or 
#   doesn't exist.  Ignored.
### build\compilers\GC\3.0a5.2\mwldeppc.exe Linker Warning:
#   FORCEACTIVE symbol 'lbl_76_data_398' is either not a global symbol or 
#   doesn't exist.  Ignored.
### build\compilers\GC\3.0a5.2\mwldeppc.exe Linker Warning:
#   FORCEACTIVE symbol 'lbl_76_data_3A0' is either not a global symbol or 
#   doesn't exist.  Ignored.
### build\compilers\GC\3.0a5.2\mwldeppc.exe Linker Warning:
#   FORCEACTIVE symbol 'lbl_76_data_3B8' is either not a global symbol or 
#   doesn't exist.  Ignored.
### build\compilers\GC\3.0a5.2\mwldeppc.exe Linker Warning:
#   FORCEACTIVE symbol 'lbl_76_data_3DC' is either not a global symbol or 
#   doesn't exist.  Ignored.
### build\compilers\GC\3.0a5.2\mwldeppc.exe Linker Warning:
#   FORCEACTIVE symbol 'lbl_76_data_400' is either not a global symbol or 
#   doesn't exist.  Ignored.
### build\compilers\GC\3.0a5.2\mwldeppc.exe Linker Warning:
#   FORCEACTIVE symbol 'lbl_76_data_418' is either not a global symbol or 
#   doesn't exist.  Ignored.
### build\compilers\GC\3.0a5.2\mwldeppc.exe Linker Warning:
#   FORCEACTIVE symbol 'lbl_76_bss_8' is either not a global symbol or doesn't 
#   exist.  Ignored.
[394/479] LINK build\RSBE01_01\st_dxgarden\st_dxgarden.plf
### build\compilers\GC\3.0a5.2\mwldeppc.exe Linker Warning:
#   FORCEACTIVE symbol '__sinit_\st_dxgarden_cpp' is either not a global 
#   symbol or doesn't exist.  Ignored.
### build\compilers\GC\3.0a5.2\mwldeppc.exe Linker Warning:
#   FORCEACTIVE symbol 'lbl_77_rodata_0' is either not a global symbol or 
#   doesn't exist.  Ignored.
### build\compilers\GC\3.0a5.2\mwldeppc.exe Linker Warning:
#   FORCEACTIVE symbol 'lbl_77_rodata_20' is either not a global symbol or 
#   doesn't exist.  Ignored.
### build\compilers\GC\3.0a5.2\mwldeppc.exe Linker Warning:
#   FORCEACTIVE symbol 'lbl_77_data_0' is either not a global symbol or 
#   doesn't exist.  Ignored.
### build\compilers\GC\3.0a5.2\mwldeppc.exe Linker Warning:
#   FORCEACTIVE symbol 'lbl_77_data_C' is either not a global symbol or 
#   doesn't exist.  Ignored.
### build\compilers\GC\3.0a5.2\mwldeppc.exe Linker Warning:
#   FORCEACTIVE symbol 'lbl_77_data_1C' is either not a global symbol or 
#   doesn't exist.  Ignored.
### build\compilers\GC\3.0a5.2\mwldeppc.exe Linker Warning:
#   FORCEACTIVE symbol 'lbl_77_data_28' is either not a global symbol or 
#   doesn't exist.  Ignored.
### build\compilers\GC\3.0a5.2\mwldeppc.exe Linker Warning:
#   FORCEACTIVE symbol 'lbl_77_data_38' is either not a global symbol or 
#   doesn't exist.  Ignored.
### build\compilers\GC\3.0a5.2\mwldeppc.exe Linker Warning:
#   FORCEACTIVE symbol 'lbl_77_data_40' is either not a global symbol or 
#   doesn't exist.  Ignored.
### build\compilers\GC\3.0a5.2\mwldeppc.exe Linker Warning:
#   FORCEACTIVE symbol 'lbl_77_data_50' is either not a global symbol or 
#   doesn't exist.  Ignored.
### build\compilers\GC\3.0a5.2\mwldeppc.exe Linker Warning:
#   FORCEACTIVE symbol 'lbl_77_data_60' is either not a global symbol or 
#   doesn't exist.  Ignored.
### build\compilers\GC\3.0a5.2\mwldeppc.exe Linker Warning:
#   FORCEACTIVE symbol 'lbl_77_data_B8' is either not a global symbol or 
#   doesn't exist.  Ignored.
### build\compilers\GC\3.0a5.2\mwldeppc.exe Linker Warning:
#   FORCEACTIVE symbol 'lbl_77_data_C8' is either not a global symbol or 
#   doesn't exist.  Ignored.
### build\compilers\GC\3.0a5.2\mwldeppc.exe Linker Warning:
#   FORCEACTIVE symbol 'lbl_77_data_3F8' is either not a global symbol or 
#   doesn't exist.  Ignored.
### build\compilers\GC\3.0a5.2\mwldeppc.exe Linker Warning:
#   FORCEACTIVE symbol 'lbl_77_data_404' is either not a global symbol or 
#   doesn't exist.  Ignored.
### build\compilers\GC\3.0a5.2\mwldeppc.exe Linker Warning:
#   FORCEACTIVE symbol 'lbl_77_data_430' is either not a global symbol or 
#   doesn't exist.  Ignored.
### build\compilers\GC\3.0a5.2\mwldeppc.exe Linker Warning:
#   FORCEACTIVE symbol 'lbl_77_data_438' is either not a global symbol or 
#   doesn't exist.  Ignored.
### build\compilers\GC\3.0a5.2\mwldeppc.exe Linker Warning:
#   FORCEACTIVE symbol 'lbl_77_data_460' is either not a global symbol or 
#   doesn't exist.  Ignored.
### build\compilers\GC\3.0a5.2\mwldeppc.exe Linker Warning:
#   FORCEACTIVE symbol 'lbl_77_data_470' is either not a global symbol or 
#   doesn't exist.  Ignored.
### build\compilers\GC\3.0a5.2\mwldeppc.exe Linker Warning:
#   FORCEACTIVE symbol 'lbl_77_data_490' is either not a global symbol or 
#   doesn't exist.  Ignored.
### build\compilers\GC\3.0a5.2\mwldeppc.exe Linker Warning:
#   FORCEACTIVE symbol 'lbl_77_data_498' is either not a global symbol or 
#   doesn't exist.  Ignored.
### build\compilers\GC\3.0a5.2\mwldeppc.exe Linker Warning:
#   FORCEACTIVE symbol 'lbl_77_data_4B0' is either not a global symbol or 
#   doesn't exist.  Ignored.
### build\compilers\GC\3.0a5.2\mwldeppc.exe Linker Warning:
#   FORCEACTIVE symbol 'lbl_77_data_4D8' is either not a global symbol or 
#   doesn't exist.  Ignored.
### build\compilers\GC\3.0a5.2\mwldeppc.exe Linker Warning:
#   FORCEACTIVE symbol 'lbl_77_data_4F8' is either not a global symbol or 
#   doesn't exist.  Ignored.
### build\compilers\GC\3.0a5.2\mwldeppc.exe Linker Warning:
#   FORCEACTIVE symbol 'lbl_77_data_510' is either not a global symbol or 
#   doesn't exist.  Ignored.
### build\compilers\GC\3.0a5.2\mwldeppc.exe Linker Warning:
#   FORCEACTIVE symbol 'lbl_77_bss_8' is either not a global symbol or doesn't 
#   exist.  Ignored.
[395/479] LINK build\RSBE01_01\st_greenhill\st_greenhill.plf
### build\compilers\GC\3.0a5.2\mwldeppc.exe Linker Warning:
#   FORCEACTIVE symbol '__sinit_\st_greenhill_cpp' is either not a global 
#   symbol or doesn't exist.  Ignored.
### build\compilers\GC\3.0a5.2\mwldeppc.exe Linker Warning:
#   FORCEACTIVE symbol 'lbl_72_rodata_0' is either not a global symbol or 
#   doesn't exist.  Ignored.
### build\compilers\GC\3.0a5.2\mwldeppc.exe Linker Warning:
#   FORCEACTIVE symbol 'lbl_72_rodata_4' is either not a global symbol or 
#   doesn't exist.  Ignored.
### build\compilers\GC\3.0a5.2\mwldeppc.exe Linker Warning:
#   FORCEACTIVE symbol 'lbl_72_data_0' is either not a global symbol or 
#   doesn't exist.  Ignored.
### build\compilers\GC\3.0a5.2\mwldeppc.exe Linker Warning:
#   FORCEACTIVE symbol 'lbl_72_data_C' is either not a global symbol or 
#   doesn't exist.  Ignored.
### build\compilers\GC\3.0a5.2\mwldeppc.exe Linker Warning:
#   FORCEACTIVE symbol 'lbl_72_data_1C' is either not a global symbol or 
#   doesn't exist.  Ignored.
### build\compilers\GC\3.0a5.2\mwldeppc.exe Linker Warning:
#   FORCEACTIVE symbol 'lbl_72_data_30' is either not a global symbol or 
#   doesn't exist.  Ignored.
### build\compilers\GC\3.0a5.2\mwldeppc.exe Linker Warning:
#   FORCEACTIVE symbol 'lbl_72_data_C8' is either not a global symbol or 
#   doesn't exist.  Ignored.
### build\compilers\GC\3.0a5.2\mwldeppc.exe Linker Warning:
#   FORCEACTIVE symbol 'lbl_72_data_DC' is either not a global symbol or 
#   doesn't exist.  Ignored.
### build\compilers\GC\3.0a5.2\mwldeppc.exe Linker Warning:
#   FORCEACTIVE symbol 'lbl_72_data_408' is either not a global symbol or 
#   doesn't exist.  Ignored.
### build\compilers\GC\3.0a5.2\mwldeppc.exe Linker Warning:
#   FORCEACTIVE symbol 'lbl_72_data_414' is either not a global symbol or 
#   doesn't exist.  Ignored.
### build\compilers\GC\3.0a5.2\mwldeppc.exe Linker Warning:
#   FORCEACTIVE symbol 'lbl_72_data_440' is either not a global symbol or 
#   doesn't exist.  Ignored.
### build\compilers\GC\3.0a5.2\mwldeppc.exe Linker Warning:
#   FORCEACTIVE symbol 'lbl_72_data_448' is either not a global symbol or 
#   doesn't exist.  Ignored.
### build\compilers\GC\3.0a5.2\mwldeppc.exe Linker Warning:
#   FORCEACTIVE symbol 'lbl_72_data_470' is either not a global symbol or 
#   doesn't exist.  Ignored.
### build\compilers\GC\3.0a5.2\mwldeppc.exe Linker Warning:
#   FORCEACTIVE symbol 'lbl_72_data_480' is either not a global symbol or 
#   doesn't exist.  Ignored.
### build\compilers\GC\3.0a5.2\mwldeppc.exe Linker Warning:
#   FORCEACTIVE symbol 'lbl_72_data_4A0' is either not a global symbol or 
#   doesn't exist.  Ignored.
### build\compilers\GC\3.0a5.2\mwldeppc.exe Linker Warning:
#   FORCEACTIVE symbol 'lbl_72_data_4A8' is either not a global symbol or 
#   doesn't exist.  Ignored.
### build\compilers\GC\3.0a5.2\mwldeppc.exe Linker Warning:
#   FORCEACTIVE symbol 'lbl_72_data_4C0' is either not a global symbol or 
#   doesn't exist.  Ignored.
### build\compilers\GC\3.0a5.2\mwldeppc.exe Linker Warning:
#   FORCEACTIVE symbol 'lbl_72_data_4E4' is either not a global symbol or 
#   doesn't exist.  Ignored.
### build\compilers\GC\3.0a5.2\mwldeppc.exe Linker Warning:
#   FORCEACTIVE symbol 'lbl_72_data_508' is either not a global symbol or 
#   doesn't exist.  Ignored.
### build\compilers\GC\3.0a5.2\mwldeppc.exe Linker Warning:
#   FORCEACTIVE symbol 'lbl_72_data_520' is either not a global symbol or 
#   doesn't exist.  Ignored.
### build\compilers\GC\3.0a5.2\mwldeppc.exe Linker Warning:
#   FORCEACTIVE symbol 'lbl_72_bss_8' is either not a global symbol or doesn't 
#   exist.  Ignored.
[396/479] LINK build\RSBE01_01\st_dxrcruise\st_dxrcruise.plf
[397/479] LINK build\RSBE01_01\st_dxcorneria\st_dxcorneria.plf
### build\compilers\GC\3.0a5.2\mwldeppc.exe Linker Warning:
#   FORCEACTIVE symbol 'lbl_82_rodata_C0' is either not a global symbol or 
#   doesn't exist.  Ignored.
### build\compilers\GC\3.0a5.2\mwldeppc.exe Linker Warning:
#   FORCEACTIVE symbol 'lbl_82_rodata_C4' is either not a global symbol or 
#   doesn't exist.  Ignored.
### build\compilers\GC\3.0a5.2\mwldeppc.exe Linker Warning:
#   FORCEACTIVE symbol 'lbl_82_rodata_C8' is either not a global symbol or 
#   doesn't exist.  Ignored.
### build\compilers\GC\3.0a5.2\mwldeppc.exe Linker Warning:
#   FORCEACTIVE symbol 'lbl_82_data_6B0' is either not a global symbol or 
#   doesn't exist.  Ignored.
### build\compilers\GC\3.0a5.2\mwldeppc.exe Linker Warning:
#   FORCEACTIVE symbol 'lbl_82_data_8A0' is either not a global symbol or 
#   doesn't exist.  Ignored.
### build\compilers\GC\3.0a5.2\mwldeppc.exe Linker Warning:
#   FORCEACTIVE symbol 'lbl_82_data_8B4' is either not a global symbol or 
#   doesn't exist.  Ignored.
### build\compilers\GC\3.0a5.2\mwldeppc.exe Linker Warning:
#   FORCEACTIVE symbol 'lbl_82_data_AB8' is either not a global symbol or 
#   doesn't exist.  Ignored.
### build\compilers\GC\3.0a5.2\mwldeppc.exe Linker Warning:
#   FORCEACTIVE symbol 'lbl_82_data_AC8' is either not a global symbol or 
#   doesn't exist.  Ignored.
### build\compilers\GC\3.0a5.2\mwldeppc.exe Linker Warning:
#   FORCEACTIVE symbol 'lbl_82_data_B08' is either not a global symbol or 
#   doesn't exist.  Ignored.
### build\compilers\GC\3.0a5.2\mwldeppc.exe Linker Warning:
#   FORCEACTIVE symbol 'lbl_82_data_B14' is either not a global symbol or 
#   doesn't exist.  Ignored.
### build\compilers\GC\3.0a5.2\mwldeppc.exe Linker Warning:
#   FORCEACTIVE symbol 'lbl_82_data_B48' is either not a global symbol or 
#   doesn't exist.  Ignored.
### build\compilers\GC\3.0a5.2\mwldeppc.exe Linker Warning:
#   FORCEACTIVE symbol 'lbl_82_data_B58' is either not a global symbol or 
#   doesn't exist.  Ignored.
### build\compilers\GC\3.0a5.2\mwldeppc.exe Linker Warning:
#   FORCEACTIVE symbol 'lbl_82_data_B88' is either not a global symbol or 
#   doesn't exist.  Ignored.
### build\compilers\GC\3.0a5.2\mwldeppc.exe Linker Warning:
#   FORCEACTIVE symbol 'lbl_82_data_B94' is either not a global symbol or 
#   doesn't exist.  Ignored.
### build\compilers\GC\3.0a5.2\mwldeppc.exe Linker Warning:
#   FORCEACTIVE symbol 'lbl_82_data_BB8' is either not a global symbol or 
#   doesn't exist.  Ignored.
### build\compilers\GC\3.0a5.2\mwldeppc.exe Linker Warning:
#   FORCEACTIVE symbol 'lbl_82_data_BC4' is either not a global symbol or 
#   doesn't exist.  Ignored.
### build\compilers\GC\3.0a5.2\mwldeppc.exe Linker Warning:
#   FORCEACTIVE symbol 'lbl_82_data_BE0' is either not a global symbol or 
#   doesn't exist.  Ignored.
### build\compilers\GC\3.0a5.2\mwldeppc.exe Linker Warning:
#   FORCEACTIVE symbol 'lbl_82_data_BE8' is either not a global symbol or 
#   doesn't exist.  Ignored.
[398/479] LINK build\RSBE01_01\st_dxbigblue\st_dxbigblue.plf
### build\compilers\GC\3.0a5.2\mwldeppc.exe Linker Warning:
#   FORCEACTIVE symbol 'lbl_81_rodata_90' is either not a global symbol or 
#   doesn't exist.  Ignored.
### build\compilers\GC\3.0a5.2\mwldeppc.exe Linker Warning:
#   FORCEACTIVE symbol 'lbl_81_data_970' is either not a global symbol or 
#   doesn't exist.  Ignored.
### build\compilers\GC\3.0a5.2\mwldeppc.exe Linker Warning:
#   FORCEACTIVE symbol 'lbl_81_data_97C' is either not a global symbol or 
#   doesn't exist.  Ignored.
### build\compilers\GC\3.0a5.2\mwldeppc.exe Linker Warning:
#   FORCEACTIVE symbol 'lbl_81_data_9A8' is either not a global symbol or 
#   doesn't exist.  Ignored.
### build\compilers\GC\3.0a5.2\mwldeppc.exe Linker Warning:
#   FORCEACTIVE symbol 'lbl_81_data_9B4' is either not a global symbol or 
#   doesn't exist.  Ignored.
### build\compilers\GC\3.0a5.2\mwldeppc.exe Linker Warning:
#   FORCEACTIVE symbol 'lbl_81_data_9D8' is either not a global symbol or 
#   doesn't exist.  Ignored.
### build\compilers\GC\3.0a5.2\mwldeppc.exe Linker Warning:
#   FORCEACTIVE symbol 'lbl_81_data_9E4' is either not a global symbol or 
#   doesn't exist.  Ignored.
### build\compilers\GC\3.0a5.2\mwldeppc.exe Linker Warning:
#   FORCEACTIVE symbol 'lbl_81_data_A00' is either not a global symbol or 
#   doesn't exist.  Ignored.
### build\compilers\GC\3.0a5.2\mwldeppc.exe Linker Warning:
#   FORCEACTIVE symbol 'lbl_81_data_A08' is either not a global symbol or 
#   doesn't exist.  Ignored.
[399/479] LINK build\RSBE01_01\st_otrain\st_otrain.plf
### build\compilers\GC\3.0a5.2\mwldeppc.exe Linker Warning:
#   FORCEACTIVE symbol '__sinit_\st_onlinetrainning_cpp' is either not a 
#   global symbol or doesn't exist.  Ignored.
### build\compilers\GC\3.0a5.2\mwldeppc.exe Linker Warning:
#   FORCEACTIVE symbol 'lbl_86_rodata_0' is either not a global symbol or 
#   doesn't exist.  Ignored.
### build\compilers\GC\3.0a5.2\mwldeppc.exe Linker Warning:
#   FORCEACTIVE symbol 'lbl_86_rodata_4' is either not a global symbol or 
#   doesn't exist.  Ignored.
### build\compilers\GC\3.0a5.2\mwldeppc.exe Linker Warning:
#   FORCEACTIVE symbol 'lbl_86_rodata_8' is either not a global symbol or 
#   doesn't exist.  Ignored.
### build\compilers\GC\3.0a5.2\mwldeppc.exe Linker Warning:
#   FORCEACTIVE symbol 'lbl_86_data_4' is either not a global symbol or 
#   doesn't exist.  Ignored.
### build\compilers\GC\3.0a5.2\mwldeppc.exe Linker Warning:
#   FORCEACTIVE symbol 'lbl_86_data_264' is either not a global symbol or 
#   doesn't exist.  Ignored.
### build\compilers\GC\3.0a5.2\mwldeppc.exe Linker Warning:
#   FORCEACTIVE symbol 'lbl_86_data_278' is either not a global symbol or 
#   doesn't exist.  Ignored.
### build\compilers\GC\3.0a5.2\mwldeppc.exe Linker Warning:
#   FORCEACTIVE symbol 'lbl_86_data_2A8' is either not a global symbol or 
#   doesn't exist.  Ignored.
### build\compilers\GC\3.0a5.2\mwldeppc.exe Linker Warning:
#   FORCEACTIVE symbol 'lbl_86_data_2B0' is either not a global symbol or 
#   doesn't exist.  Ignored.
### build\compilers\GC\3.0a5.2\mwldeppc.exe Linker Warning:
#   FORCEACTIVE symbol 'lbl_86_data_2D8' is either not a global symbol or 
#   doesn't exist.  Ignored.
### build\compilers\GC\3.0a5.2\mwldeppc.exe Linker Warning:
#   FORCEACTIVE symbol 'lbl_86_data_2E8' is either not a global symbol or 
#   doesn't exist.  Ignored.
### build\compilers\GC\3.0a5.2\mwldeppc.exe Linker Warning:
#   FORCEACTIVE symbol 'lbl_86_data_308' is either not a global symbol or 
#   doesn't exist.  Ignored.
### build\compilers\GC\3.0a5.2\mwldeppc.exe Linker Warning:
#   FORCEACTIVE symbol 'lbl_86_data_310' is either not a global symbol or 
#   doesn't exist.  Ignored.
### build\compilers\GC\3.0a5.2\mwldeppc.exe Linker Warning:
#   FORCEACTIVE symbol 'lbl_86_data_328' is either not a global symbol or 
#   doesn't exist.  Ignored.
### build\compilers\GC\3.0a5.2\mwldeppc.exe Linker Warning:
#   FORCEACTIVE symbol 'lbl_86_data_34C' is either not a global symbol or 
#   doesn't exist.  Ignored.
### build\compilers\GC\3.0a5.2\mwldeppc.exe Linker Warning:
#   FORCEACTIVE symbol 'lbl_86_data_374' is either not a global symbol or 
#   doesn't exist.  Ignored.
### build\compilers\GC\3.0a5.2\mwldeppc.exe Linker Warning:
#   FORCEACTIVE symbol 'lbl_86_data_388' is either not a global symbol or 
#   doesn't exist.  Ignored.
### build\compilers\GC\3.0a5.2\mwldeppc.exe Linker Warning:
#   FORCEACTIVE symbol 'lbl_86_bss_8' is either not a global symbol or doesn't 
#   exist.  Ignored.
[400/479] LINK build\RSBE01_01\sora_enemy\sora_enemy.plf
### build\compilers\GC\3.0a5.2\mwldeppc.exe Linker Warning:
#   FORCEACTIVE symbol 
#   'emResourceModuleImpl::DeleteExParam<emKuriboParam>(void)' is either not a 
#   global symbol or doesn't exist.  Ignored.
### build\compilers\GC\3.0a5.2\mwldeppc.exe Linker Warning:
#   FORCEACTIVE symbol 
#   'emResourceModuleImpl::DeleteExParam<emPopperamParam>(void)' is either not 
#   a global symbol or doesn't exist.  Ignored.
### build\compilers\GC\3.0a5.2\mwldeppc.exe Linker Warning:
#   FORCEACTIVE symbol 
#   'emResourceModuleImpl::DeleteExParam<emPacciParam>(void)' is either not a 
#   global symbol or doesn't exist.  Ignored.
### build\compilers\GC\3.0a5.2\mwldeppc.exe Linker Warning:
#   FORCEACTIVE symbol 
#   'emResourceModuleImpl::DeleteExParam<emJyakeelParam>(void)' is either not 
#   a global symbol or doesn't exist.  Ignored.
### build\compilers\GC\3.0a5.2\mwldeppc.exe Linker Warning:
#   FORCEACTIVE symbol 
#   'emResourceModuleImpl::DeleteExParam<emAroarosParam>(void)' is either not 
#   a global symbol or doesn't exist.  Ignored.
### build\compilers\GC\3.0a5.2\mwldeppc.exe Linker Warning:
#   FORCEACTIVE symbol 
#   'emResourceModuleImpl::DeleteExParam<emCymalParam>(void)' is either not a 
#   global symbol or doesn't exist.  Ignored.
### build\compilers\GC\3.0a5.2\mwldeppc.exe Linker Warning:
#   FORCEACTIVE symbol 
#   'emResourceModuleImpl::DeleteExParam<emDeathpodParam>(void)' is either not 
#   a global symbol or doesn't exist.  Ignored.
### build\compilers\GC\3.0a5.2\mwldeppc.exe Linker Warning:
#   FORCEACTIVE symbol 
#   'emResourceModuleImpl::DeleteExParam<emBoobasParam>(void)' is either not a 
#   global symbol or doesn't exist.  Ignored.
### build\compilers\GC\3.0a5.2\mwldeppc.exe Linker Warning:
#   FORCEACTIVE symbol 
#   'emResourceModuleImpl::DeleteExParam<emDekakuriboParam>(void)' is either 
#   not a global symbol or doesn't exist.  Ignored.
### build\compilers\GC\3.0a5.2\mwldeppc.exe Linker Warning:
#   FORCEACTIVE symbol 
#   'emResourceModuleImpl::DeleteExParam<emBotronParam>(void)' is either not a 
#   global symbol or doesn't exist.  Ignored.
### build\compilers\GC\3.0a5.2\mwldeppc.exe Linker Warning:
#   FORCEACTIVE symbol 
#   'emResourceModuleImpl::DeleteExParam<emBucyulusParam>(void)' is either not 
#   a global symbol or doesn't exist.  Ignored.
### build\compilers\GC\3.0a5.2\mwldeppc.exe Linker Warning:
#   FORCEACTIVE symbol 
#   'emResourceModuleImpl::DeleteExParam<emGyraanParam>(void)' is either not a 
#   global symbol or doesn't exist.  Ignored.
### build\compilers\GC\3.0a5.2\mwldeppc.exe Linker Warning:
#   FORCEACTIVE symbol 
#   'emResourceModuleImpl::DeleteExParam<emSiralamosParam>(void)' is either 
#   not a global symbol or doesn't exist.  Ignored.
### build\compilers\GC\3.0a5.2\mwldeppc.exe Linker Warning:
#   FORCEACTIVE symbol 
#   'emResourceModuleImpl::DeleteExParam<emKillerParam>(void)' is either not a 
#   global symbol or doesn't exist.  Ignored.
### build\compilers\GC\3.0a5.2\mwldeppc.exe Linker Warning:
#   FORCEACTIVE symbol 
#   'emResourceModuleImpl::DeleteExParam<emRoadaParam>(void)' is either not a 
#   global symbol or doesn't exist.  Ignored.
### build\compilers\GC\3.0a5.2\mwldeppc.exe Linker Warning:
#   FORCEACTIVE symbol 
#   'emResourceModuleImpl::DeleteExParam<emSparParam>(void)' is either not a 
#   global symbol or doesn't exist.  Ignored.
### build\compilers\GC\3.0a5.2\mwldeppc.exe Linker Warning:
#   FORCEACTIVE symbol 
#   'emResourceModuleImpl::DeleteExParam<emMiteParam>(void)' is either not a 
#   global symbol or doesn't exist.  Ignored.
### build\compilers\GC\3.0a5.2\mwldeppc.exe Linker Warning:
#   FORCEACTIVE symbol 
#   'emResourceModuleImpl::DeleteExParam<emTeckinParam>(void)' is either not a 
#   global symbol or doesn't exist.  Ignored.
### build\compilers\GC\3.0a5.2\mwldeppc.exe Linker Warning:
#   FORCEACTIVE symbol 
#   'emResourceModuleImpl::DeleteExParam<emTautauParam>(void)' is either not a 
#   global symbol or doesn't exist.  Ignored.
### build\compilers\GC\3.0a5.2\mwldeppc.exe Linker Warning:
#   FORCEACTIVE symbol 
#   'emResourceModuleImpl::DeleteExParam<emHammerbrosParam>(void)' is either 
#   not a global symbol or doesn't exist.  Ignored.
### build\compilers\GC\3.0a5.2\mwldeppc.exe Linker Warning:
#   FORCEACTIVE symbol 
#   'emResourceModuleImpl::DeleteExParam<emBitanParam>(void)' is either not a 
#   global symbol or doesn't exist.  Ignored.
### build\compilers\GC\3.0a5.2\mwldeppc.exe Linker Warning:
#   FORCEACTIVE symbol 
#   'emResourceModuleImpl::DeleteExParam<emFlowsParam>(void)' is either not a 
#   global symbol or doesn't exist.  Ignored.
### build\compilers\GC\3.0a5.2\mwldeppc.exe Linker Warning:
#   FORCEACTIVE symbol 
#   'emResourceModuleImpl::DeleteExParam<emKokkonParam>(void)' is either not a 
#   global symbol or doesn't exist.  Ignored.
### build\compilers\GC\3.0a5.2\mwldeppc.exe Linker Warning:
#   FORCEACTIVE symbol 
#   'emResourceModuleImpl::DeleteExParam<emPrimParam>(void)' is either not a 
#   global symbol or doesn't exist.  Ignored.
### build\compilers\GC\3.0a5.2\mwldeppc.exe Linker Warning:
#   FORCEACTIVE symbol 
#   'emResourceModuleImpl::DeleteExParam<emShellyParam>(void)' is either not a 
#   global symbol or doesn't exist.  Ignored.
### build\compilers\GC\3.0a5.2\mwldeppc.exe Linker Warning:
#   FORCEACTIVE symbol 
#   'emResourceModuleImpl::DeleteExParam<emPatapataParam>(void)' is either not 
#   a global symbol or doesn't exist.  Ignored.
### build\compilers\GC\3.0a5.2\mwldeppc.exe Linker Warning:
#   FORCEACTIVE symbol 
#   'emResourceModuleImpl::DeleteExParam<emJdusParam>(void)' is either not a 
#   global symbol or doesn't exist.  Ignored.
### build\compilers\GC\3.0a5.2\mwldeppc.exe Linker Warning:
#   FORCEACTIVE symbol 
#   'emResourceModuleImpl::DeleteExParam<emBombheadParam>(void)' is either not 
#   a global symbol or doesn't exist.  Ignored.
### build\compilers\GC\3.0a5.2\mwldeppc.exe Linker Warning:
#   FORCEACTIVE symbol 
#   'emResourceModuleImpl::DeleteExParam<emNgagogParam>(void)' is either not a 
#   global symbol or doesn't exist.  Ignored.
### build\compilers\GC\3.0a5.2\mwldeppc.exe Linker Warning:
#   FORCEACTIVE symbol 
#   'emResourceModuleImpl::DeleteExParam<emFaulongParam>(void)' is either not 
#   a global symbol or doesn't exist.  Ignored.
### build\compilers\GC\3.0a5.2\mwldeppc.exe Linker Warning:
#   FORCEACTIVE symbol 
#   'emResourceModuleImpl::DeleteExParam<emGhamghaParam>(void)' is either not 
#   a global symbol or doesn't exist.  Ignored.
### build\compilers\GC\3.0a5.2\mwldeppc.exe Linker Warning:
#   FORCEACTIVE symbol 
#   'emResourceModuleImpl::DeleteExParam<emRobobeamParam>(void)' is either not 
#   a global symbol or doesn't exist.  Ignored.
### build\compilers\GC\3.0a5.2\mwldeppc.exe Linker Warning:
#   FORCEACTIVE symbol 
#   'emResourceModuleImpl::DeleteExParam<emRobodistanceParam>(void)' is either 
#   not a global symbol or doesn't exist.  Ignored.
### build\compilers\GC\3.0a5.2\mwldeppc.exe Linker Warning:
#   FORCEACTIVE symbol 
#   'emResourceModuleImpl::DeleteExParam<emRobohomingParam>(void)' is either 
#   not a global symbol or doesn't exist.  Ignored.
### build\compilers\GC\3.0a5.2\mwldeppc.exe Linker Warning:
#   FORCEACTIVE symbol 
#   'emResourceModuleImpl::DeleteExParam<emRobopunchParam>(void)' is either 
#   not a global symbol or doesn't exist.  Ignored.
### build\compilers\GC\3.0a5.2\mwldeppc.exe Linker Warning:
#   FORCEACTIVE symbol 
#   'emResourceModuleImpl::DeleteExParam<emCataguardParam>(void)' is either 
#   not a global symbol or doesn't exist.  Ignored.
### build\compilers\GC\3.0a5.2\mwldeppc.exe Linker Warning:
#   FORCEACTIVE symbol 
#   'emResourceModuleImpl::DeleteExParam<emArmanParam>(void)' is either not a 
#   global symbol or doesn't exist.  Ignored.
### build\compilers\GC\3.0a5.2\mwldeppc.exe Linker Warning:
#   FORCEACTIVE symbol 
#   'emResourceModuleImpl::DeleteExParam<emGalfireParam>(void)' is either not 
#   a global symbol or doesn't exist.  Ignored.
### build\compilers\GC\3.0a5.2\mwldeppc.exe Linker Warning:
#   FORCEACTIVE symbol 
#   'emResourceModuleImpl::DeleteExParam<emBosspackunParam>(void)' is either 
#   not a global symbol or doesn't exist.  Ignored.
### build\compilers\GC\3.0a5.2\mwldeppc.exe Linker Warning:
#   FORCEACTIVE symbol 
#   'emResourceModuleImpl::DeleteExParam<emGhamghabaseParam>(void)' is either 
#   not a global symbol or doesn't exist.  Ignored.
### build\compilers\GC\3.0a5.2\mwldeppc.exe Linker Warning:
#   FORCEACTIVE symbol 
#   'emResourceModuleImpl::DeleteExParam<emGalleomParam>(void)' is either not 
#   a global symbol or doesn't exist.  Ignored.
### build\compilers\GC\3.0a5.2\mwldeppc.exe Linker Warning:
#   FORCEACTIVE symbol 
#   'emResourceModuleImpl::DeleteExParam<emRidleyParam>(void)' is either not a 
#   global symbol or doesn't exist.  Ignored.
### build\compilers\GC\3.0a5.2\mwldeppc.exe Linker Warning:
#   FORCEACTIVE symbol 
#   'emResourceModuleImpl::DeleteExParam<emRayquazaParam>(void)' is either not 
#   a global symbol or doesn't exist.  Ignored.
### build\compilers\GC\3.0a5.2\mwldeppc.exe Linker Warning:
#   FORCEACTIVE symbol 
#   'emResourceModuleImpl::DeleteExParam<emDuonParam>(void)' is either not a 
#   global symbol or doesn't exist.  Ignored.
### build\compilers\GC\3.0a5.2\mwldeppc.exe Linker Warning:
#   FORCEACTIVE symbol 
#   'emResourceModuleImpl::DeleteExParam<emPorkyParam>(void)' is either not a 
#   global symbol or doesn't exist.  Ignored.
### build\compilers\GC\3.0a5.2\mwldeppc.exe Linker Warning:
#   FORCEACTIVE symbol 
#   'emResourceModuleImpl::DeleteExParam<emMetaridleyParam>(void)' is either 
#   not a global symbol or doesn't exist.  Ignored.
### build\compilers\GC\3.0a5.2\mwldeppc.exe Linker Warning:
#   FORCEACTIVE symbol 
#   'emResourceModuleImpl::DeleteExParam<emFalconflyerParam>(void)' is either 
#   not a global symbol or doesn't exist.  Ignored.
### build\compilers\GC\3.0a5.2\mwldeppc.exe Linker Warning:
#   FORCEACTIVE symbol 
#   'emResourceModuleImpl::DeleteExParam<emTabooParam>(void)' is either not a 
#   global symbol or doesn't exist.  Ignored.
### build\compilers\GC\3.0a5.2\mwldeppc.exe Linker Warning:
#   FORCEACTIVE symbol 
#   'emResourceModuleImpl::DeleteExParam<emMasterhandParam>(void)' is either 
#   not a global symbol or doesn't exist.  Ignored.
### build\compilers\GC\3.0a5.2\mwldeppc.exe Linker Warning:
#   FORCEACTIVE symbol 
#   'emResourceModuleImpl::DeleteExParam<emCrazyhandParam>(void)' is either 
#   not a global symbol or doesn't exist.  Ignored.
### build\compilers\GC\3.0a5.2\mwldeppc.exe Linker Warning:
#   FORCEACTIVE symbol 'emInfo::isInvalidKind(emKind)' is either not a global 
#   symbol or doesn't exist.  Ignored.
### build\compilers\GC\3.0a5.2\mwldeppc.exe Linker Warning:
#   FORCEACTIVE symbol 'emInfo::getMotionNum(emKind)' is either not a global 
#   symbol or doesn't exist.  Ignored.
### build\compilers\GC\3.0a5.2\mwldeppc.exe Linker Warning:
#   FORCEACTIVE symbol 'emInfo::getStatusNum(emKind)' is either not a global 
#   symbol or doesn't exist.  Ignored.
### build\compilers\GC\3.0a5.2\mwldeppc.exe Linker Warning:
#   FORCEACTIVE symbol 'emInfo::getNamePtr()' is either not a global symbol or 
#   doesn't exist.  Ignored.
### build\compilers\GC\3.0a5.2\mwldeppc.exe Linker Warning:
#   FORCEACTIVE symbol '__sinit_\em_info_cpp' is either not a global symbol or 
#   doesn't exist.  Ignored.
### build\compilers\GC\3.0a5.2\mwldeppc.exe Linker Warning:
#   FORCEACTIVE symbol '__sinit_\em_robopunch_param_accesser_cpp' is either 
#   not a global symbol or doesn't exist.  Ignored.
### build\compilers\GC\3.0a5.2\mwldeppc.exe Linker Warning:
#   FORCEACTIVE symbol 'lbl_41_rodata_BD8' is either not a global symbol or 
#   doesn't exist.  Ignored.
### build\compilers\GC\3.0a5.2\mwldeppc.exe Linker Warning:
#   FORCEACTIVE symbol 'lbl_41_rodata_D88' is either not a global symbol or 
#   doesn't exist.  Ignored.
### build\compilers\GC\3.0a5.2\mwldeppc.exe Linker Warning:
#   FORCEACTIVE symbol 'lbl_41_rodata_D90' is either not a global symbol or 
#   doesn't exist.  Ignored.
### build\compilers\GC\3.0a5.2\mwldeppc.exe Linker Warning:
#   FORCEACTIVE symbol 'lbl_41_rodata_E88' is either not a global symbol or 
#   doesn't exist.  Ignored.
### build\compilers\GC\3.0a5.2\mwldeppc.exe Linker Warning:
#   FORCEACTIVE symbol 'lbl_41_rodata_E90' is either not a global symbol or 
#   doesn't exist.  Ignored.
### build\compilers\GC\3.0a5.2\mwldeppc.exe Linker Warning:
#   FORCEACTIVE symbol 'lbl_41_rodata_E98' is either not a global symbol or 
#   doesn't exist.  Ignored.
### build\compilers\GC\3.0a5.2\mwldeppc.exe Linker Warning:
#   FORCEACTIVE symbol 'lbl_41_rodata_EA0' is either not a global symbol or 
#   doesn't exist.  Ignored.
### build\compilers\GC\3.0a5.2\mwldeppc.exe Linker Warning:
#   FORCEACTIVE symbol 'lbl_41_rodata_EB0' is either not a global symbol or 
#   doesn't exist.  Ignored.
### build\compilers\GC\3.0a5.2\mwldeppc.exe Linker Warning:
#   FORCEACTIVE symbol 'lbl_41_rodata_EB8' is either not a global symbol or 
#   doesn't exist.  Ignored.
### build\compilers\GC\3.0a5.2\mwldeppc.exe Linker Warning:
#   FORCEACTIVE symbol 'lbl_41_rodata_EC0' is either not a global symbol or 
#   doesn't exist.  Ignored.
### build\compilers\GC\3.0a5.2\mwldeppc.exe Linker Warning:
#   FORCEACTIVE symbol 'lbl_41_rodata_ED0' is either not a global symbol or 
#   doesn't exist.  Ignored.
### build\compilers\GC\3.0a5.2\mwldeppc.exe Linker Warning:
#   FORCEACTIVE symbol 'lbl_41_rodata_ED8' is either not a global symbol or 
#   doesn't exist.  Ignored.
### build\compilers\GC\3.0a5.2\mwldeppc.exe Linker Warning:
#   FORCEACTIVE symbol 'lbl_41_rodata_EE0' is either not a global symbol or 
#   doesn't exist.  Ignored.
### build\compilers\GC\3.0a5.2\mwldeppc.exe Linker Warning:
#   FORCEACTIVE symbol 'lbl_41_rodata_EE8' is either not a global symbol or 
#   doesn't exist.  Ignored.
### build\compilers\GC\3.0a5.2\mwldeppc.exe Linker Warning:
#   FORCEACTIVE symbol 'lbl_41_rodata_EF8' is either not a global symbol or 
#   doesn't exist.  Ignored.
### build\compilers\GC\3.0a5.2\mwldeppc.exe Linker Warning:
#   FORCEACTIVE symbol 'lbl_41_rodata_F08' is either not a global symbol or 
#   doesn't exist.  Ignored.
### build\compilers\GC\3.0a5.2\mwldeppc.exe Linker Warning:
#   FORCEACTIVE symbol 'lbl_41_rodata_F20' is either not a global symbol or 
#   doesn't exist.  Ignored.
### build\compilers\GC\3.0a5.2\mwldeppc.exe Linker Warning:
#   FORCEACTIVE symbol 'lbl_41_rodata_F28' is either not a global symbol or 
#   doesn't exist.  Ignored.
### build\compilers\GC\3.0a5.2\mwldeppc.exe Linker Warning:
#   FORCEACTIVE symbol 'lbl_41_rodata_F30' is either not a global symbol or 
#   doesn't exist.  Ignored.
### build\compilers\GC\3.0a5.2\mwldeppc.exe Linker Warning:
#   FORCEACTIVE symbol 'lbl_41_rodata_F70' is either not a global symbol or 
#   doesn't exist.  Ignored.
### build\compilers\GC\3.0a5.2\mwldeppc.exe Linker Warning:
#   FORCEACTIVE symbol 'lbl_41_rodata_1038' is either not a global symbol or 
#   doesn't exist.  Ignored.
### build\compilers\GC\3.0a5.2\mwldeppc.exe Linker Warning:
#   FORCEACTIVE symbol 'lbl_41_rodata_1040' is either not a global symbol or 
#   doesn't exist.  Ignored.
### build\compilers\GC\3.0a5.2\mwldeppc.exe Linker Warning:
#   FORCEACTIVE symbol 'lbl_41_rodata_1048' is either not a global symbol or 
#   doesn't exist.  Ignored.
### build\compilers\GC\3.0a5.2\mwldeppc.exe Linker Warning:
#   FORCEACTIVE symbol 'lbl_41_rodata_1050' is either not a global symbol or 
#   doesn't exist.  Ignored.
### build\compilers\GC\3.0a5.2\mwldeppc.exe Linker Warning:
#   FORCEACTIVE symbol 'lbl_41_rodata_1058' is either not a global symbol or 
#   doesn't exist.  Ignored.
### build\compilers\GC\3.0a5.2\mwldeppc.exe Linker Warning:
#   FORCEACTIVE symbol 'lbl_41_rodata_1060' is either not a global symbol or 
#   doesn't exist.  Ignored.
### build\compilers\GC\3.0a5.2\mwldeppc.exe Linker Warning:
#   FORCEACTIVE symbol 'lbl_41_rodata_1070' is either not a global symbol or 
#   doesn't exist.  Ignored.
### build\compilers\GC\3.0a5.2\mwldeppc.exe Linker Warning:
#   FORCEACTIVE symbol 'lbl_41_rodata_1078' is either not a global symbol or 
#   doesn't exist.  Ignored.
### build\compilers\GC\3.0a5.2\mwldeppc.exe Linker Warning:
#   FORCEACTIVE symbol 'lbl_41_rodata_1090' is either not a global symbol or 
#   doesn't exist.  Ignored.
### build\compilers\GC\3.0a5.2\mwldeppc.exe Linker Warning:
#   FORCEACTIVE symbol 'lbl_41_rodata_1098' is either not a global symbol or 
#   doesn't exist.  Ignored.
### build\compilers\GC\3.0a5.2\mwldeppc.exe Linker Warning:
#   FORCEACTIVE symbol 'lbl_41_rodata_10A0' is either not a global symbol or 
#   doesn't exist.  Ignored.
### build\compilers\GC\3.0a5.2\mwldeppc.exe Linker Warning:
#   FORCEACTIVE symbol 'lbl_41_rodata_10A8' is either not a global symbol or 
#   doesn't exist.  Ignored.
### build\compilers\GC\3.0a5.2\mwldeppc.exe Linker Warning:
#   FORCEACTIVE symbol 'lbl_41_rodata_10B0' is either not a global symbol or 
#   doesn't exist.  Ignored.
### build\compilers\GC\3.0a5.2\mwldeppc.exe Linker Warning:
#   FORCEACTIVE symbol 'lbl_41_rodata_10C0' is either not a global symbol or 
#   doesn't exist.  Ignored.
### build\compilers\GC\3.0a5.2\mwldeppc.exe Linker Warning:
#   FORCEACTIVE symbol 'lbl_41_rodata_10C8' is either not a global symbol or 
#   doesn't exist.  Ignored.
### build\compilers\GC\3.0a5.2\mwldeppc.exe Linker Warning:
#   FORCEACTIVE symbol 'lbl_41_rodata_10D8' is either not a global symbol or 
#   doesn't exist.  Ignored.
### build\compilers\GC\3.0a5.2\mwldeppc.exe Linker Warning:
#   FORCEACTIVE symbol 'lbl_41_rodata_10E0' is either not a global symbol or 
#   doesn't exist.  Ignored.
### build\compilers\GC\3.0a5.2\mwldeppc.exe Linker Warning:
#   FORCEACTIVE symbol 'lbl_41_rodata_10E8' is either not a global symbol or 
#   doesn't exist.  Ignored.
### build\compilers\GC\3.0a5.2\mwldeppc.exe Linker Warning:
#   FORCEACTIVE symbol 'lbl_41_rodata_10F0' is either not a global symbol or 
#   doesn't exist.  Ignored.
### build\compilers\GC\3.0a5.2\mwldeppc.exe Linker Warning:
#   FORCEACTIVE symbol 'lbl_41_rodata_10F8' is either not a global symbol or 
#   doesn't exist.  Ignored.
### build\compilers\GC\3.0a5.2\mwldeppc.exe Linker Warning:
#   FORCEACTIVE symbol 'lbl_41_rodata_1108' is either not a global symbol or 
#   doesn't exist.  Ignored.
### build\compilers\GC\3.0a5.2\mwldeppc.exe Linker Warning:
#   FORCEACTIVE symbol 'lbl_41_rodata_1110' is either not a global symbol or 
#   doesn't exist.  Ignored.
### build\compilers\GC\3.0a5.2\mwldeppc.exe Linker Warning:
#   FORCEACTIVE symbol 'lbl_41_rodata_1118' is either not a global symbol or 
#   doesn't exist.  Ignored.
### build\compilers\GC\3.0a5.2\mwldeppc.exe Linker Warning:
#   FORCEACTIVE symbol 'lbl_41_rodata_1128' is either not a global symbol or 
#   doesn't exist.  Ignored.
### build\compilers\GC\3.0a5.2\mwldeppc.exe Linker Warning:
#   FORCEACTIVE symbol 'lbl_41_rodata_1130' is either not a global symbol or 
#   doesn't exist.  Ignored.
### build\compilers\GC\3.0a5.2\mwldeppc.exe Linker Warning:
#   FORCEACTIVE symbol 'lbl_41_rodata_1140' is either not a global symbol or 
#   doesn't exist.  Ignored.
### build\compilers\GC\3.0a5.2\mwldeppc.exe Linker Warning:
#   FORCEACTIVE symbol 'lbl_41_rodata_1148' is either not a global symbol or 
#   doesn't exist.  Ignored.
### build\compilers\GC\3.0a5.2\mwldeppc.exe Linker Warning:
#   FORCEACTIVE symbol 'lbl_41_rodata_1150' is either not a global symbol or 
#   doesn't exist.  Ignored.
### build\compilers\GC\3.0a5.2\mwldeppc.exe Linker Warning:
#   FORCEACTIVE symbol 'lbl_41_rodata_1160' is either not a global symbol or 
#   doesn't exist.  Ignored.
### build\compilers\GC\3.0a5.2\mwldeppc.exe Linker Warning:
#   FORCEACTIVE symbol 'lbl_41_rodata_1178' is either not a global symbol or 
#   doesn't exist.  Ignored.
### build\compilers\GC\3.0a5.2\mwldeppc.exe Linker Warning:
#   FORCEACTIVE symbol 'lbl_41_rodata_1180' is either not a global symbol or 
#   doesn't exist.  Ignored.
### build\compilers\GC\3.0a5.2\mwldeppc.exe Linker Warning:
#   FORCEACTIVE symbol 'lbl_41_rodata_1190' is either not a global symbol or 
#   doesn't exist.  Ignored.
### build\compilers\GC\3.0a5.2\mwldeppc.exe Linker Warning:
#   FORCEACTIVE symbol 'lbl_41_rodata_11A0' is either not a global symbol or 
#   doesn't exist.  Ignored.
### build\compilers\GC\3.0a5.2\mwldeppc.exe Linker Warning:
#   FORCEACTIVE symbol 'lbl_41_rodata_11A8' is either not a global symbol or 
#   doesn't exist.  Ignored.
### build\compilers\GC\3.0a5.2\mwldeppc.exe Linker Warning:
#   FORCEACTIVE symbol 'lbl_41_rodata_11B8' is either not a global symbol or 
#   doesn't exist.  Ignored.
### build\compilers\GC\3.0a5.2\mwldeppc.exe Linker Warning:
#   FORCEACTIVE symbol 'lbl_41_rodata_11C8' is either not a global symbol or 
#   doesn't exist.  Ignored.
### build\compilers\GC\3.0a5.2\mwldeppc.exe Linker Warning:
#   FORCEACTIVE symbol 'lbl_41_data_1954' is either not a global symbol or 
#   doesn't exist.  Ignored.
### build\compilers\GC\3.0a5.2\mwldeppc.exe Linker Warning:
#   FORCEACTIVE symbol 'lbl_41_data_195C' is either not a global symbol or 
#   doesn't exist.  Ignored.
### build\compilers\GC\3.0a5.2\mwldeppc.exe Linker Warning:
#   FORCEACTIVE symbol 'lbl_41_data_1970' is either not a global symbol or 
#   doesn't exist.  Ignored.
### build\compilers\GC\3.0a5.2\mwldeppc.exe Linker Warning:
#   FORCEACTIVE symbol 'lbl_41_data_198C' is either not a global symbol or 
#   doesn't exist.  Ignored.
### build\compilers\GC\3.0a5.2\mwldeppc.exe Linker Warning:
#   FORCEACTIVE symbol 'lbl_41_data_2C18' is either not a global symbol or 
#   doesn't exist.  Ignored.
### build\compilers\GC\3.0a5.2\mwldeppc.exe Linker Warning:
#   FORCEACTIVE symbol 'lbl_41_data_2C23' is either not a global symbol or 
#   doesn't exist.  Ignored.
### build\compilers\GC\3.0a5.2\mwldeppc.exe Linker Warning:
#   FORCEACTIVE symbol 'lbl_41_data_2C60' is either not a global symbol or 
#   doesn't exist.  Ignored.
### build\compilers\GC\3.0a5.2\mwldeppc.exe Linker Warning:
#   FORCEACTIVE symbol 'lbl_41_data_2C78' is either not a global symbol or 
#   doesn't exist.  Ignored.
### build\compilers\GC\3.0a5.2\mwldeppc.exe Linker Warning:
#   FORCEACTIVE symbol 'lbl_41_data_2C9C' is either not a global symbol or 
#   doesn't exist.  Ignored.
### build\compilers\GC\3.0a5.2\mwldeppc.exe Linker Warning:
#   FORCEACTIVE symbol 'lbl_41_data_2CB4' is either not a global symbol or 
#   doesn't exist.  Ignored.
### build\compilers\GC\3.0a5.2\mwldeppc.exe Linker Warning:
#   FORCEACTIVE symbol 'lbl_41_data_2CD0' is either not a global symbol or 
#   doesn't exist.  Ignored.
### build\compilers\GC\3.0a5.2\mwldeppc.exe Linker Warning:
#   FORCEACTIVE symbol 'lbl_41_data_2CE4' is either not a global symbol or 
#   doesn't exist.  Ignored.
### build\compilers\GC\3.0a5.2\mwldeppc.exe Linker Warning:
#   FORCEACTIVE symbol 'lbl_41_data_3224' is either not a global symbol or 
#   doesn't exist.  Ignored.
### build\compilers\GC\3.0a5.2\mwldeppc.exe Linker Warning:
#   FORCEACTIVE symbol 'lbl_41_data_323C' is either not a global symbol or 
#   doesn't exist.  Ignored.
### build\compilers\GC\3.0a5.2\mwldeppc.exe Linker Warning:
#   FORCEACTIVE symbol 'lbl_41_data_3258' is either not a global symbol or 
#   doesn't exist.  Ignored.
### build\compilers\GC\3.0a5.2\mwldeppc.exe Linker Warning:
#   FORCEACTIVE symbol 'lbl_41_data_3268' is either not a global symbol or 
#   doesn't exist.  Ignored.
### build\compilers\GC\3.0a5.2\mwldeppc.exe Linker Warning:
#   FORCEACTIVE symbol 'lbl_41_data_36CC' is either not a global symbol or 
#   doesn't exist.  Ignored.
### build\compilers\GC\3.0a5.2\mwldeppc.exe Linker Warning:
#   FORCEACTIVE symbol 'lbl_41_data_36E0' is either not a global symbol or 
#   doesn't exist.  Ignored.
### build\compilers\GC\3.0a5.2\mwldeppc.exe Linker Warning:
#   FORCEACTIVE symbol 'lbl_41_data_36F4' is either not a global symbol or 
#   doesn't exist.  Ignored.
### build\compilers\GC\3.0a5.2\mwldeppc.exe Linker Warning:
#   FORCEACTIVE symbol 'lbl_41_data_3EE0' is either not a global symbol or 
#   doesn't exist.  Ignored.
### build\compilers\GC\3.0a5.2\mwldeppc.exe Linker Warning:
#   FORCEACTIVE symbol 'lbl_41_data_3EF8' is either not a global symbol or 
#   doesn't exist.  Ignored.
### build\compilers\GC\3.0a5.2\mwldeppc.exe Linker Warning:
#   FORCEACTIVE symbol 'lbl_41_data_6CFC' is either not a global symbol or 
#   doesn't exist.  Ignored.
### build\compilers\GC\3.0a5.2\mwldeppc.exe Linker Warning:
#   FORCEACTIVE symbol 'lbl_41_data_6D10' is either not a global symbol or 
#   doesn't exist.  Ignored.
### build\compilers\GC\3.0a5.2\mwldeppc.exe Linker Warning:
#   FORCEACTIVE symbol 'lbl_41_data_6D2C' is either not a global symbol or 
#   doesn't exist.  Ignored.
### build\compilers\GC\3.0a5.2\mwldeppc.exe Linker Warning:
#   FORCEACTIVE symbol 'lbl_41_data_6D3C' is either not a global symbol or 
#   doesn't exist.  Ignored.
### build\compilers\GC\3.0a5.2\mwldeppc.exe Linker Warning:
#   FORCEACTIVE symbol 'lbl_41_data_7194' is either not a global symbol or 
#   doesn't exist.  Ignored.
### build\compilers\GC\3.0a5.2\mwldeppc.exe Linker Warning:
#   FORCEACTIVE symbol 'lbl_41_data_71AC' is either not a global symbol or 
#   doesn't exist.  Ignored.
### build\compilers\GC\3.0a5.2\mwldeppc.exe Linker Warning:
#   FORCEACTIVE symbol 'lbl_41_data_7F54' is either not a global symbol or 
#   doesn't exist.  Ignored.
### build\compilers\GC\3.0a5.2\mwldeppc.exe Linker Warning:
#   FORCEACTIVE symbol 'lbl_41_data_7F70' is either not a global symbol or 
#   doesn't exist.  Ignored.
### build\compilers\GC\3.0a5.2\mwldeppc.exe Linker Warning:
#   FORCEACTIVE symbol 'lbl_41_data_8228' is either not a global symbol or 
#   doesn't exist.  Ignored.
### build\compilers\GC\3.0a5.2\mwldeppc.exe Linker Warning:
#   FORCEACTIVE symbol 'lbl_41_data_8240' is either not a global symbol or 
#   doesn't exist.  Ignored.
### build\compilers\GC\3.0a5.2\mwldeppc.exe Linker Warning:
#   FORCEACTIVE symbol 'lbl_41_data_84DC' is either not a global symbol or 
#   doesn't exist.  Ignored.
### build\compilers\GC\3.0a5.2\mwldeppc.exe Linker Warning:
#   FORCEACTIVE symbol 'lbl_41_data_84F4' is either not a global symbol or 
#   doesn't exist.  Ignored.
### build\compilers\GC\3.0a5.2\mwldeppc.exe Linker Warning:
#   FORCEACTIVE symbol 'lbl_41_data_8F7C' is either not a global symbol or 
#   doesn't exist.  Ignored.
### build\compilers\GC\3.0a5.2\mwldeppc.exe Linker Warning:
#   FORCEACTIVE symbol 'lbl_41_data_8F94' is either not a global symbol or 
#   doesn't exist.  Ignored.
### build\compilers\GC\3.0a5.2\mwldeppc.exe Linker Warning:
#   FORCEACTIVE symbol 'lbl_41_data_922C' is either not a global symbol or 
#   doesn't exist.  Ignored.
### build\compilers\GC\3.0a5.2\mwldeppc.exe Linker Warning:
#   FORCEACTIVE symbol 'lbl_41_data_9244' is either not a global symbol or 
#   doesn't exist.  Ignored.
### build\compilers\GC\3.0a5.2\mwldeppc.exe Linker Warning:
#   FORCEACTIVE symbol 'lbl_41_data_94DC' is either not a global symbol or 
#   doesn't exist.  Ignored.
### build\compilers\GC\3.0a5.2\mwldeppc.exe Linker Warning:
#   FORCEACTIVE symbol 'lbl_41_data_94F4' is either not a global symbol or 
#   doesn't exist.  Ignored.
### build\compilers\GC\3.0a5.2\mwldeppc.exe Linker Warning:
#   FORCEACTIVE symbol 'lbl_41_data_978C' is either not a global symbol or 
#   doesn't exist.  Ignored.
### build\compilers\GC\3.0a5.2\mwldeppc.exe Linker Warning:
#   FORCEACTIVE symbol 'lbl_41_data_97A4' is either not a global symbol or 
#   doesn't exist.  Ignored.
### build\compilers\GC\3.0a5.2\mwldeppc.exe Linker Warning:
#   FORCEACTIVE symbol 'lbl_41_data_9A3C' is either not a global symbol or 
#   doesn't exist.  Ignored.
### build\compilers\GC\3.0a5.2\mwldeppc.exe Linker Warning:
#   FORCEACTIVE symbol 'lbl_41_data_9A54' is either not a global symbol or 
#   doesn't exist.  Ignored.
### build\compilers\GC\3.0a5.2\mwldeppc.exe Linker Warning:
#   FORCEACTIVE symbol 'lbl_41_data_A53C' is either not a global symbol or 
#   doesn't exist.  Ignored.
### build\compilers\GC\3.0a5.2\mwldeppc.exe Linker Warning:
#   FORCEACTIVE symbol 'lbl_41_data_A554' is either not a global symbol or 
#   doesn't exist.  Ignored.
### build\compilers\GC\3.0a5.2\mwldeppc.exe Linker Warning:
#   FORCEACTIVE symbol 'lbl_41_data_A7F4' is either not a global symbol or 
#   doesn't exist.  Ignored.
### build\compilers\GC\3.0a5.2\mwldeppc.exe Linker Warning:
#   FORCEACTIVE symbol 'lbl_41_data_A810' is either not a global symbol or 
#   doesn't exist.  Ignored.
### build\compilers\GC\3.0a5.2\mwldeppc.exe Linker Warning:
#   FORCEACTIVE symbol 'lbl_41_data_AACC' is either not a global symbol or 
#   doesn't exist.  Ignored.
### build\compilers\GC\3.0a5.2\mwldeppc.exe Linker Warning:
#   FORCEACTIVE symbol 'lbl_41_data_AAE4' is either not a global symbol or 
#   doesn't exist.  Ignored.
### build\compilers\GC\3.0a5.2\mwldeppc.exe Linker Warning:
#   FORCEACTIVE symbol 'lbl_41_data_B424' is either not a global symbol or 
#   doesn't exist.  Ignored.
### build\compilers\GC\3.0a5.2\mwldeppc.exe Linker Warning:
#   FORCEACTIVE symbol 'lbl_41_data_B43C' is either not a global symbol or 
#   doesn't exist.  Ignored.
### build\compilers\GC\3.0a5.2\mwldeppc.exe Linker Warning:
#   FORCEACTIVE symbol 'lbl_41_data_BD60' is either not a global symbol or 
#   doesn't exist.  Ignored.
### build\compilers\GC\3.0a5.2\mwldeppc.exe Linker Warning:
#   FORCEACTIVE symbol 'lbl_41_data_BD78' is either not a global symbol or 
#   doesn't exist.  Ignored.
### build\compilers\GC\3.0a5.2\mwldeppc.exe Linker Warning:
#   FORCEACTIVE symbol 'lbl_41_data_C050' is either not a global symbol or 
#   doesn't exist.  Ignored.
### build\compilers\GC\3.0a5.2\mwldeppc.exe Linker Warning:
#   FORCEACTIVE symbol 'lbl_41_data_C064' is either not a global symbol or 
#   doesn't exist.  Ignored.
### build\compilers\GC\3.0a5.2\mwldeppc.exe Linker Warning:
#   FORCEACTIVE symbol 'lbl_41_data_D0A8' is either not a global symbol or 
#   doesn't exist.  Ignored.
### build\compilers\GC\3.0a5.2\mwldeppc.exe Linker Warning:
#   FORCEACTIVE symbol 'lbl_41_data_D0BC' is either not a global symbol or 
#   doesn't exist.  Ignored.
### build\compilers\GC\3.0a5.2\mwldeppc.exe Linker Warning:
#   FORCEACTIVE symbol 'lbl_41_data_E498' is either not a global symbol or 
#   doesn't exist.  Ignored.
### build\compilers\GC\3.0a5.2\mwldeppc.exe Linker Warning:
#   FORCEACTIVE symbol 'lbl_41_data_E4B4' is either not a global symbol or 
#   doesn't exist.  Ignored.
### build\compilers\GC\3.0a5.2\mwldeppc.exe Linker Warning:
#   FORCEACTIVE symbol 'lbl_41_data_EFAC' is either not a global symbol or 
#   doesn't exist.  Ignored.
### build\compilers\GC\3.0a5.2\mwldeppc.exe Linker Warning:
#   FORCEACTIVE symbol 'lbl_41_data_EFC4' is either not a global symbol or 
#   doesn't exist.  Ignored.
### build\compilers\GC\3.0a5.2\mwldeppc.exe Linker Warning:
#   FORCEACTIVE symbol 'lbl_41_data_F278' is either not a global symbol or 
#   doesn't exist.  Ignored.
### build\compilers\GC\3.0a5.2\mwldeppc.exe Linker Warning:
#   FORCEACTIVE symbol 'lbl_41_data_F290' is either not a global symbol or 
#   doesn't exist.  Ignored.
### build\compilers\GC\3.0a5.2\mwldeppc.exe Linker Warning:
#   FORCEACTIVE symbol 'lbl_41_data_F54C' is either not a global symbol or 
#   doesn't exist.  Ignored.
### build\compilers\GC\3.0a5.2\mwldeppc.exe Linker Warning:
#   FORCEACTIVE symbol 'lbl_41_data_F564' is either not a global symbol or 
#   doesn't exist.  Ignored.
### build\compilers\GC\3.0a5.2\mwldeppc.exe Linker Warning:
#   FORCEACTIVE symbol 'lbl_41_data_F7FC' is either not a global symbol or 
#   doesn't exist.  Ignored.
### build\compilers\GC\3.0a5.2\mwldeppc.exe Linker Warning:
#   FORCEACTIVE symbol 'lbl_41_data_F814' is either not a global symbol or 
#   doesn't exist.  Ignored.
### build\compilers\GC\3.0a5.2\mwldeppc.exe Linker Warning:
#   FORCEACTIVE symbol 'lbl_41_data_FAAC' is either not a global symbol or 
#   doesn't exist.  Ignored.
### build\compilers\GC\3.0a5.2\mwldeppc.exe Linker Warning:
#   FORCEACTIVE symbol 'lbl_41_data_FAC4' is either not a global symbol or 
#   doesn't exist.  Ignored.
### build\compilers\GC\3.0a5.2\mwldeppc.exe Linker Warning:
#   FORCEACTIVE symbol 'lbl_41_data_10400' is either not a global symbol or 
#   doesn't exist.  Ignored.
### build\compilers\GC\3.0a5.2\mwldeppc.exe Linker Warning:
#   FORCEACTIVE symbol 'lbl_41_data_10414' is either not a global symbol or 
#   doesn't exist.  Ignored.
### build\compilers\GC\3.0a5.2\mwldeppc.exe Linker Warning:
#   FORCEACTIVE symbol 'lbl_41_data_11140' is either not a global symbol or 
#   doesn't exist.  Ignored.
### build\compilers\GC\3.0a5.2\mwldeppc.exe Linker Warning:
#   FORCEACTIVE symbol 'lbl_41_data_1115C' is either not a global symbol or 
#   doesn't exist.  Ignored.
### build\compilers\GC\3.0a5.2\mwldeppc.exe Linker Warning:
#   FORCEACTIVE symbol 'lbl_41_data_11BBC' is either not a global symbol or 
#   doesn't exist.  Ignored.
### build\compilers\GC\3.0a5.2\mwldeppc.exe Linker Warning:
#   FORCEACTIVE symbol 'lbl_41_data_11BD4' is either not a global symbol or 
#   doesn't exist.  Ignored.
### build\compilers\GC\3.0a5.2\mwldeppc.exe Linker Warning:
#   FORCEACTIVE symbol 'lbl_41_data_12838' is either not a global symbol or 
#   doesn't exist.  Ignored.
### build\compilers\GC\3.0a5.2\mwldeppc.exe Linker Warning:
#   FORCEACTIVE symbol 'lbl_41_data_12850' is either not a global symbol or 
#   doesn't exist.  Ignored.
### build\compilers\GC\3.0a5.2\mwldeppc.exe Linker Warning:
#   FORCEACTIVE symbol 'lbl_41_data_12B30' is either not a global symbol or 
#   doesn't exist.  Ignored.
### build\compilers\GC\3.0a5.2\mwldeppc.exe Linker Warning:
#   FORCEACTIVE symbol 'lbl_41_data_12B48' is either not a global symbol or 
#   doesn't exist.  Ignored.
### build\compilers\GC\3.0a5.2\mwldeppc.exe Linker Warning:
#   FORCEACTIVE symbol 'lbl_41_data_12DE4' is either not a global symbol or 
#   doesn't exist.  Ignored.
### build\compilers\GC\3.0a5.2\mwldeppc.exe Linker Warning:
#   FORCEACTIVE symbol 'lbl_41_data_12DFC' is either not a global symbol or 
#   doesn't exist.  Ignored.
### build\compilers\GC\3.0a5.2\mwldeppc.exe Linker Warning:
#   FORCEACTIVE symbol 'lbl_41_data_130C0' is either not a global symbol or 
#   doesn't exist.  Ignored.
### build\compilers\GC\3.0a5.2\mwldeppc.exe Linker Warning:
#   FORCEACTIVE symbol 'lbl_41_data_130D8' is either not a global symbol or 
#   doesn't exist.  Ignored.
### build\compilers\GC\3.0a5.2\mwldeppc.exe Linker Warning:
#   FORCEACTIVE symbol 'lbl_41_data_13390' is either not a global symbol or 
#   doesn't exist.  Ignored.
### build\compilers\GC\3.0a5.2\mwldeppc.exe Linker Warning:
#   FORCEACTIVE symbol 'lbl_41_data_133A8' is either not a global symbol or 
#   doesn't exist.  Ignored.
### build\compilers\GC\3.0a5.2\mwldeppc.exe Linker Warning:
#   FORCEACTIVE symbol 'lbl_41_data_1366C' is either not a global symbol or 
#   doesn't exist.  Ignored.
### build\compilers\GC\3.0a5.2\mwldeppc.exe Linker Warning:
#   FORCEACTIVE symbol 'lbl_41_data_13680' is either not a global symbol or 
#   doesn't exist.  Ignored.
### build\compilers\GC\3.0a5.2\mwldeppc.exe Linker Warning:
#   FORCEACTIVE symbol 'lbl_41_data_140D8' is either not a global symbol or 
#   doesn't exist.  Ignored.
### build\compilers\GC\3.0a5.2\mwldeppc.exe Linker Warning:
#   FORCEACTIVE symbol 'lbl_41_data_140F0' is either not a global symbol or 
#   doesn't exist.  Ignored.
### build\compilers\GC\3.0a5.2\mwldeppc.exe Linker Warning:
#   FORCEACTIVE symbol 'lbl_41_data_14B48' is either not a global symbol or 
#   doesn't exist.  Ignored.
### build\compilers\GC\3.0a5.2\mwldeppc.exe Linker Warning:
#   FORCEACTIVE symbol 'lbl_41_data_14B60' is either not a global symbol or 
#   doesn't exist.  Ignored.
### build\compilers\GC\3.0a5.2\mwldeppc.exe Linker Warning:
#   FORCEACTIVE symbol 'lbl_41_data_15364' is either not a global symbol or 
#   doesn't exist.  Ignored.
### build\compilers\GC\3.0a5.2\mwldeppc.exe Linker Warning:
#   FORCEACTIVE symbol 'lbl_41_data_15380' is either not a global symbol or 
#   doesn't exist.  Ignored.
### build\compilers\GC\3.0a5.2\mwldeppc.exe Linker Warning:
#   FORCEACTIVE symbol 'lbl_41_data_15DC4' is either not a global symbol or 
#   doesn't exist.  Ignored.
### build\compilers\GC\3.0a5.2\mwldeppc.exe Linker Warning:
#   FORCEACTIVE symbol 'lbl_41_data_15DE0' is either not a global symbol or 
#   doesn't exist.  Ignored.
### build\compilers\GC\3.0a5.2\mwldeppc.exe Linker Warning:
#   FORCEACTIVE symbol 'lbl_41_data_16098' is either not a global symbol or 
#   doesn't exist.  Ignored.
### build\compilers\GC\3.0a5.2\mwldeppc.exe Linker Warning:
#   FORCEACTIVE symbol 'lbl_41_data_160B4' is either not a global symbol or 
#   doesn't exist.  Ignored.
### build\compilers\GC\3.0a5.2\mwldeppc.exe Linker Warning:
#   FORCEACTIVE symbol 'lbl_41_data_16FF4' is either not a global symbol or 
#   doesn't exist.  Ignored.
### build\compilers\GC\3.0a5.2\mwldeppc.exe Linker Warning:
#   FORCEACTIVE symbol 'lbl_41_data_1700C' is either not a global symbol or 
#   doesn't exist.  Ignored.
### build\compilers\GC\3.0a5.2\mwldeppc.exe Linker Warning:
#   FORCEACTIVE symbol 'lbl_41_data_17030' is either not a global symbol or 
#   doesn't exist.  Ignored.
### build\compilers\GC\3.0a5.2\mwldeppc.exe Linker Warning:
#   FORCEACTIVE symbol 'lbl_41_data_17050' is either not a global symbol or 
#   doesn't exist.  Ignored.
### build\compilers\GC\3.0a5.2\mwldeppc.exe Linker Warning:
#   FORCEACTIVE symbol 'lbl_41_data_17073' is either not a global symbol or 
#   doesn't exist.  Ignored.
### build\compilers\GC\3.0a5.2\mwldeppc.exe Linker Warning:
#   FORCEACTIVE symbol 'lbl_41_data_17092' is either not a global symbol or 
#   doesn't exist.  Ignored.
### build\compilers\GC\3.0a5.2\mwldeppc.exe Linker Warning:
#   FORCEACTIVE symbol 'lbl_41_data_1732C' is either not a global symbol or 
#   doesn't exist.  Ignored.
### build\compilers\GC\3.0a5.2\mwldeppc.exe Linker Warning:
#   FORCEACTIVE symbol 'lbl_41_data_17344' is either not a global symbol or 
#   doesn't exist.  Ignored.
### build\compilers\GC\3.0a5.2\mwldeppc.exe Linker Warning:
#   FORCEACTIVE symbol 'lbl_41_data_17C04' is either not a global symbol or 
#   doesn't exist.  Ignored.
### build\compilers\GC\3.0a5.2\mwldeppc.exe Linker Warning:
#   FORCEACTIVE symbol 'lbl_41_data_17C20' is either not a global symbol or 
#   doesn't exist.  Ignored.
### build\compilers\GC\3.0a5.2\mwldeppc.exe Linker Warning:
#   FORCEACTIVE symbol 'lbl_41_data_17EC4' is either not a global symbol or 
#   doesn't exist.  Ignored.
### build\compilers\GC\3.0a5.2\mwldeppc.exe Linker Warning:
#   FORCEACTIVE symbol 'lbl_41_data_17EE0' is either not a global symbol or 
#   doesn't exist.  Ignored.
### build\compilers\GC\3.0a5.2\mwldeppc.exe Linker Warning:
#   FORCEACTIVE symbol 'lbl_41_data_18984' is either not a global symbol or 
#   doesn't exist.  Ignored.
### build\compilers\GC\3.0a5.2\mwldeppc.exe Linker Warning:
#   FORCEACTIVE symbol 'lbl_41_data_1899C' is either not a global symbol or 
#   doesn't exist.  Ignored.
### build\compilers\GC\3.0a5.2\mwldeppc.exe Linker Warning:
#   FORCEACTIVE symbol 'lbl_41_data_18D14' is either not a global symbol or 
#   doesn't exist.  Ignored.
### build\compilers\GC\3.0a5.2\mwldeppc.exe Linker Warning:
#   FORCEACTIVE symbol 'lbl_41_data_18D2C' is either not a global symbol or 
#   doesn't exist.  Ignored.
### build\compilers\GC\3.0a5.2\mwldeppc.exe Linker Warning:
#   FORCEACTIVE symbol 'lbl_41_data_197D4' is either not a global symbol or 
#   doesn't exist.  Ignored.
### build\compilers\GC\3.0a5.2\mwldeppc.exe Linker Warning:
#   FORCEACTIVE symbol 'lbl_41_data_197EC' is either not a global symbol or 
#   doesn't exist.  Ignored.
### build\compilers\GC\3.0a5.2\mwldeppc.exe Linker Warning:
#   FORCEACTIVE symbol 'lbl_41_data_19810' is either not a global symbol or 
#   doesn't exist.  Ignored.
### build\compilers\GC\3.0a5.2\mwldeppc.exe Linker Warning:
#   FORCEACTIVE symbol 'lbl_41_data_19837' is either not a global symbol or 
#   doesn't exist.  Ignored.
### build\compilers\GC\3.0a5.2\mwldeppc.exe Linker Warning:
#   FORCEACTIVE symbol 'lbl_41_data_19862' is either not a global symbol or 
#   doesn't exist.  Ignored.
### build\compilers\GC\3.0a5.2\mwldeppc.exe Linker Warning:
#   FORCEACTIVE symbol 'lbl_41_data_1A7FC' is either not a global symbol or 
#   doesn't exist.  Ignored.
### build\compilers\GC\3.0a5.2\mwldeppc.exe Linker Warning:
#   FORCEACTIVE symbol 'lbl_41_data_1A810' is either not a global symbol or 
#   doesn't exist.  Ignored.
### build\compilers\GC\3.0a5.2\mwldeppc.exe Linker Warning:
#   FORCEACTIVE symbol 'lbl_41_data_1B3F0' is either not a global symbol or 
#   doesn't exist.  Ignored.
### build\compilers\GC\3.0a5.2\mwldeppc.exe Linker Warning:
#   FORCEACTIVE symbol 'lbl_41_data_1B408' is either not a global symbol or 
#   doesn't exist.  Ignored.
### build\compilers\GC\3.0a5.2\mwldeppc.exe Linker Warning:
#   FORCEACTIVE symbol 'lbl_41_data_1C71C' is either not a global symbol or 
#   doesn't exist.  Ignored.
### build\compilers\GC\3.0a5.2\mwldeppc.exe Linker Warning:
#   FORCEACTIVE symbol 'lbl_41_data_1C738' is either not a global symbol or 
#   doesn't exist.  Ignored.
### build\compilers\GC\3.0a5.2\mwldeppc.exe Linker Warning:
#   FORCEACTIVE symbol 'lbl_41_data_1CA9C' is either not a global symbol or 
#   doesn't exist.  Ignored.
### build\compilers\GC\3.0a5.2\mwldeppc.exe Linker Warning:
#   FORCEACTIVE symbol 'lbl_41_data_1CAB8' is either not a global symbol or 
#   doesn't exist.  Ignored.
### build\compilers\GC\3.0a5.2\mwldeppc.exe Linker Warning:
#   FORCEACTIVE symbol 'lbl_41_data_1DE9C' is either not a global symbol or 
#   doesn't exist.  Ignored.
### build\compilers\GC\3.0a5.2\mwldeppc.exe Linker Warning:
#   FORCEACTIVE symbol 'lbl_41_data_1DEB4' is either not a global symbol or 
#   doesn't exist.  Ignored.
### build\compilers\GC\3.0a5.2\mwldeppc.exe Linker Warning:
#   FORCEACTIVE symbol 'lbl_41_data_1DED8' is either not a global symbol or 
#   doesn't exist.  Ignored.
### build\compilers\GC\3.0a5.2\mwldeppc.exe Linker Warning:
#   FORCEACTIVE symbol 'lbl_41_data_1DF02' is either not a global symbol or 
#   doesn't exist.  Ignored.
### build\compilers\GC\3.0a5.2\mwldeppc.exe Linker Warning:
#   FORCEACTIVE symbol 'lbl_41_data_1DF32' is either not a global symbol or 
#   doesn't exist.  Ignored.
### build\compilers\GC\3.0a5.2\mwldeppc.exe Linker Warning:
#   FORCEACTIVE symbol 'lbl_41_data_1DF58' is either not a global symbol or 
#   doesn't exist.  Ignored.
### build\compilers\GC\3.0a5.2\mwldeppc.exe Linker Warning:
#   FORCEACTIVE symbol 'lbl_41_data_1EAC0' is either not a global symbol or 
#   doesn't exist.  Ignored.
### build\compilers\GC\3.0a5.2\mwldeppc.exe Linker Warning:
#   FORCEACTIVE symbol 'lbl_41_data_1EADC' is either not a global symbol or 
#   doesn't exist.  Ignored.
### build\compilers\GC\3.0a5.2\mwldeppc.exe Linker Warning:
#   FORCEACTIVE symbol 'lbl_41_data_1FE04' is either not a global symbol or 
#   doesn't exist.  Ignored.
### build\compilers\GC\3.0a5.2\mwldeppc.exe Linker Warning:
#   FORCEACTIVE symbol 'lbl_41_data_1FE20' is either not a global symbol or 
#   doesn't exist.  Ignored.
### build\compilers\GC\3.0a5.2\mwldeppc.exe Linker Warning:
#   FORCEACTIVE symbol 'lbl_41_bss_38' is either not a global symbol or 
#   doesn't exist.  Ignored.
### build\compilers\GC\3.0a5.2\mwldeppc.exe Linker Warning:
#   FORCEACTIVE symbol 'lbl_41_bss_260' is either not a global symbol or 
#   doesn't exist.  Ignored.
### build\compilers\GC\3.0a5.2\mwldeppc.exe Linker Warning:
#   FORCEACTIVE symbol 'lbl_41_bss_2A8' is either not a global symbol or 
#   doesn't exist.  Ignored.
### build\compilers\GC\3.0a5.2\mwldeppc.exe Linker Warning:
#   FORCEACTIVE symbol 'lbl_41_bss_2C0' is either not a global symbol or 
#   doesn't exist.  Ignored.
### build\compilers\GC\3.0a5.2\mwldeppc.exe Linker Warning:
#   FORCEACTIVE symbol 'lbl_41_bss_2D8' is either not a global symbol or 
#   doesn't exist.  Ignored.
### build\compilers\GC\3.0a5.2\mwldeppc.exe Linker Warning:
#   FORCEACTIVE symbol 'lbl_41_bss_2F0' is either not a global symbol or 
#   doesn't exist.  Ignored.
### build\compilers\GC\3.0a5.2\mwldeppc.exe Linker Warning:
#   FORCEACTIVE symbol 'lbl_41_bss_2FC' is either not a global symbol or 
#   doesn't exist.  Ignored.
### build\compilers\GC\3.0a5.2\mwldeppc.exe Linker Warning:
#   FORCEACTIVE symbol 'lbl_41_bss_318' is either not a global symbol or 
#   doesn't exist.  Ignored.
### build\compilers\GC\3.0a5.2\mwldeppc.exe Linker Warning:
#   FORCEACTIVE symbol 'lbl_41_bss_330' is either not a global symbol or 
#   doesn't exist.  Ignored.
### build\compilers\GC\3.0a5.2\mwldeppc.exe Linker Warning:
#   FORCEACTIVE symbol 'lbl_41_bss_348' is either not a global symbol or 
#   doesn't exist.  Ignored.
### build\compilers\GC\3.0a5.2\mwldeppc.exe Linker Warning:
#   FORCEACTIVE symbol 'lbl_41_bss_370' is either not a global symbol or 
#   doesn't exist.  Ignored.
### build\compilers\GC\3.0a5.2\mwldeppc.exe Linker Warning:
#   FORCEACTIVE symbol 'lbl_41_bss_388' is either not a global symbol or 
#   doesn't exist.  Ignored.
### build\compilers\GC\3.0a5.2\mwldeppc.exe Linker Warning:
#   FORCEACTIVE symbol 'lbl_41_bss_3A0' is either not a global symbol or 
#   doesn't exist.  Ignored.
### build\compilers\GC\3.0a5.2\mwldeppc.exe Linker Warning:
#   FORCEACTIVE symbol 'lbl_41_bss_3B8' is either not a global symbol or 
#   doesn't exist.  Ignored.
### build\compilers\GC\3.0a5.2\mwldeppc.exe Linker Warning:
#   FORCEACTIVE symbol 'lbl_41_bss_3D0' is either not a global symbol or 
#   doesn't exist.  Ignored.
### build\compilers\GC\3.0a5.2\mwldeppc.exe Linker Warning:
#   FORCEACTIVE symbol 'lbl_41_bss_3E8' is either not a global symbol or 
#   doesn't exist.  Ignored.
### build\compilers\GC\3.0a5.2\mwldeppc.exe Linker Warning:
#   FORCEACTIVE symbol 'lbl_41_bss_410' is either not a global symbol or 
#   doesn't exist.  Ignored.
### build\compilers\GC\3.0a5.2\mwldeppc.exe Linker Warning:
#   FORCEACTIVE symbol 'lbl_41_bss_428' is either not a global symbol or 
#   doesn't exist.  Ignored.
### build\compilers\GC\3.0a5.2\mwldeppc.exe Linker Warning:
#   FORCEACTIVE symbol 'lbl_41_bss_440' is either not a global symbol or 
#   doesn't exist.  Ignored.
### build\compilers\GC\3.0a5.2\mwldeppc.exe Linker Warning:
#   FORCEACTIVE symbol 'lbl_41_bss_458' is either not a global symbol or 
#   doesn't exist.  Ignored.
### build\compilers\GC\3.0a5.2\mwldeppc.exe Linker Warning:
#   FORCEACTIVE symbol 'lbl_41_bss_538' is either not a global symbol or 
#   doesn't exist.  Ignored.
### build\compilers\GC\3.0a5.2\mwldeppc.exe Linker Warning:
#   FORCEACTIVE symbol 'lbl_41_bss_550' is either not a global symbol or 
#   doesn't exist.  Ignored.
### build\compilers\GC\3.0a5.2\mwldeppc.exe Linker Warning:
#   FORCEACTIVE symbol 'lbl_41_bss_568' is either not a global symbol or 
#   doesn't exist.  Ignored.
### build\compilers\GC\3.0a5.2\mwldeppc.exe Linker Warning:
#   FORCEACTIVE symbol 'lbl_41_bss_580' is either not a global symbol or 
#   doesn't exist.  Ignored.
### build\compilers\GC\3.0a5.2\mwldeppc.exe Linker Warning:
#   FORCEACTIVE symbol 'lbl_41_bss_598' is either not a global symbol or 
#   doesn't exist.  Ignored.
### build\compilers\GC\3.0a5.2\mwldeppc.exe Linker Warning:
#   FORCEACTIVE symbol 'lbl_41_bss_5B0' is either not a global symbol or 
#   doesn't exist.  Ignored.
### build\compilers\GC\3.0a5.2\mwldeppc.exe Linker Warning:
#   FORCEACTIVE symbol 'lbl_41_bss_5C8' is either not a global symbol or 
#   doesn't exist.  Ignored.
### build\compilers\GC\3.0a5.2\mwldeppc.exe Linker Warning:
#   FORCEACTIVE symbol 'lbl_41_bss_5E0' is either not a global symbol or 
#   doesn't exist.  Ignored.
### build\compilers\GC\3.0a5.2\mwldeppc.exe Linker Warning:
#   FORCEACTIVE symbol 'lbl_41_bss_5F8' is either not a global symbol or 
#   doesn't exist.  Ignored.
### build\compilers\GC\3.0a5.2\mwldeppc.exe Linker Warning:
#   FORCEACTIVE symbol 'lbl_41_bss_610' is either not a global symbol or 
#   doesn't exist.  Ignored.
### build\compilers\GC\3.0a5.2\mwldeppc.exe Linker Warning:
#   FORCEACTIVE symbol 'lbl_41_bss_628' is either not a global symbol or 
#   doesn't exist.  Ignored.
### build\compilers\GC\3.0a5.2\mwldeppc.exe Linker Warning:
#   FORCEACTIVE symbol 'lbl_41_bss_634' is either not a global symbol or 
#   doesn't exist.  Ignored.
### build\compilers\GC\3.0a5.2\mwldeppc.exe Linker Warning:
#   FORCEACTIVE symbol 'lbl_41_bss_640' is either not a global symbol or 
#   doesn't exist.  Ignored.
### build\compilers\GC\3.0a5.2\mwldeppc.exe Linker Warning:
#   FORCEACTIVE symbol 'lbl_41_bss_668' is either not a global symbol or 
#   doesn't exist.  Ignored.
### build\compilers\GC\3.0a5.2\mwldeppc.exe Linker Warning:
#   FORCEACTIVE symbol 'lbl_41_bss_680' is either not a global symbol or 
#   doesn't exist.  Ignored.
### build\compilers\GC\3.0a5.2\mwldeppc.exe Linker Warning:
#   FORCEACTIVE symbol 'lbl_41_bss_698' is either not a global symbol or 
#   doesn't exist.  Ignored.
### build\compilers\GC\3.0a5.2\mwldeppc.exe Linker Warning:
#   FORCEACTIVE symbol 'lbl_41_bss_6B0' is either not a global symbol or 
#   doesn't exist.  Ignored.
### build\compilers\GC\3.0a5.2\mwldeppc.exe Linker Warning:
#   FORCEACTIVE symbol 'lbl_41_bss_6C8' is either not a global symbol or 
#   doesn't exist.  Ignored.
### build\compilers\GC\3.0a5.2\mwldeppc.exe Linker Warning:
#   FORCEACTIVE symbol 'lbl_41_bss_6E0' is either not a global symbol or 
#   doesn't exist.  Ignored.
### build\compilers\GC\3.0a5.2\mwldeppc.exe Linker Warning:
#   FORCEACTIVE symbol 'lbl_41_bss_6F8' is either not a global symbol or 
#   doesn't exist.  Ignored.
### build\compilers\GC\3.0a5.2\mwldeppc.exe Linker Warning:
#   FORCEACTIVE symbol 'lbl_41_bss_710' is either not a global symbol or 
#   doesn't exist.  Ignored.
### build\compilers\GC\3.0a5.2\mwldeppc.exe Linker Warning:
#   FORCEACTIVE symbol 'lbl_41_bss_728' is either not a global symbol or 
#   doesn't exist.  Ignored.
### build\compilers\GC\3.0a5.2\mwldeppc.exe Linker Warning:
#   FORCEACTIVE symbol 'lbl_41_bss_740' is either not a global symbol or 
#   doesn't exist.  Ignored.
### build\compilers\GC\3.0a5.2\mwldeppc.exe Linker Warning:
#   FORCEACTIVE symbol 'lbl_41_bss_758' is either not a global symbol or 
#   doesn't exist.  Ignored.
### build\compilers\GC\3.0a5.2\mwldeppc.exe Linker Warning:
#   FORCEACTIVE symbol 'lbl_41_bss_770' is either not a global symbol or 
#   doesn't exist.  Ignored.
### build\compilers\GC\3.0a5.2\mwldeppc.exe Linker Warning:
#   FORCEACTIVE symbol 'lbl_41_bss_788' is either not a global symbol or 
#   doesn't exist.  Ignored.
### build\compilers\GC\3.0a5.2\mwldeppc.exe Linker Warning:
#   FORCEACTIVE symbol 'lbl_41_bss_7A0' is either not a global symbol or 
#   doesn't exist.  Ignored.
### build\compilers\GC\3.0a5.2\mwldeppc.exe Linker Warning:
#   FORCEACTIVE symbol 'lbl_41_bss_7B8' is either not a global symbol or 
#   doesn't exist.  Ignored.
### build\compilers\GC\3.0a5.2\mwldeppc.exe Linker Warning:
#   FORCEACTIVE symbol 'lbl_41_bss_7D0' is either not a global symbol or 
#   doesn't exist.  Ignored.
### build\compilers\GC\3.0a5.2\mwldeppc.exe Linker Warning:
#   FORCEACTIVE symbol 'lbl_41_bss_7E8' is either not a global symbol or 
#   doesn't exist.  Ignored.
### build\compilers\GC\3.0a5.2\mwldeppc.exe Linker Warning:
#   FORCEACTIVE symbol 'lbl_41_bss_800' is either not a global symbol or 
#   doesn't exist.  Ignored.
### build\compilers\GC\3.0a5.2\mwldeppc.exe Linker Warning:
#   FORCEACTIVE symbol 'lbl_41_bss_818' is either not a global symbol or 
#   doesn't exist.  Ignored.
### build\compilers\GC\3.0a5.2\mwldeppc.exe Linker Warning:
#   FORCEACTIVE symbol 'lbl_41_bss_830' is either not a global symbol or 
#   doesn't exist.  Ignored.
### build\compilers\GC\3.0a5.2\mwldeppc.exe Linker Warning:
#   FORCEACTIVE symbol 'lbl_41_bss_848' is either not a global symbol or 
#   doesn't exist.  Ignored.
[401/479] LINK build\RSBE01_01\st_heal\st_heal.plf
### build\compilers\GC\3.0a5.2\mwldeppc.exe Linker Warning:
#   FORCEACTIVE symbol '__sinit_\st_heal_cpp' is either not a global symbol or 
#   doesn't exist.  Ignored.
### build\compilers\GC\3.0a5.2\mwldeppc.exe Linker Warning:
#   FORCEACTIVE symbol 'lbl_87_rodata_0' is either not a global symbol or 
#   doesn't exist.  Ignored.
### build\compilers\GC\3.0a5.2\mwldeppc.exe Linker Warning:
#   FORCEACTIVE symbol 'lbl_87_rodata_8' is either not a global symbol or 
#   doesn't exist.  Ignored.
### build\compilers\GC\3.0a5.2\mwldeppc.exe Linker Warning:
#   FORCEACTIVE symbol 'lbl_87_rodata_10' is either not a global symbol or 
#   doesn't exist.  Ignored.
### build\compilers\GC\3.0a5.2\mwldeppc.exe Linker Warning:
#   FORCEACTIVE symbol 'lbl_87_data_0' is either not a global symbol or 
#   doesn't exist.  Ignored.
### build\compilers\GC\3.0a5.2\mwldeppc.exe Linker Warning:
#   FORCEACTIVE symbol 'lbl_87_data_4' is either not a global symbol or 
#   doesn't exist.  Ignored.
### build\compilers\GC\3.0a5.2\mwldeppc.exe Linker Warning:
#   FORCEACTIVE symbol 'lbl_87_data_32C' is either not a global symbol or 
#   doesn't exist.  Ignored.
### build\compilers\GC\3.0a5.2\mwldeppc.exe Linker Warning:
#   FORCEACTIVE symbol 'lbl_87_data_334' is either not a global symbol or 
#   doesn't exist.  Ignored.
### build\compilers\GC\3.0a5.2\mwldeppc.exe Linker Warning:
#   FORCEACTIVE symbol 'lbl_87_data_360' is either not a global symbol or 
#   doesn't exist.  Ignored.
### build\compilers\GC\3.0a5.2\mwldeppc.exe Linker Warning:
#   FORCEACTIVE symbol 'lbl_87_data_368' is either not a global symbol or 
#   doesn't exist.  Ignored.
### build\compilers\GC\3.0a5.2\mwldeppc.exe Linker Warning:
#   FORCEACTIVE symbol 'lbl_87_data_390' is either not a global symbol or 
#   doesn't exist.  Ignored.
### build\compilers\GC\3.0a5.2\mwldeppc.exe Linker Warning:
#   FORCEACTIVE symbol 'lbl_87_data_3A0' is either not a global symbol or 
#   doesn't exist.  Ignored.
### build\compilers\GC\3.0a5.2\mwldeppc.exe Linker Warning:
#   FORCEACTIVE symbol 'lbl_87_data_3C0' is either not a global symbol or 
#   doesn't exist.  Ignored.
### build\compilers\GC\3.0a5.2\mwldeppc.exe Linker Warning:
#   FORCEACTIVE symbol 'lbl_87_data_3C8' is either not a global symbol or 
#   doesn't exist.  Ignored.
### build\compilers\GC\3.0a5.2\mwldeppc.exe Linker Warning:
#   FORCEACTIVE symbol 'lbl_87_data_3E0' is either not a global symbol or 
#   doesn't exist.  Ignored.
### build\compilers\GC\3.0a5.2\mwldeppc.exe Linker Warning:
#   FORCEACTIVE symbol 'lbl_87_data_404' is either not a global symbol or 
#   doesn't exist.  Ignored.
### build\compilers\GC\3.0a5.2\mwldeppc.exe Linker Warning:
#   FORCEACTIVE symbol 'lbl_87_data_420' is either not a global symbol or 
#   doesn't exist.  Ignored.
### build\compilers\GC\3.0a5.2\mwldeppc.exe Linker Warning:
#   FORCEACTIVE symbol 'lbl_87_data_438' is either not a global symbol or 
#   doesn't exist.  Ignored.
### build\compilers\GC\3.0a5.2\mwldeppc.exe Linker Warning:
#   FORCEACTIVE symbol 'lbl_87_bss_8' is either not a global symbol or doesn't 
#   exist.  Ignored.
[402/479] LINK build\RSBE01_01\st_dxzebes\st_dxzebes.plf
[403/479] LINK build\RSBE01_01\st_tbreak\st_tbreak.plf
### build\compilers\GC\3.0a5.2\mwldeppc.exe Linker Warning:
#   FORCEACTIVE symbol 'lbl_89_rodata_A0' is either not a global symbol or 
#   doesn't exist.  Ignored.
### build\compilers\GC\3.0a5.2\mwldeppc.exe Linker Warning:
#   FORCEACTIVE symbol 'lbl_89_data_EB0' is either not a global symbol or 
#   doesn't exist.  Ignored.
### build\compilers\GC\3.0a5.2\mwldeppc.exe Linker Warning:
#   FORCEACTIVE symbol 'lbl_89_data_EC0' is either not a global symbol or 
#   doesn't exist.  Ignored.
### build\compilers\GC\3.0a5.2\mwldeppc.exe Linker Warning:
#   FORCEACTIVE symbol 'lbl_89_data_EF8' is either not a global symbol or 
#   doesn't exist.  Ignored.
### build\compilers\GC\3.0a5.2\mwldeppc.exe Linker Warning:
#   FORCEACTIVE symbol 'lbl_89_data_F00' is either not a global symbol or 
#   doesn't exist.  Ignored.
### build\compilers\GC\3.0a5.2\mwldeppc.exe Linker Warning:
#   FORCEACTIVE symbol 'lbl_89_data_F0C' is either not a global symbol or 
#   doesn't exist.  Ignored.
### build\compilers\GC\3.0a5.2\mwldeppc.exe Linker Warning:
#   FORCEACTIVE symbol 'lbl_89_data_F38' is either not a global symbol or 
#   doesn't exist.  Ignored.
### build\compilers\GC\3.0a5.2\mwldeppc.exe Linker Warning:
#   FORCEACTIVE symbol 'lbl_89_data_F40' is either not a global symbol or 
#   doesn't exist.  Ignored.
### build\compilers\GC\3.0a5.2\mwldeppc.exe Linker Warning:
#   FORCEACTIVE symbol 'lbl_89_data_F50' is either not a global symbol or 
#   doesn't exist.  Ignored.
### build\compilers\GC\3.0a5.2\mwldeppc.exe Linker Warning:
#   FORCEACTIVE symbol 'lbl_89_data_F78' is either not a global symbol or 
#   doesn't exist.  Ignored.
[404/479] LINK build\RSBE01_01\st_homerun\st_homerun.plf
[405/479] LINK build\RSBE01_01\st_croll\st_croll.plf
[406/479] LINK build\RSBE01_01\ft_mario\ft_mario.plf
[407/479] LINK build\RSBE01_01\st_stageedit\st_stageedit.plf
[408/479] LINK build\RSBE01_01\ft_yoshi\ft_yoshi.plf
[409/479] LINK build\RSBE01_01\ft_donkey\ft_donkey.plf
[410/479] LINK build\RSBE01_01\ft_fox\ft_fox.plf
[411/479] LINK build\RSBE01_01\ft_pikachu\ft_pikachu.plf
[412/479] LINK build\RSBE01_01\st_dxpstadium\st_dxpstadium.plf
[413/479] LINK build\RSBE01_01\ft_luigi\ft_luigi.plf
[414/479] LINK build\RSBE01_01\ft_link\ft_link.plf
[415/479] LINK build\RSBE01_01\ft_captain\ft_captain.plf
[416/479] LINK build\RSBE01_01\ft_koopa\ft_koopa.plf
[417/479] LINK build\RSBE01_01\ft_kirby\ft_kirby.plf
[418/479] LINK build\RSBE01_01\ft_peach\ft_peach.plf
[419/479] LINK build\RSBE01_01\ft_samus\ft_samus.plf
[420/479] LINK build\RSBE01_01\ft_ness\ft_ness.plf
[421/479] LINK build\RSBE01_01\ft_zelda\ft_zelda.plf
[422/479] LINK build\RSBE01_01\ft_marth\ft_marth.plf
[423/479] LINK build\RSBE01_01\ft_falco\ft_falco.plf
[424/479] LINK build\RSBE01_01\ft_gamewatch\ft_gamewatch.plf
[425/479] LINK build\RSBE01_01\ft_iceclimber\ft_iceclimber.plf
[426/479] LINK build\RSBE01_01\ft_ganon\ft_ganon.plf
[427/479] LINK build\RSBE01_01\ft_poke\ft_poke.plf
[428/479] LINK build\RSBE01_01\ft_pit\ft_pit.plf
[429/479] LINK build\RSBE01_01\ft_lucas\ft_lucas.plf
[430/479] LINK build\RSBE01_01\ft_metaknight\ft_metaknight.plf
[431/479] LINK build\RSBE01_01\ft_lucario\ft_lucario.plf
[432/479] LINK build\RSBE01_01\ft_diddy\ft_diddy.plf
[433/479] LINK build\RSBE01_01\ft_robot\ft_robot.plf
[434/479] LINK build\RSBE01_01\ft_purin\ft_purin.plf
[435/479] LINK build\RSBE01_01\ft_toonlink\ft_toonlink.plf
[436/479] LINK build\RSBE01_01\ft_dedede\ft_dedede.plf
[437/479] LINK build\RSBE01_01\ft_wolf\ft_wolf.plf
[438/479] LINK build\RSBE01_01\ft_sonic\ft_sonic.plf
[439/479] LINK build\RSBE01_01\ft_snake\ft_snake.plf
[440/479] LINK build\RSBE01_01\ft_wario\ft_wario.plf
[441/479] LINK build\RSBE01_01\ft_ike\ft_ike.plf
[442/479] LINK build\RSBE01_01\ft_pikmin\ft_pikmin.plf
[443/479] LINK build\RSBE01_01\ft_zako\ft_zako.plf
[444/479] MWCC build\RSBE01_01\src\sora\gf\gf_task_scheduler.o
[445/479] MWCC build\RSBE01_01\src\sora\mt\mt_trig.o
[446/479] MWCC build\RSBE01_01\src\sora\mt\mt_vector_old.o
[447/479] MWCC build\RSBE01_01\src\sora\cm\cm_controller_menu_pad.o
[448/479] MWCC build\RSBE01_01\src\sora\ip\ip_network_producer.o
[449/479] MWCC build\RSBE01_01\src\mo_scene\sora_scene\sc_adv_gameover.o
[450/479] MWCC build\RSBE01_01\src\sora\ut\ut_relocate.o
[451/479] MWCC build\RSBE01_01\src\sora\nt\nt_report.o
[452/479] MWCC build\RSBE01_01\src\sora\nt\nt_send.o
[453/479] MWCC build\RSBE01_01\src\mo_fighter\ft_marth\ft_marth_status_uniq_process_special_s.o
[454/479] MWCC build\RSBE01_01\src\mo_fighter\ft_marth\ft_marth.o
[455/479] MWCC build\RSBE01_01\src\mo_fighter\ft_marth\ft_marth_status_uniq_process_special_hi.o
[456/479] MWCC build\RSBE01_01\src\sora\ty\ty_fig_listmng.o
[457/479] MWCC build\RSBE01_01\src\sora\ac\ac_cmd_interpreter.o
[458/479] MWCC build\RSBE01_01\src\mo_fighter\ft_marth\ft_marth_status_uniq_process_special_lw.o
[459/479] MWCC build\RSBE01_01\src\mo_fighter\ft_marth\ft_marth_status_uniq_process_special_final.o
[460/479] MWCC build\RSBE01_01\src\mo_fighter\ft_marth\if_marth_final.o
[461/479] LINK build\RSBE01_01\sora_melee\sora_melee.plf
### build\compilers\GC\3.0a5.2\mwldeppc.exe Linker Warning:
#   FORCEACTIVE symbol '__sinit_\so_general_work_cpp' is either not a global 
#   symbol or doesn't exist.  Ignored.
### build\compilers\GC\3.0a5.2\mwldeppc.exe Linker Warning:
#   FORCEACTIVE symbol '__sinit_\so_general_work_abstract_cpp' is either not a 
#   global symbol or doesn't exist.  Ignored.
### build\compilers\GC\3.0a5.2\mwldeppc.exe Linker Warning:
#   FORCEACTIVE symbol '__sinit_\so_general_work_simple_cpp' is either not a 
#   global symbol or doesn't exist.  Ignored.
### build\compilers\GC\3.0a5.2\mwldeppc.exe Linker Warning:
#   FORCEACTIVE symbol '__sinit_\so_common_data_accesser_cpp' is either not a 
#   global symbol or doesn't exist.  Ignored.
### build\compilers\GC\3.0a5.2\mwldeppc.exe Linker Warning:
#   FORCEACTIVE symbol '__sinit_\mo_melee_cpp' is either not a global symbol 
#   or doesn't exist.  Ignored.
### build\compilers\GC\3.0a5.2\mwldeppc.exe Linker Warning:
#   FORCEACTIVE symbol 'lbl_27_rodata_318' is either not a global symbol or 
#   doesn't exist.  Ignored.
### build\compilers\GC\3.0a5.2\mwldeppc.exe Linker Warning:
#   FORCEACTIVE symbol 'lbl_27_rodata_31C' is either not a global symbol or 
#   doesn't exist.  Ignored.
### build\compilers\GC\3.0a5.2\mwldeppc.exe Linker Warning:
#   FORCEACTIVE symbol 'lbl_27_rodata_360' is either not a global symbol or 
#   doesn't exist.  Ignored.
### build\compilers\GC\3.0a5.2\mwldeppc.exe Linker Warning:
#   FORCEACTIVE symbol 'lbl_27_rodata_364' is either not a global symbol or 
#   doesn't exist.  Ignored.
### build\compilers\GC\3.0a5.2\mwldeppc.exe Linker Warning:
#   FORCEACTIVE symbol 'lbl_27_rodata_368' is either not a global symbol or 
#   doesn't exist.  Ignored.
### build\compilers\GC\3.0a5.2\mwldeppc.exe Linker Warning:
#   FORCEACTIVE symbol 'lbl_27_rodata_748' is either not a global symbol or 
#   doesn't exist.  Ignored.
### build\compilers\GC\3.0a5.2\mwldeppc.exe Linker Warning:
#   FORCEACTIVE symbol 'lbl_27_rodata_74C' is either not a global symbol or 
#   doesn't exist.  Ignored.
### build\compilers\GC\3.0a5.2\mwldeppc.exe Linker Warning:
#   FORCEACTIVE symbol 'lbl_27_rodata_C10' is either not a global symbol or 
#   doesn't exist.  Ignored.
### build\compilers\GC\3.0a5.2\mwldeppc.exe Linker Warning:
#   FORCEACTIVE symbol 'lbl_27_rodata_C18' is either not a global symbol or 
#   doesn't exist.  Ignored.
### build\compilers\GC\3.0a5.2\mwldeppc.exe Linker Warning:
#   FORCEACTIVE symbol 'lbl_27_rodata_C20' is either not a global symbol or 
#   doesn't exist.  Ignored.
### build\compilers\GC\3.0a5.2\mwldeppc.exe Linker Warning:
#   FORCEACTIVE symbol 'lbl_27_rodata_26A8' is either not a global symbol or 
#   doesn't exist.  Ignored.
### build\compilers\GC\3.0a5.2\mwldeppc.exe Linker Warning:
#   FORCEACTIVE symbol 'lbl_27_rodata_26AC' is either not a global symbol or 
#   doesn't exist.  Ignored.
### build\compilers\GC\3.0a5.2\mwldeppc.exe Linker Warning:
#   FORCEACTIVE symbol 'lbl_27_data_7D0' is either not a global symbol or 
#   doesn't exist.  Ignored.
### build\compilers\GC\3.0a5.2\mwldeppc.exe Linker Warning:
#   FORCEACTIVE symbol 'lbl_27_data_C14' is either not a global symbol or 
#   doesn't exist.  Ignored.
### build\compilers\GC\3.0a5.2\mwldeppc.exe Linker Warning:
#   FORCEACTIVE symbol 'lbl_27_data_C30' is either not a global symbol or 
#   doesn't exist.  Ignored.
### build\compilers\GC\3.0a5.2\mwldeppc.exe Linker Warning:
#   FORCEACTIVE symbol 'lbl_27_data_6004' is either not a global symbol or 
#   doesn't exist.  Ignored.
### build\compilers\GC\3.0a5.2\mwldeppc.exe Linker Warning:
#   FORCEACTIVE symbol 'lbl_27_data_6020' is either not a global symbol or 
#   doesn't exist.  Ignored.
### build\compilers\GC\3.0a5.2\mwldeppc.exe Linker Warning:
#   FORCEACTIVE symbol 'lbl_27_data_734C' is either not a global symbol or 
#   doesn't exist.  Ignored.
### build\compilers\GC\3.0a5.2\mwldeppc.exe Linker Warning:
#   FORCEACTIVE symbol 'lbl_27_data_7360' is either not a global symbol or 
#   doesn't exist.  Ignored.
### build\compilers\GC\3.0a5.2\mwldeppc.exe Linker Warning:
#   FORCEACTIVE symbol 'lbl_27_data_7380' is either not a global symbol or 
#   doesn't exist.  Ignored.
### build\compilers\GC\3.0a5.2\mwldeppc.exe Linker Warning:
#   FORCEACTIVE symbol 'lbl_27_data_7390' is either not a global symbol or 
#   doesn't exist.  Ignored.
### build\compilers\GC\3.0a5.2\mwldeppc.exe Linker Warning:
#   FORCEACTIVE symbol 'lbl_27_data_78B0' is either not a global symbol or 
#   doesn't exist.  Ignored.
### build\compilers\GC\3.0a5.2\mwldeppc.exe Linker Warning:
#   FORCEACTIVE symbol 'lbl_27_data_8060' is either not a global symbol or 
#   doesn't exist.  Ignored.
### build\compilers\GC\3.0a5.2\mwldeppc.exe Linker Warning:
#   FORCEACTIVE symbol 'lbl_27_data_8078' is either not a global symbol or 
#   doesn't exist.  Ignored.
### build\compilers\GC\3.0a5.2\mwldeppc.exe Linker Warning:
#   FORCEACTIVE symbol 'lbl_27_data_80D0' is either not a global symbol or 
#   doesn't exist.  Ignored.
### build\compilers\GC\3.0a5.2\mwldeppc.exe Linker Warning:
#   FORCEACTIVE symbol 'lbl_27_data_80E4' is either not a global symbol or 
#   doesn't exist.  Ignored.
### build\compilers\GC\3.0a5.2\mwldeppc.exe Linker Warning:
#   FORCEACTIVE symbol 'lbl_27_data_13B08' is either not a global symbol or 
#   doesn't exist.  Ignored.
### build\compilers\GC\3.0a5.2\mwldeppc.exe Linker Warning:
#   FORCEACTIVE symbol 'lbl_27_data_13B0C' is either not a global symbol or 
#   doesn't exist.  Ignored.
### build\compilers\GC\3.0a5.2\mwldeppc.exe Linker Warning:
#   FORCEACTIVE symbol 'lbl_27_data_13B80' is either not a global symbol or 
#   doesn't exist.  Ignored.
### build\compilers\GC\3.0a5.2\mwldeppc.exe Linker Warning:
#   FORCEACTIVE symbol 'lbl_27_data_13B90' is either not a global symbol or 
#   doesn't exist.  Ignored.
### build\compilers\GC\3.0a5.2\mwldeppc.exe Linker Warning:
#   FORCEACTIVE symbol 'lbl_27_data_13BB0' is either not a global symbol or 
#   doesn't exist.  Ignored.
### build\compilers\GC\3.0a5.2\mwldeppc.exe Linker Warning:
#   FORCEACTIVE symbol 'lbl_27_data_13BC8' is either not a global symbol or 
#   doesn't exist.  Ignored.
### build\compilers\GC\3.0a5.2\mwldeppc.exe Linker Warning:
#   FORCEACTIVE symbol 'lbl_27_data_13CC0' is either not a global symbol or 
#   doesn't exist.  Ignored.
### build\compilers\GC\3.0a5.2\mwldeppc.exe Linker Warning:
#   FORCEACTIVE symbol 'lbl_27_data_13CD4' is either not a global symbol or 
#   doesn't exist.  Ignored.
### build\compilers\GC\3.0a5.2\mwldeppc.exe Linker Warning:
#   FORCEACTIVE symbol 'lbl_27_data_15470' is either not a global symbol or 
#   doesn't exist.  Ignored.
### build\compilers\GC\3.0a5.2\mwldeppc.exe Linker Warning:
#   FORCEACTIVE symbol 'lbl_27_data_1548C' is either not a global symbol or 
#   doesn't exist.  Ignored.
### build\compilers\GC\3.0a5.2\mwldeppc.exe Linker Warning:
#   FORCEACTIVE symbol 'lbl_27_data_154A0' is either not a global symbol or 
#   doesn't exist.  Ignored.
### build\compilers\GC\3.0a5.2\mwldeppc.exe Linker Warning:
#   FORCEACTIVE symbol 'lbl_27_data_29230' is either not a global symbol or 
#   doesn't exist.  Ignored.
### build\compilers\GC\3.0a5.2\mwldeppc.exe Linker Warning:
#   FORCEACTIVE symbol 'lbl_27_data_29240' is either not a global symbol or 
#   doesn't exist.  Ignored.
### build\compilers\GC\3.0a5.2\mwldeppc.exe Linker Warning:
#   FORCEACTIVE symbol 'lbl_27_data_2927C' is either not a global symbol or 
#   doesn't exist.  Ignored.
### build\compilers\GC\3.0a5.2\mwldeppc.exe Linker Warning:
#   FORCEACTIVE symbol 'lbl_27_data_29288' is either not a global symbol or 
#   doesn't exist.  Ignored.
### build\compilers\GC\3.0a5.2\mwldeppc.exe Linker Warning:
#   FORCEACTIVE symbol 'lbl_27_data_2BC00' is either not a global symbol or 
#   doesn't exist.  Ignored.
### build\compilers\GC\3.0a5.2\mwldeppc.exe Linker Warning:
#   FORCEACTIVE symbol 'lbl_27_data_2BC20' is either not a global symbol or 
#   doesn't exist.  Ignored.
### build\compilers\GC\3.0a5.2\mwldeppc.exe Linker Warning:
#   FORCEACTIVE symbol 'lbl_27_data_2BC68' is either not a global symbol or 
#   doesn't exist.  Ignored.
### build\compilers\GC\3.0a5.2\mwldeppc.exe Linker Warning:
#   FORCEACTIVE symbol 'lbl_27_data_2BC80' is either not a global symbol or 
#   doesn't exist.  Ignored.
### build\compilers\GC\3.0a5.2\mwldeppc.exe Linker Warning:
#   FORCEACTIVE symbol 'lbl_27_data_32AD8' is either not a global symbol or 
#   doesn't exist.  Ignored.
### build\compilers\GC\3.0a5.2\mwldeppc.exe Linker Warning:
#   FORCEACTIVE symbol 'lbl_27_data_32AF8' is either not a global symbol or 
#   doesn't exist.  Ignored.
### build\compilers\GC\3.0a5.2\mwldeppc.exe Linker Warning:
#   FORCEACTIVE symbol 'lbl_27_data_32BA4' is either not a global symbol or 
#   doesn't exist.  Ignored.
### build\compilers\GC\3.0a5.2\mwldeppc.exe Linker Warning:
#   FORCEACTIVE symbol 'lbl_27_data_32BB8' is either not a global symbol or 
#   doesn't exist.  Ignored.
### build\compilers\GC\3.0a5.2\mwldeppc.exe Linker Warning:
#   FORCEACTIVE symbol 'lbl_27_data_32BD0' is either not a global symbol or 
#   doesn't exist.  Ignored.
### build\compilers\GC\3.0a5.2\mwldeppc.exe Linker Warning:
#   FORCEACTIVE symbol 'lbl_27_data_4C748' is either not a global symbol or 
#   doesn't exist.  Ignored.
### build\compilers\GC\3.0a5.2\mwldeppc.exe Linker Warning:
#   FORCEACTIVE symbol 'lbl_27_data_4C758' is either not a global symbol or 
#   doesn't exist.  Ignored.
### build\compilers\GC\3.0a5.2\mwldeppc.exe Linker Warning:
#   FORCEACTIVE symbol 'lbl_27_bss_1B30' is either not a global symbol or 
#   doesn't exist.  Ignored.
### build\compilers\GC\3.0a5.2\mwldeppc.exe Linker Warning:
#   FORCEACTIVE symbol 'lbl_27_bss_1B58' is either not a global symbol or 
#   doesn't exist.  Ignored.
### build\compilers\GC\3.0a5.2\mwldeppc.exe Linker Warning:
#   FORCEACTIVE symbol 'lbl_27_bss_1B70' is either not a global symbol or 
#   doesn't exist.  Ignored.
### build\compilers\GC\3.0a5.2\mwldeppc.exe Linker Warning:
#   FORCEACTIVE symbol 'lbl_27_bss_2CD0' is either not a global symbol or 
#   doesn't exist.  Ignored.
### build\compilers\GC\3.0a5.2\mwldeppc.exe Linker Warning:
#   FORCEACTIVE symbol 'lbl_27_bss_5040' is either not a global symbol or 
#   doesn't exist.  Ignored.
### build\compilers\GC\3.0a5.2\mwldeppc.exe Linker Warning:
#   FORCEACTIVE symbol 'g_ftGroundConditionCheckerImpl' is either not a global 
#   symbol or doesn't exist.  Ignored.
### build\compilers\GC\3.0a5.2\mwldeppc.exe Linker Warning:
#   FORCEACTIVE symbol '@unnamed@mo_melee_cpp@::bss_loc_8cc0' is either not a 
#   global symbol or doesn't exist.  Ignored.
[462/479] MWCC build\RSBE01_01\src\mo_stage\st_battle\gr_battle_ground.o
[463/479] MWCC build\RSBE01_01\src\mo_stage\st_battle\gr_battle.o
[464/479] MWCC build\RSBE01_01\src\mo_enemy\sora_enemy\em_external_value_accesser.o
[465/479] MWCC build\RSBE01_01\src\mo_stage\st_kart\st_kart.o
[466/479] MWCC build\RSBE01_01\src\mo_stage\st_battle\st_battle.o
[467/479] MWCC build\RSBE01_01\src\mo_stage\st_tengan\gr_tengan_floor.o
[468/479] MWCC build\RSBE01_01\src\mo_stage\st_emblem\st_emblem.o
[469/479] MWCC build\RSBE01_01\src\mo_fighter\ft_purin\ft_purin.o
### mwcceppc.exe Compiler:
#      In: include\lib\BrawlHeaders\Brawl\Include\so\so_module_accesser_build_data.h
#    From: src\mo_fighter\ft_purin\ft_purin.cpp
# ---------------------------------------------
#      31:         return rect;  
# Warning:                    ^
#   (10326) function result is a pointer/reference to an automatic/temporary 
#   variable
[470/479] LINK build\RSBE01_01\main.elf
### build\compilers\GC\3.0a5.2\mwldeppc.exe Linker Warning:
#   FORCEACTIVE symbol '__sinit_\gf_shutdown_manager_cpp' is either not a 
#   global symbol or doesn't exist.  Ignored.
[471/479] DOL build\RSBE01_01\main.dol
[472/479] REL
[473/479] CHECK config\RSBE01_01\binary-manifest.json
127 files OK
OK: 127/127 binaries verified
[474/479] REPORT
[475/479] PROGRESS
Progress:
  All: 1.41% matched, 1.18% linked (524 / 4407 files)
    Code: 222712 / 15833548 bytes (2935 / 92523 functions)
    Data: 838420 / 5667464 bytes (14.79%)
  DOL: 1.37% matched, 0.85% linked (65 / 1722 files)
    Code: 57172 / 4170064 bytes (511 / 14278 functions)
    Data: 6720 / 1724104 bytes (0.39%)
  Modules: 1.42% matched, 1.29% linked (459 / 2685 files)
    Code: 165540 / 11663484 bytes (2424 / 78245 functions)
    Data: 831700 / 3943360 bytes (21.09%)
